sale_id,customer_id,sale_date,amount
1,2,1/4/2025 12:45:00,"$232,562.00"
2,3,1/5/2025 14:00:00,"$473,272.00"
3,7,1/13/2025 13:01:00,"$280,980.00"
4,15,1/12/2025 14:52:00,"$500,904.00"
5,17,1/8/2025 8:16:00,"$247,848.00"
6,19,1/4/2025 23:58:00,"$399,207.00"
7,20,1/4/2025 17:19:00,"$237,885.00"
8,28,1/1/2025 11:54:00,"$283,363.00"
9,31,1/8/2025 16:46:00,"$278,547.00"
10,33,1/7/2025 13:18:00,"$288,415.00"
11,39,1/9/2025 9:16:00,"$398,378.00"
12,40,1/9/2025 5:34:00,"$353,698.00"
13,42,1/9/2025 8:25:00,"$509,724.00"
14,43,1/8/2025 13:08:00,"$334,654.00"
15,44,1/5/2025 11:11:00,"$446,341.00"
16,57,1/14/2025 15:20:00,"$297,966.00"
17,59,1/2/2025 17:52:00,"$509,840.00"
18,62,1/8/2025 15:38:00,"$472,125.00"
19,63,1/13/2025 16:08:00,"$298,326.00"
20,64,1/8/2025 11:11:00,"$388,543.00"
21,66,1/10/2025 3:10:00,"$520,649.00"
22,69,1/11/2025 15:23:00,"$293,250.00"
23,72,1/4/2025 13:59:00,"$312,479.00"
24,76,1/6/2025 9:57:00,"$352,737.00"
25,81,1/7/2025 12:18:00,"$475,474.00"
26,84,1/2/2025 9:55:00,"$227,968.00"
27,87,1/3/2025 20:38:00,"$481,033.00"
28,91,1/4/2025 19:35:00,"$507,187.00"
29,94,1/7/2025 8:32:00,"$242,228.00"
30,101,1/5/2025 16:44:00,"$491,646.00"
31,103,1/8/2025 8:54:00,"$393,803.00"
32,104,1/11/2025 12:20:00,"$465,743.00"
33,116,1/14/2025 14:49:00,"$502,412.00"
34,117,1/5/2025 13:58:00,"$452,733.00"
35,134,1/9/2025 9:21:00,"$226,326.00"
36,138,1/9/2025 14:36:00,"$336,537.00"
37,141,1/8/2025 17:11:00,"$413,145.00"
38,142,1/6/2025 15:17:00,"$434,615.00"
39,151,1/9/2025 10:44:00,"$381,553.00"
40,156,1/11/2025 9:11:00,"$280,602.00"
41,160,1/7/2025 11:51:00,"$370,095.00"
42,161,1/4/2025 15:23:00,"$466,824.00"
43,163,1/6/2025 9:13:00,"$353,433.00"
44,167,1/18/2025 9:23:00,"$353,608.00"
45,172,1/9/2025 13:21:00,"$378,528.00"
46,176,1/2/2025 17:24:00,"$379,053.00"
47,184,1/9/2025 17:44:00,"$262,518.00"
48,198,1/7/2025 12:33:00,"$352,270.00"
49,199,1/7/2025 8:24:00,"$471,236.00"
50,201,1/6/2025 13:40:00,"$328,632.00"
51,203,1/8/2025 9:00:00,"$486,105.00"
52,206,1/6/2025 16:21:00,"$458,835.00"
53,208,1/5/2025 6:20:00,"$477,021.00"
54,211,1/11/2025 14:24:00,"$258,110.00"
55,218,1/4/2025 13:22:00,"$327,781.00"
56,223,1/6/2025 9:53:00,"$413,138.00"
57,224,1/6/2025 12:40:00,"$293,951.00"
58,226,1/7/2025 9:02:00,"$278,589.00"
59,232,1/6/2025 6:24:00,"$385,257.00"
60,233,1/9/2025 16:24:00,"$486,482.00"
61,237,1/7/2025 12:03:00,"$245,001.00"
62,239,1/6/2025 10:32:00,"$421,407.00"
63,242,1/6/2025 14:07:00,"$287,169.00"
64,244,1/6/2025 16:32:00,"$367,114.00"
65,245,1/13/2025 17:12:00,"$353,129.00"
66,246,1/8/2025 11:22:00,"$385,042.00"
67,247,1/6/2025 17:29:00,"$325,012.00"
68,254,1/14/2025 16:05:00,"$438,603.00"
69,258,1/2/2025 17:02:00,"$387,853.00"
70,260,1/7/2025 6:50:00,"$368,918.00"
71,267,1/14/2025 9:51:00,"$418,420.00"
72,272,1/11/2025 11:45:00,"$260,148.00"
73,276,1/5/2025 14:24:00,"$469,859.00"
74,278,1/12/2025 13:38:00,"$322,812.00"
75,279,1/11/2025 13:43:00,"$424,735.00"
76,283,1/4/2025 13:21:00,"$318,623.00"
77,284,1/7/2025 16:08:00,"$358,452.00"
78,286,1/11/2025 14:58:00,"$291,705.00"
79,291,1/9/2025 14:59:00,"$383,983.00"
80,292,1/4/2025 17:27:00,"$287,762.00"
81,297,1/12/2025 17:44:00,"$410,750.00"
82,300,1/8/2025 23:59:00,"$306,251.00"
83,301,1/11/2025 17:56:00,"$447,421.00"
84,303,1/12/2025 10:32:00,"$234,469.00"
85,305,1/16/2025 12:07:00,"$510,321.00"
86,307,1/8/2025 16:47:00,"$297,712.00"
87,308,1/3/2025 21:14:00,"$425,880.00"
88,315,1/8/2025 12:18:00,"$326,309.00"
89,322,1/4/2025 9:57:00,"$495,133.00"
90,324,1/4/2025 9:08:00,"$238,409.00"
91,329,1/8/2025 1:56:00,"$409,040.00"
92,330,1/4/2025 5:01:00,"$469,006.00"
93,335,1/14/2025 13:42:00,"$382,211.00"
94,344,1/9/2025 9:57:00,"$272,765.00"
95,345,1/9/2025 11:34:00,"$395,188.00"
96,355,1/8/2025 13:54:00,"$321,197.00"
97,361,1/12/2025 13:29:00,"$291,030.00"
98,364,1/5/2025 14:59:00,"$345,194.00"
99,366,1/19/2025 21:45:00,"$308,126.00"
100,369,1/11/2025 17:52:00,"$310,848.00"
101,375,1/6/2025 7:30:00,"$447,717.00"
102,387,1/13/2025 5:42:00,"$519,571.00"
103,390,1/7/2025 17:50:00,"$376,932.00"
104,394,1/7/2025 12:55:00,"$246,319.00"
105,401,1/9/2025 17:54:00,"$437,611.00"
106,405,1/11/2025 10:06:00,"$495,823.00"
107,406,1/15/2025 14:11:00,"$250,220.00"
108,409,1/9/2025 12:52:00,"$443,605.00"
109,411,1/7/2025 13:51:00,"$326,599.00"
110,418,1/15/2025 14:57:00,"$351,745.00"
111,420,1/4/2025 13:56:00,"$246,071.00"
112,423,1/14/2025 3:31:00,"$367,010.00"
113,427,1/6/2025 10:28:00,"$232,409.00"
114,429,1/4/2025 15:00:00,"$252,247.00"
115,434,1/11/2025 11:08:00,"$310,966.00"
116,436,1/19/2025 12:59:00,"$317,047.00"
117,443,1/12/2025 10:36:00,"$336,395.00"
118,449,1/11/2025 18:09:00,"$282,794.00"
119,458,1/13/2025 18:44:00,"$481,895.00"
120,462,1/16/2025 8:18:00,"$349,160.00"
121,464,1/16/2025 9:56:00,"$314,378.00"
122,469,1/18/2025 13:03:00,"$358,166.00"
123,471,1/6/2025 14:50:00,"$415,837.00"
124,472,1/13/2025 11:19:00,"$485,749.00"
125,477,1/6/2025 6:48:00,"$331,994.00"
126,482,1/11/2025 12:52:00,"$227,618.00"
127,487,1/9/2025 15:47:00,"$267,425.00"
128,488,1/12/2025 17:04:00,"$347,040.00"
129,491,1/11/2025 10:20:00,"$340,233.00"
130,494,1/15/2025 11:02:00,"$375,675.00"
131,496,1/5/2025 14:02:00,"$438,830.00"
132,500,1/8/2025 10:08:00,"$262,522.00"
133,501,1/9/2025 16:12:00,"$458,821.00"
134,504,1/16/2025 20:23:00,"$361,096.00"
135,505,1/5/2025 5:51:00,"$338,982.00"
136,508,1/16/2025 10:56:00,"$366,888.00"
137,510,1/7/2025 17:42:00,"$497,096.00"
138,512,1/18/2025 14:05:00,"$347,235.00"
139,514,1/9/2025 16:59:00,"$470,879.00"
140,515,1/13/2025 11:06:00,"$267,780.00"
141,523,1/11/2025 11:20:00,"$302,278.00"
142,526,1/4/2025 14:39:00,"$275,947.00"
143,527,1/15/2025 8:38:00,"$280,806.00"
144,533,1/15/2025 17:21:00,"$346,596.00"
145,534,1/9/2025 8:31:00,"$433,359.00"
146,544,1/18/2025 18:14:00,"$404,196.00"
147,547,1/13/2025 12:25:00,"$324,082.00"
148,548,1/16/2025 10:42:00,"$402,609.00"
149,552,1/10/2025 5:26:00,"$250,315.00"
150,560,1/11/2025 13:12:00,"$366,332.00"
151,562,1/8/2025 13:52:00,"$250,348.00"
152,569,1/11/2025 15:24:00,"$495,770.00"
153,579,1/8/2025 15:11:00,"$329,816.00"
154,580,1/12/2025 12:31:00,"$386,423.00"
155,581,1/15/2025 17:20:00,"$507,407.00"
156,586,1/9/2025 16:26:00,"$468,360.00"
157,596,1/7/2025 16:16:00,"$326,179.00"
158,602,1/9/2025 10:41:00,"$396,548.00"
159,604,1/10/2025 19:52:00,"$362,639.00"
160,606,1/12/2025 13:16:00,"$412,592.00"
161,607,1/15/2025 16:00:00,"$492,363.00"
162,611,1/9/2025 14:32:00,"$351,463.00"
163,612,1/12/2025 12:11:00,"$521,444.00"
164,615,1/7/2025 12:58:00,"$449,373.00"
165,618,1/8/2025 10:06:00,"$348,808.00"
166,619,1/12/2025 20:33:00,"$412,381.00"
167,621,1/6/2025 16:31:00,"$405,750.00"
168,622,1/14/2025 11:51:00,"$306,801.00"
169,625,1/12/2025 12:09:00,"$223,332.00"
170,629,1/11/2025 13:08:00,"$325,873.00"
171,632,1/11/2025 9:00:00,"$399,837.00"
172,640,1/9/2025 12:53:00,"$464,798.00"
173,647,1/14/2025 20:50:00,"$237,890.00"
174,649,1/8/2025 16:10:00,"$223,842.00"
175,651,1/12/2025 15:10:00,"$394,047.00"
176,653,1/13/2025 11:31:00,"$274,525.00"
177,658,1/6/2025 11:25:00,"$281,575.00"
178,674,1/10/2025 8:03:00,"$369,905.00"
179,677,1/5/2025 14:53:00,"$229,505.00"
180,679,1/16/2025 8:56:00,"$299,016.00"
181,680,1/20/2025 10:33:00,"$295,379.00"
182,689,1/8/2025 13:28:00,"$228,448.00"
183,692,1/13/2025 0:53:00,"$446,136.00"
184,694,1/9/2025 17:08:00,"$407,038.00"
185,700,1/16/2025 20:29:00,"$349,551.00"
186,707,1/12/2025 13:11:00,"$428,225.00"
187,709,1/12/2025 10:37:00,"$294,913.00"
188,714,1/15/2025 12:47:00,"$369,357.00"
189,715,1/14/2025 12:41:00,"$432,529.00"
190,718,1/11/2025 15:53:00,"$282,444.00"
191,721,1/8/2025 11:57:00,"$314,032.00"
192,722,1/6/2025 20:58:00,"$489,646.00"
193,728,1/8/2025 15:14:00,"$327,816.00"
194,729,1/8/2025 12:07:00,"$242,016.00"
195,731,1/9/2025 16:00:00,"$393,446.00"
196,736,1/13/2025 13:54:00,"$428,228.00"
197,740,1/9/2025 16:14:00,"$447,481.00"
198,741,1/9/2025 12:30:00,"$508,039.00"
199,742,1/16/2025 20:53:00,"$254,432.00"
200,744,1/7/2025 5:54:00,"$237,721.00"
201,746,1/14/2025 15:52:00,"$390,528.00"
202,748,1/8/2025 10:01:00,"$236,330.00"
203,749,1/16/2025 17:40:00,"$247,085.00"
204,753,1/11/2025 5:26:00,"$520,233.00"
205,764,1/11/2025 16:00:00,"$282,060.00"
206,765,1/14/2025 10:07:00,"$267,190.00"
207,766,1/9/2025 13:08:00,"$279,880.00"
208,769,1/15/2025 15:37:00,"$344,985.00"
209,772,1/7/2025 21:37:00,"$237,373.00"
210,773,1/7/2025 17:43:00,"$242,279.00"
211,774,1/13/2025 10:01:00,"$356,306.00"
212,777,1/18/2025 13:00:00,"$329,491.00"
213,779,1/15/2025 12:51:00,"$309,572.00"
214,785,1/8/2025 9:53:00,"$494,314.00"
215,788,1/16/2025 15:28:00,"$272,801.00"
216,789,1/14/2025 18:21:00,"$267,646.00"
217,794,1/15/2025 13:55:00,"$362,451.00"
218,795,1/14/2025 12:36:00,"$468,056.00"
219,797,1/11/2025 17:14:00,"$274,768.00"
220,798,1/21/2025 16:22:00,"$283,251.00"
221,803,1/16/2025 17:14:00,"$368,143.00"
222,810,1/6/2025 21:23:00,"$247,483.00"
223,813,1/12/2025 15:47:00,"$310,548.00"
224,814,1/9/2025 10:32:00,"$241,077.00"
225,821,1/16/2025 22:36:00,"$408,515.00"
226,832,1/9/2025 10:57:00,"$274,911.00"
227,841,1/11/2025 9:12:00,"$400,262.00"
228,851,1/20/2025 11:06:00,"$521,362.00"
229,856,1/7/2025 3:32:00,"$253,698.00"
230,860,1/9/2025 14:36:00,"$366,977.00"
231,865,1/14/2025 16:26:00,"$481,913.00"
232,869,1/18/2025 11:17:00,"$384,667.00"
233,873,1/11/2025 9:51:00,"$428,345.00"
234,887,1/16/2025 11:41:00,"$510,565.00"
235,889,1/15/2025 11:16:00,"$393,473.00"
236,904,1/14/2025 19:07:00,"$277,023.00"
237,905,1/13/2025 14:17:00,"$296,520.00"
238,908,1/16/2025 6:32:00,"$235,089.00"
239,913,1/17/2025 2:22:00,"$409,926.00"
240,920,1/14/2025 11:19:00,"$369,282.00"
241,921,1/8/2025 15:29:00,"$462,234.00"
242,925,1/14/2025 14:00:00,"$483,546.00"
243,927,1/16/2025 11:17:00,"$391,246.00"
244,933,1/11/2025 9:19:00,"$224,405.00"
245,939,1/13/2025 10:07:00,"$379,287.00"
246,940,1/9/2025 14:17:00,"$403,734.00"
247,941,1/9/2025 10:07:00,"$291,036.00"
248,947,1/11/2025 13:18:00,"$364,851.00"
249,948,1/14/2025 12:12:00,"$254,527.00"
250,955,1/20/2025 14:30:00,"$316,455.00"
251,956,1/11/2025 13:45:00,"$301,794.00"
252,957,1/11/2025 17:10:00,"$448,690.00"
253,958,1/14/2025 12:25:00,"$514,206.00"
254,959,1/15/2025 10:02:00,"$288,743.00"
255,960,1/7/2025 15:16:00,"$276,596.00"
256,964,1/14/2025 12:17:00,"$490,993.00"
257,973,1/14/2025 8:21:00,"$403,284.00"
258,974,1/10/2025 5:32:00,"$270,471.00"
259,976,1/14/2025 9:35:00,"$287,482.00"
260,980,1/9/2025 12:54:00,"$228,560.00"
261,982,1/8/2025 23:49:00,"$311,653.00"
262,983,1/19/2025 11:35:00,"$467,924.00"
263,987,1/15/2025 15:05:00,"$283,784.00"
264,989,1/12/2025 9:49:00,"$369,157.00"
265,995,1/16/2025 17:53:00,"$447,390.00"
266,1005,1/8/2025 6:15:00,"$339,666.00"
267,1010,1/16/2025 11:13:00,"$223,711.00"
268,1013,1/17/2025 0:53:00,"$404,406.00"
269,1016,1/8/2025 13:16:00,"$424,842.00"
270,1017,1/16/2025 16:02:00,"$298,660.00"
271,1022,1/12/2025 13:24:00,"$393,680.00"
272,1026,1/16/2025 10:37:00,"$501,051.00"
273,1030,1/11/2025 23:40:00,"$423,514.00"
274,1031,1/12/2025 11:32:00,"$506,734.00"
275,1033,1/18/2025 12:20:00,"$505,943.00"
276,1042,1/12/2025 13:45:00,"$224,020.00"
277,1044,1/7/2025 16:13:00,"$367,518.00"
278,1052,1/12/2025 10:29:00,"$266,333.00"
279,1057,1/19/2025 11:41:00,"$457,072.00"
280,1058,1/18/2025 11:50:00,"$412,205.00"
281,1062,1/11/2025 8:22:00,"$396,720.00"
282,1065,1/16/2025 13:16:00,"$361,669.00"
283,1068,1/18/2025 19:20:00,"$520,628.00"
284,1072,1/18/2025 5:57:00,"$467,121.00"
285,1073,1/12/2025 8:21:00,"$409,571.00"
286,1077,1/11/2025 14:53:00,"$283,294.00"
287,1078,1/16/2025 14:18:00,"$301,477.00"
288,1083,1/11/2025 12:44:00,"$384,888.00"
289,1099,1/20/2025 10:31:00,"$453,796.00"
290,1115,1/12/2025 11:12:00,"$436,576.00"
291,1116,1/17/2025 0:37:00,"$448,261.00"
292,1117,1/22/2025 9:09:00,"$351,091.00"
293,1118,1/12/2025 17:09:00,"$275,886.00"
294,1123,1/9/2025 9:04:00,"$421,020.00"
295,1127,1/16/2025 8:53:00,"$234,674.00"
296,1129,1/11/2025 15:13:00,"$283,722.00"
297,1131,1/15/2025 16:51:00,"$229,729.00"
298,1134,1/17/2025 15:09:00,"$225,370.00"
299,1136,1/11/2025 19:21:00,"$465,940.00"
300,1141,1/8/2025 12:04:00,"$223,957.00"
301,1142,1/12/2025 17:07:00,"$224,292.00"
302,1148,1/15/2025 20:31:00,"$361,691.00"
303,1150,1/15/2025 17:20:00,"$297,802.00"
304,1151,1/9/2025 13:24:00,"$326,816.00"
305,1154,1/11/2025 15:57:00,"$270,198.00"
306,1163,1/15/2025 9:35:00,"$292,579.00"
307,1166,1/15/2025 10:42:00,"$242,173.00"
308,1169,1/10/2025 4:46:00,"$227,678.00"
309,1172,1/18/2025 11:37:00,"$471,830.00"
310,1173,1/12/2025 10:11:00,"$355,135.00"
311,1174,1/15/2025 8:37:00,"$415,614.00"
312,1177,1/11/2025 19:51:00,"$320,214.00"
313,1179,1/10/2025 16:55:00,"$440,315.00"
314,1181,1/12/2025 15:25:00,"$306,419.00"
315,1188,1/12/2025 16:45:00,"$265,908.00"
316,1200,1/22/2025 16:41:00,"$255,469.00"
317,1201,1/13/2025 13:33:00,"$304,967.00"
318,1204,1/15/2025 0:31:00,"$403,906.00"
319,1210,1/20/2025 15:49:00,"$473,897.00"
320,1213,1/20/2025 9:28:00,"$411,121.00"
321,1215,1/15/2025 19:40:00,"$360,279.00"
322,1217,1/10/2025 11:13:00,"$286,838.00"
323,1221,1/15/2025 15:45:00,"$461,277.00"
324,1243,1/13/2025 9:19:00,"$301,936.00"
325,1245,1/14/2025 15:41:00,"$517,745.00"
326,1246,1/16/2025 16:47:00,"$447,297.00"
327,1253,1/11/2025 12:54:00,"$426,809.00"
328,1259,1/14/2025 17:34:00,"$314,793.00"
329,1286,1/13/2025 3:25:00,"$278,250.00"
330,1289,1/19/2025 14:24:00,"$412,466.00"
331,1293,1/18/2025 8:35:00,"$385,813.00"
332,1296,1/20/2025 16:55:00,"$225,469.00"
333,1306,1/14/2025 9:22:00,"$300,125.00"
334,1307,1/19/2025 11:10:00,"$466,634.00"
335,1312,1/18/2025 12:19:00,"$323,668.00"
336,1319,1/15/2025 13:32:00,"$241,402.00"
337,1320,1/14/2025 8:02:00,"$289,071.00"
338,1321,1/16/2025 14:18:00,"$362,464.00"
339,1323,1/13/2025 15:28:00,"$339,648.00"
340,1330,1/19/2025 15:25:00,"$436,696.00"
341,1337,1/13/2025 14:42:00,"$300,478.00"
342,1338,1/20/2025 14:38:00,"$460,676.00"
343,1343,1/11/2025 14:25:00,"$429,215.00"
344,1344,1/18/2025 13:15:00,"$317,746.00"
345,1351,1/12/2025 19:42:00,"$370,763.00"
346,1353,1/15/2025 19:35:00,"$521,847.00"
347,1359,1/16/2025 14:11:00,"$312,458.00"
348,1365,1/14/2025 9:44:00,"$514,845.00"
349,1367,1/14/2025 9:20:00,"$280,363.00"
350,1369,1/14/2025 0:08:00,"$366,217.00"
351,1370,1/12/2025 15:02:00,"$292,402.00"
352,1371,1/16/2025 20:33:00,"$387,272.00"
353,1372,1/14/2025 13:45:00,"$332,745.00"
354,1379,1/16/2025 1:17:00,"$246,615.00"
355,1387,1/16/2025 10:05:00,"$509,531.00"
356,1390,1/18/2025 2:36:00,"$305,029.00"
357,1393,1/13/2025 19:42:00,"$274,246.00"
358,1398,1/16/2025 11:57:00,"$430,867.00"
359,1400,1/12/2025 13:55:00,"$330,507.00"
360,1401,1/12/2025 9:35:00,"$413,331.00"
361,1403,1/16/2025 15:44:00,"$516,625.00"
362,1408,1/14/2025 12:04:00,"$261,384.00"
363,1411,1/25/2025 16:31:00,"$310,075.00"
364,1419,1/14/2025 13:18:00,"$331,552.00"
365,1423,1/13/2025 12:09:00,"$302,740.00"
366,1424,1/18/2025 20:19:00,"$294,524.00"
367,1427,1/15/2025 13:00:00,"$367,895.00"
368,1428,1/22/2025 7:39:00,"$496,396.00"
369,1433,1/11/2025 11:01:00,"$447,920.00"
370,1440,1/22/2025 16:50:00,"$501,923.00"
371,1442,1/13/2025 19:48:00,"$454,692.00"
372,1445,1/21/2025 3:39:00,"$359,955.00"
373,1449,1/22/2025 22:57:00,"$276,830.00"
374,1454,1/14/2025 16:51:00,"$510,251.00"
375,1456,1/12/2025 18:03:00,"$397,496.00"
376,1457,1/16/2025 16:45:00,"$500,387.00"
377,1460,1/11/2025 12:11:00,"$343,553.00"
378,1463,1/23/2025 12:31:00,"$301,281.00"
379,1467,1/11/2025 16:52:00,"$344,840.00"
380,1469,1/15/2025 9:53:00,"$276,878.00"
381,1479,1/18/2025 13:56:00,"$434,409.00"
382,1482,1/14/2025 17:41:00,"$257,793.00"
383,1489,1/19/2025 10:55:00,"$434,207.00"
384,1490,1/13/2025 11:12:00,"$238,182.00"
385,1492,1/14/2025 17:51:00,"$337,037.00"
386,1497,1/26/2025 12:15:00,"$249,669.00"
387,1505,1/19/2025 9:58:00,"$227,018.00"
388,1506,1/14/2025 13:20:00,"$378,048.00"
389,1511,1/19/2025 15:39:00,"$485,449.00"
390,1519,1/19/2025 16:06:00,"$320,360.00"
391,1520,1/19/2025 6:24:00,"$262,899.00"
392,1521,1/14/2025 9:29:00,"$513,922.00"
393,1528,1/18/2025 16:26:00,"$411,209.00"
394,1531,1/13/2025 13:04:00,"$468,729.00"
395,1536,1/21/2025 12:57:00,"$375,058.00"
396,1553,1/12/2025 12:25:00,"$504,513.00"
397,1561,1/11/2025 10:36:00,"$224,175.00"
398,1562,1/18/2025 14:06:00,"$430,390.00"
399,1563,1/15/2025 13:41:00,"$500,649.00"
400,1567,1/23/2025 0:36:00,"$521,781.00"
401,1573,1/20/2025 11:32:00,"$282,216.00"
402,1576,1/12/2025 23:34:00,"$272,867.00"
403,1577,1/18/2025 18:54:00,"$467,946.00"
404,1589,1/14/2025 11:26:00,"$397,044.00"
405,1593,1/21/2025 6:13:00,"$290,051.00"
406,1595,1/18/2025 15:18:00,"$295,171.00"
407,1600,1/25/2025 13:30:00,"$519,262.00"
408,1603,1/17/2025 2:01:00,"$497,964.00"
409,1607,1/21/2025 14:23:00,"$334,503.00"
410,1615,1/15/2025 15:12:00,"$446,759.00"
411,1617,1/18/2025 9:18:00,"$278,950.00"
412,1622,1/12/2025 21:31:00,"$375,128.00"
413,1623,1/15/2025 12:13:00,"$509,465.00"
414,1624,1/15/2025 17:45:00,"$416,752.00"
415,1628,1/18/2025 10:05:00,"$508,281.00"
416,1632,1/19/2025 19:59:00,"$302,649.00"
417,1635,1/21/2025 14:26:00,"$231,051.00"
418,1637,1/20/2025 11:06:00,"$236,459.00"
419,1645,1/21/2025 17:13:00,"$494,796.00"
420,1646,1/15/2025 12:29:00,"$397,657.00"
421,1651,1/21/2025 0:30:00,"$442,178.00"
422,1652,1/12/2025 12:59:00,"$338,550.00"
423,1653,1/21/2025 16:35:00,"$274,012.00"
424,1659,1/13/2025 11:59:00,"$407,194.00"
425,1663,1/16/2025 12:16:00,"$385,295.00"
426,1666,1/12/2025 11:02:00,"$452,686.00"
427,1668,1/11/2025 13:04:00,"$359,250.00"
428,1669,1/19/2025 15:12:00,"$280,618.00"
429,1670,1/16/2025 14:43:00,"$359,558.00"
430,1674,1/20/2025 14:11:00,"$509,620.00"
431,1679,1/13/2025 16:54:00,"$306,750.00"
432,1680,1/23/2025 10:08:00,"$387,019.00"
433,1682,1/19/2025 8:33:00,"$471,034.00"
434,1683,1/18/2025 15:40:00,"$472,697.00"
435,1684,1/15/2025 16:33:00,"$452,975.00"
436,1685,1/19/2025 22:04:00,"$431,834.00"
437,1686,1/20/2025 12:49:00,"$500,705.00"
438,1687,1/20/2025 6:40:00,"$242,082.00"
439,1689,1/19/2025 9:47:00,"$343,899.00"
440,1693,1/26/2025 14:38:00,"$340,829.00"
441,1694,1/18/2025 8:35:00,"$404,627.00"
442,1697,1/12/2025 18:55:00,"$427,803.00"
443,1698,1/15/2025 15:24:00,"$377,610.00"
444,1707,1/15/2025 13:40:00,"$406,037.00"
445,1708,1/23/2025 4:39:00,"$231,847.00"
446,1709,1/18/2025 7:29:00,"$237,447.00"
447,1710,1/16/2025 14:30:00,"$432,025.00"
448,1712,1/14/2025 22:48:00,"$339,322.00"
449,1713,1/14/2025 11:24:00,"$414,473.00"
450,1714,1/21/2025 21:14:00,"$304,507.00"
451,1724,1/13/2025 10:46:00,"$447,225.00"
452,1729,1/21/2025 12:09:00,"$228,803.00"
453,1730,1/16/2025 9:35:00,"$461,248.00"
454,1731,1/14/2025 12:11:00,"$411,122.00"
455,1736,1/20/2025 13:53:00,"$374,939.00"
456,1740,1/21/2025 14:40:00,"$412,593.00"
457,1743,1/18/2025 15:23:00,"$282,992.00"
458,1744,1/22/2025 9:42:00,"$471,643.00"
459,1748,1/18/2025 14:09:00,"$225,690.00"
460,1756,1/26/2025 16:22:00,"$380,029.00"
461,1759,1/15/2025 16:01:00,"$350,914.00"
462,1762,1/16/2025 13:56:00,"$454,102.00"
463,1764,1/22/2025 9:44:00,"$261,996.00"
464,1765,1/18/2025 15:08:00,"$312,264.00"
465,1767,1/18/2025 14:51:00,"$490,831.00"
466,1768,1/12/2025 11:54:00,"$292,246.00"
467,1777,1/19/2025 14:22:00,"$269,408.00"
468,1779,1/15/2025 16:52:00,"$362,644.00"
469,1780,1/15/2025 10:14:00,"$265,787.00"
470,1784,1/18/2025 10:14:00,"$396,890.00"
471,1786,1/24/2025 18:55:00,"$353,040.00"
472,1790,1/15/2025 14:08:00,"$352,226.00"
473,1792,1/20/2025 12:46:00,"$354,719.00"
474,1793,1/25/2025 17:44:00,"$419,670.00"
475,1795,1/15/2025 16:34:00,"$437,556.00"
476,1796,1/20/2025 12:23:00,"$300,706.00"
477,1799,1/23/2025 14:32:00,"$488,121.00"
478,1800,1/16/2025 14:38:00,"$494,635.00"
479,1802,1/23/2025 11:43:00,"$414,209.00"
480,1805,1/21/2025 11:11:00,"$506,534.00"
481,1812,1/20/2025 10:51:00,"$374,567.00"
482,1820,1/19/2025 16:13:00,"$223,007.00"
483,1822,1/18/2025 9:01:00,"$491,445.00"
484,1825,1/25/2025 17:43:00,"$280,835.00"
485,1830,1/15/2025 15:29:00,"$335,406.00"
486,1831,1/12/2025 16:32:00,"$379,955.00"
487,1843,1/26/2025 17:07:00,"$225,751.00"
488,1844,1/24/2025 18:10:00,"$330,653.00"
489,1847,1/21/2025 9:32:00,"$353,573.00"
490,1852,1/18/2025 17:55:00,"$414,074.00"
491,1856,1/16/2025 15:56:00,"$452,459.00"
492,1859,1/15/2025 17:11:00,"$273,152.00"
493,1862,1/21/2025 10:29:00,"$423,200.00"
494,1865,1/22/2025 10:02:00,"$463,809.00"
495,1872,1/23/2025 10:33:00,"$318,816.00"
496,1875,1/21/2025 14:36:00,"$459,486.00"
497,1878,1/15/2025 11:16:00,"$270,849.00"
498,1883,1/13/2025 12:34:00,"$428,463.00"
499,1895,1/23/2025 16:54:00,"$230,583.00"
500,1899,1/23/2025 17:57:00,"$247,012.00"
501,1907,1/23/2025 15:29:00,"$496,058.00"
502,1911,1/18/2025 13:33:00,"$223,623.00"
503,1912,1/15/2025 9:35:00,"$254,649.00"
504,1914,1/14/2025 11:12:00,"$269,151.00"
505,1916,1/15/2025 14:54:00,"$400,956.00"
506,1920,1/22/2025 13:32:00,"$501,025.00"
507,1923,1/20/2025 11:24:00,"$319,051.00"
508,1924,1/18/2025 14:53:00,"$358,229.00"
509,1930,1/25/2025 9:08:00,"$405,509.00"
510,1932,1/22/2025 11:44:00,"$223,625.00"
511,1933,1/21/2025 3:34:00,"$502,511.00"
512,1934,1/23/2025 11:00:00,"$518,031.00"
513,1936,1/16/2025 5:50:00,"$507,767.00"
514,1938,1/15/2025 11:06:00,"$499,917.00"
515,1939,1/22/2025 13:39:00,"$424,962.00"
516,1940,1/20/2025 12:48:00,"$319,774.00"
517,1950,1/14/2025 1:59:00,"$385,045.00"
518,1963,1/19/2025 17:35:00,"$270,705.00"
519,1966,1/19/2025 12:08:00,"$356,368.00"
520,1967,1/16/2025 14:47:00,"$280,740.00"
521,1978,1/17/2025 20:47:00,"$499,940.00"
522,1979,1/21/2025 14:43:00,"$341,106.00"
523,1982,1/26/2025 17:11:00,"$399,510.00"
524,1987,1/22/2025 9:52:00,"$472,907.00"
525,1990,1/22/2025 1:00:00,"$364,703.00"
526,1995,1/27/2025 15:27:00,"$423,129.00"
527,1997,1/15/2025 15:24:00,"$240,712.00"
528,1999,1/22/2025 14:26:00,"$430,069.00"
529,2009,1/16/2025 12:44:00,"$259,511.00"
530,2025,1/19/2025 8:17:00,"$321,590.00"
531,2028,1/15/2025 14:42:00,"$420,001.00"
532,2029,1/17/2025 17:47:00,"$314,249.00"
533,2035,1/21/2025 12:58:00,"$245,750.00"
534,2038,1/25/2025 14:08:00,"$279,534.00"
535,2051,1/20/2025 16:04:00,"$261,838.00"
536,2062,1/15/2025 9:00:00,"$381,264.00"
537,2064,1/26/2025 11:46:00,"$339,391.00"
538,2070,1/18/2025 12:24:00,"$362,167.00"
539,2074,1/21/2025 0:04:00,"$298,607.00"
540,2075,1/23/2025 12:41:00,"$307,512.00"
541,2078,1/18/2025 14:38:00,"$249,502.00"
542,2080,1/15/2025 12:12:00,"$261,356.00"
543,2085,1/23/2025 14:17:00,"$439,415.00"
544,2088,1/18/2025 11:00:00,"$403,434.00"
545,2089,1/20/2025 6:12:00,"$227,118.00"
546,2092,1/14/2025 12:03:00,"$291,314.00"
547,2095,1/26/2025 16:13:00,"$381,386.00"
548,2096,1/14/2025 8:51:00,"$476,897.00"
549,2097,1/16/2025 17:59:00,"$507,986.00"
550,2101,1/23/2025 20:21:00,"$420,386.00"
551,2106,1/29/2025 11:32:00,"$405,964.00"
552,2109,1/25/2025 1:29:00,"$308,638.00"
553,2113,1/16/2025 9:56:00,"$245,303.00"
554,2114,1/15/2025 10:38:00,"$367,806.00"
555,2119,1/16/2025 12:47:00,"$307,643.00"
556,2122,1/27/2025 19:17:00,"$328,522.00"
557,2124,1/18/2025 10:06:00,"$236,000.00"
558,2125,1/19/2025 9:19:00,"$328,673.00"
559,2126,1/16/2025 9:07:00,"$349,179.00"
560,2127,1/19/2025 16:56:00,"$265,532.00"
561,2128,1/18/2025 16:38:00,"$518,415.00"
562,2132,1/27/2025 12:35:00,"$408,010.00"
563,2141,1/21/2025 15:47:00,"$495,927.00"
564,2142,1/21/2025 9:54:00,"$409,984.00"
565,2146,1/20/2025 13:10:00,"$429,101.00"
566,2148,1/28/2025 15:07:00,"$236,713.00"
567,2149,1/23/2025 15:20:00,"$454,657.00"
568,2151,1/22/2025 13:35:00,"$442,233.00"
569,2154,1/18/2025 13:10:00,"$348,475.00"
570,2155,1/19/2025 15:22:00,"$383,459.00"
571,2157,1/19/2025 17:38:00,"$255,094.00"
572,2158,1/19/2025 10:59:00,"$324,064.00"
573,2165,1/18/2025 13:36:00,"$466,536.00"
574,2173,1/23/2025 16:36:00,"$297,718.00"
575,2174,1/16/2025 15:07:00,"$462,061.00"
576,2175,1/19/2025 17:52:00,"$391,562.00"
577,2178,1/29/2025 11:12:00,"$227,425.00"
578,2179,1/25/2025 14:54:00,"$345,352.00"
579,2181,1/19/2025 15:39:00,"$441,063.00"
580,2184,1/20/2025 19:00:00,"$399,921.00"
581,2185,1/20/2025 15:40:00,"$474,535.00"
582,2194,1/27/2025 6:19:00,"$431,250.00"
583,2195,1/22/2025 21:21:00,"$247,569.00"
584,2198,1/27/2025 15:51:00,"$451,088.00"
585,2200,1/20/2025 10:55:00,"$431,331.00"
586,2203,1/16/2025 17:55:00,"$515,352.00"
587,2208,1/22/2025 15:55:00,"$343,318.00"
588,2209,1/23/2025 15:34:00,"$470,229.00"
589,2210,1/29/2025 13:27:00,"$472,713.00"
590,2212,1/20/2025 11:36:00,"$492,170.00"
591,2214,1/23/2025 17:44:00,"$475,297.00"
592,2217,1/21/2025 10:53:00,"$248,249.00"
593,2221,1/28/2025 9:35:00,"$475,852.00"
594,2223,1/19/2025 21:27:00,"$287,557.00"
595,2225,1/15/2025 11:10:00,"$224,900.00"
596,2227,1/16/2025 11:20:00,"$324,803.00"
597,2232,1/18/2025 9:05:00,"$400,494.00"
598,2233,1/25/2025 14:43:00,"$372,348.00"
599,2234,1/20/2025 17:15:00,"$331,809.00"
600,2250,1/25/2025 14:09:00,"$501,897.00"
601,2252,1/20/2025 13:51:00,"$395,118.00"
602,2255,1/15/2025 13:41:00,"$247,060.00"
603,2256,1/21/2025 17:48:00,"$235,515.00"
604,2275,1/21/2025 15:53:00,"$389,906.00"
605,2280,1/22/2025 15:54:00,"$401,840.00"
606,2283,1/19/2025 13:17:00,"$467,802.00"
607,2284,1/15/2025 20:39:00,"$429,340.00"
608,2290,1/21/2025 15:48:00,"$342,334.00"
609,2292,1/26/2025 8:07:00,"$469,380.00"
610,2297,1/22/2025 11:59:00,"$248,761.00"
611,2299,1/25/2025 10:49:00,"$448,974.00"
612,2301,1/18/2025 10:56:00,"$449,523.00"
613,2312,1/18/2025 3:31:00,"$447,742.00"
614,2315,1/20/2025 15:57:00,"$481,815.00"
615,2322,1/18/2025 10:35:00,"$472,520.00"
616,2328,1/15/2025 14:57:00,"$266,231.00"
617,2331,1/27/2025 10:29:00,"$301,515.00"
618,2332,1/23/2025 11:09:00,"$251,459.00"
619,2345,1/28/2025 16:42:00,"$397,599.00"
620,2346,1/22/2025 12:25:00,"$461,139.00"
621,2349,1/21/2025 14:01:00,"$380,268.00"
622,2351,1/19/2025 18:32:00,"$505,603.00"
623,2358,1/26/2025 11:16:00,"$439,556.00"
624,2359,1/27/2025 10:12:00,"$362,421.00"
625,2364,1/25/2025 11:34:00,"$490,005.00"
626,2365,1/28/2025 13:34:00,"$473,184.00"
627,2367,1/27/2025 10:49:00,"$238,390.00"
628,2372,1/26/2025 17:47:00,"$240,202.00"
629,2375,1/26/2025 16:24:00,"$394,579.00"
630,2379,1/18/2025 13:50:00,"$399,053.00"
631,2380,1/20/2025 13:40:00,"$248,988.00"
632,2384,1/25/2025 11:36:00,"$287,426.00"
633,2385,1/19/2025 17:46:00,"$306,411.00"
634,2389,1/27/2025 17:43:00,"$348,010.00"
635,2401,1/22/2025 14:28:00,"$330,491.00"
636,2408,1/25/2025 12:30:00,"$341,128.00"
637,2414,1/18/2025 12:13:00,"$512,530.00"
638,2416,1/22/2025 8:52:00,"$431,719.00"
639,2418,1/21/2025 11:53:00,"$353,601.00"
640,2421,1/17/2025 13:32:00,"$292,349.00"
641,2427,1/25/2025 11:51:00,"$477,275.00"
642,2428,1/16/2025 14:16:00,"$334,725.00"
643,2435,1/19/2025 15:58:00,"$358,970.00"
644,2436,1/19/2025 10:38:00,"$253,999.00"
645,2438,1/29/2025 11:36:00,"$455,722.00"
646,2440,1/16/2025 9:20:00,"$423,586.00"
647,2443,1/22/2025 13:58:00,"$278,550.00"
648,2447,1/21/2025 13:25:00,"$475,652.00"
649,2462,1/18/2025 9:12:00,"$374,790.00"
650,2464,1/29/2025 12:03:00,"$224,530.00"
651,2470,1/23/2025 9:20:00,"$266,213.00"
652,2472,1/20/2025 17:52:00,"$246,065.00"
653,2474,1/21/2025 16:38:00,"$358,027.00"
654,2475,1/20/2025 9:36:00,"$363,116.00"
655,2480,1/20/2025 22:05:00,"$377,271.00"
656,2484,1/25/2025 17:05:00,"$264,432.00"
657,2491,1/17/2025 14:20:00,"$507,727.00"
658,2499,1/19/2025 16:12:00,"$504,408.00"
659,2501,1/22/2025 18:38:00,"$281,124.00"
660,2502,1/22/2025 12:25:00,"$361,366.00"
661,2510,1/25/2025 10:22:00,"$242,944.00"
662,2515,1/21/2025 10:06:00,"$428,296.00"
663,2517,1/20/2025 15:32:00,"$515,603.00"
664,2518,1/21/2025 10:39:00,"$342,427.00"
665,2519,1/27/2025 12:26:00,"$518,518.00"
666,2524,1/18/2025 10:18:00,"$242,352.00"
667,2525,1/20/2025 10:33:00,"$296,417.00"
668,2527,1/23/2025 16:51:00,"$357,522.00"
669,2528,1/26/2025 17:01:00,"$230,541.00"
670,2532,1/18/2025 14:05:00,"$247,969.00"
671,2535,1/23/2025 9:55:00,"$249,565.00"
672,2536,1/27/2025 10:55:00,"$369,770.00"
673,2537,1/28/2025 10:23:00,"$453,778.00"
674,2545,1/25/2025 12:39:00,"$412,165.00"
675,2546,1/21/2025 17:41:00,"$480,371.00"
676,2547,1/26/2025 9:35:00,"$413,010.00"
677,2548,1/21/2025 15:15:00,"$303,904.00"
678,2550,1/26/2025 11:06:00,"$439,470.00"
679,2562,1/27/2025 16:44:00,"$456,822.00"
680,2565,1/18/2025 12:05:00,"$462,949.00"
681,2566,1/19/2025 13:54:00,"$293,791.00"
682,2569,1/28/2025 15:03:00,"$394,455.00"
683,2570,1/28/2025 9:37:00,"$306,012.00"
684,2576,1/30/2025 11:13:00,"$285,210.00"
685,2581,1/22/2025 5:09:00,"$271,096.00"
686,2587,1/20/2025 11:15:00,"$339,302.00"
687,2597,1/23/2025 11:03:00,"$348,564.00"
688,2600,1/22/2025 14:21:00,"$237,386.00"
689,2605,1/22/2025 14:48:00,"$499,892.00"
690,2610,1/29/2025 15:40:00,"$309,043.00"
691,2611,1/20/2025 11:13:00,"$278,519.00"
692,2612,1/18/2025 11:18:00,"$450,522.00"
693,2614,1/26/2025 17:20:00,"$232,614.00"
694,2618,1/19/2025 8:17:00,"$517,548.00"
695,2620,1/21/2025 12:48:00,"$240,098.00"
696,2624,1/22/2025 10:13:00,"$343,414.00"
697,2626,1/20/2025 10:54:00,"$225,835.00"
698,2628,1/20/2025 12:07:00,"$346,937.00"
699,2639,1/19/2025 12:26:00,"$416,681.00"
700,2641,1/20/2025 20:47:00,"$269,996.00"
701,2643,1/22/2025 10:56:00,"$298,409.00"
702,2645,1/21/2025 14:31:00,"$319,345.00"
703,2648,1/29/2025 8:10:00,"$239,167.00"
704,2649,1/19/2025 10:08:00,"$354,002.00"
705,2650,1/24/2025 13:07:00,"$245,209.00"
706,2656,1/21/2025 14:42:00,"$457,878.00"
707,2665,1/23/2025 15:58:00,"$305,530.00"
708,2667,1/20/2025 13:14:00,"$322,941.00"
709,2676,1/23/2025 19:04:00,"$413,999.00"
710,2679,1/18/2025 11:09:00,"$299,335.00"
711,2680,1/17/2025 19:38:00,"$505,932.00"
712,2681,1/25/2025 17:39:00,"$449,508.00"
713,2682,1/29/2025 11:22:00,"$246,299.00"
714,2694,1/27/2025 11:32:00,"$446,661.00"
715,2699,1/23/2025 16:55:00,"$488,989.00"
716,2700,1/22/2025 14:18:00,"$298,552.00"
717,2708,1/18/2025 9:40:00,"$425,366.00"
718,2709,1/23/2025 19:06:00,"$513,748.00"
719,2720,1/21/2025 19:56:00,"$353,707.00"
720,2722,1/23/2025 9:56:00,"$385,821.00"
721,2723,1/21/2025 16:57:00,"$368,275.00"
722,2724,1/21/2025 11:36:00,"$349,870.00"
723,2730,1/19/2025 11:31:00,"$487,140.00"
724,2731,1/28/2025 10:27:00,"$352,652.00"
725,2733,1/23/2025 16:32:00,"$264,361.00"
726,2743,1/22/2025 14:57:00,"$413,848.00"
727,2748,1/21/2025 9:13:00,"$413,113.00"
728,2750,1/20/2025 11:21:00,"$445,432.00"
729,2752,1/18/2025 10:39:00,"$381,727.00"
730,2754,1/21/2025 6:01:00,"$459,718.00"
731,2756,1/26/2025 18:06:00,"$465,191.00"
732,2759,1/29/2025 15:11:00,"$505,489.00"
733,2762,1/28/2025 8:55:00,"$233,894.00"
734,2765,1/25/2025 16:11:00,"$287,985.00"
735,2766,1/28/2025 15:11:00,"$338,982.00"
736,2768,1/21/2025 9:15:00,"$478,969.00"
737,2769,1/26/2025 19:22:00,"$319,283.00"
738,2770,1/22/2025 9:59:00,"$232,965.00"
739,2771,1/25/2025 16:35:00,"$322,975.00"
740,2775,1/20/2025 9:55:00,"$267,944.00"
741,2776,1/21/2025 14:13:00,"$251,795.00"
742,2778,1/21/2025 16:38:00,"$494,955.00"
743,2786,1/21/2025 14:14:00,"$424,812.00"
744,2788,1/19/2025 14:49:00,"$281,081.00"
745,2789,1/25/2025 10:30:00,"$240,462.00"
746,2792,1/24/2025 9:06:00,"$395,389.00"
747,2793,1/27/2025 13:21:00,"$454,130.00"
748,2794,1/23/2025 15:38:00,"$432,332.00"
749,2795,1/27/2025 9:06:00,"$508,685.00"
750,2802,1/23/2025 15:47:00,"$365,173.00"
751,2804,1/28/2025 10:47:00,"$315,321.00"
752,2808,1/23/2025 17:19:00,"$515,603.00"
753,2809,1/21/2025 6:38:00,"$292,109.00"
754,2818,1/23/2025 13:00:00,"$248,372.00"
755,2823,1/21/2025 18:18:00,"$417,235.00"
756,2824,2/2/2025 9:28:00,"$368,573.00"
757,2825,1/19/2025 13:11:00,"$373,178.00"
758,2826,1/20/2025 17:06:00,"$482,298.00"
759,2831,1/24/2025 11:59:00,"$349,379.00"
760,2832,1/26/2025 16:35:00,"$463,786.00"
761,2837,1/18/2025 18:41:00,"$480,627.00"
762,2838,1/27/2025 11:32:00,"$309,988.00"
763,2843,1/29/2025 10:52:00,"$329,165.00"
764,2847,1/27/2025 11:52:00,"$459,590.00"
765,2852,1/19/2025 12:39:00,"$397,155.00"
766,2856,1/21/2025 11:17:00,"$504,926.00"
767,2857,1/23/2025 17:19:00,"$331,996.00"
768,2862,1/26/2025 13:39:00,"$424,069.00"
769,2864,1/27/2025 10:12:00,"$278,823.00"
770,2875,1/27/2025 17:06:00,"$461,152.00"
771,2876,1/20/2025 14:34:00,"$335,724.00"
772,2879,1/20/2025 11:09:00,"$510,418.00"
773,2880,1/22/2025 17:43:00,"$300,167.00"
774,2881,1/22/2025 16:10:00,"$289,897.00"
775,2892,1/25/2025 9:00:00,"$281,642.00"
776,2893,1/23/2025 15:20:00,"$255,539.00"
777,2894,1/26/2025 15:37:00,"$362,844.00"
778,2901,1/27/2025 13:57:00,"$273,638.00"
779,2904,1/20/2025 17:17:00,"$422,439.00"
780,2911,1/22/2025 13:00:00,"$264,017.00"
781,2912,1/28/2025 9:24:00,"$294,194.00"
782,2917,1/23/2025 6:36:00,"$404,875.00"
783,2918,1/28/2025 11:39:00,"$519,918.00"
784,2920,1/30/2025 12:17:00,"$237,750.00"
785,2925,1/24/2025 10:18:00,"$311,950.00"
786,2926,1/21/2025 18:42:00,"$421,367.00"
787,2929,1/25/2025 17:37:00,"$286,856.00"
788,2933,1/26/2025 8:17:00,"$483,603.00"
789,2937,1/22/2025 10:44:00,"$340,870.00"
790,2942,1/23/2025 8:47:00,"$255,883.00"
791,2955,1/26/2025 16:41:00,"$237,527.00"
792,2964,1/20/2025 6:51:00,"$469,854.00"
793,2972,1/27/2025 10:20:00,"$278,096.00"
794,2976,1/23/2025 17:38:00,"$426,690.00"
795,2980,1/23/2025 22:22:00,"$332,549.00"
796,2984,1/22/2025 9:58:00,"$443,849.00"
797,2985,1/23/2025 20:06:00,"$404,749.00"
798,2991,1/22/2025 9:46:00,"$510,794.00"
799,2992,1/23/2025 12:35:00,"$379,347.00"
800,2993,1/29/2025 11:04:00,"$365,559.00"
801,3002,1/23/2025 22:46:00,"$256,398.00"
802,3004,1/20/2025 3:22:00,"$285,271.00"
803,3007,1/30/2025 17:54:00,"$331,383.00"
804,3013,1/26/2025 12:04:00,"$344,422.00"
805,3016,1/28/2025 18:40:00,"$400,613.00"
806,3017,1/25/2025 17:03:00,"$244,318.00"
807,3018,1/22/2025 13:21:00,"$373,829.00"
808,3020,1/26/2025 12:08:00,"$518,772.00"
809,3022,1/27/2025 15:27:00,"$366,622.00"
810,3024,1/19/2025 15:34:00,"$510,733.00"
811,3025,1/29/2025 11:58:00,"$503,439.00"
812,3033,1/27/2025 15:29:00,"$470,692.00"
813,3037,1/23/2025 17:29:00,"$300,838.00"
814,3042,1/28/2025 6:38:00,"$301,762.00"
815,3043,1/26/2025 8:46:00,"$458,392.00"
816,3045,1/25/2025 9:27:00,"$317,834.00"
817,3046,1/20/2025 12:50:00,"$469,039.00"
818,3047,1/28/2025 19:33:00,"$266,060.00"
819,3051,1/30/2025 7:37:00,"$279,564.00"
820,3054,1/27/2025 8:22:00,"$285,975.00"
821,3055,2/1/2025 12:10:00,"$423,006.00"
822,3057,1/26/2025 10:44:00,"$409,698.00"
823,3060,1/23/2025 15:12:00,"$288,567.00"
824,3061,1/22/2025 18:29:00,"$287,752.00"
825,3066,1/21/2025 11:37:00,"$488,673.00"
826,3067,1/26/2025 10:56:00,"$330,451.00"
827,3068,1/30/2025 16:42:00,"$351,479.00"
828,3070,1/22/2025 10:42:00,"$268,091.00"
829,3071,1/23/2025 13:48:00,"$483,622.00"
830,3072,1/26/2025 14:37:00,"$236,870.00"
831,3073,1/27/2025 15:58:00,"$361,709.00"
832,3076,1/22/2025 11:46:00,"$443,028.00"
833,3091,1/21/2025 22:07:00,"$406,358.00"
834,3094,2/1/2025 10:17:00,"$324,944.00"
835,3095,1/20/2025 13:06:00,"$470,514.00"
836,3097,1/27/2025 10:51:00,"$379,945.00"
837,3098,1/26/2025 9:09:00,"$441,048.00"
838,3102,1/22/2025 16:24:00,"$485,633.00"
839,3104,1/26/2025 11:00:00,"$276,804.00"
840,3110,1/22/2025 11:06:00,"$243,714.00"
841,3112,1/29/2025 10:34:00,"$347,339.00"
842,3114,1/23/2025 20:06:00,"$246,169.00"
843,3120,1/26/2025 20:41:00,"$428,528.00"
844,3121,1/26/2025 16:21:00,"$400,400.00"
845,3128,1/21/2025 14:49:00,"$287,372.00"
846,3135,1/30/2025 15:07:00,"$415,405.00"
847,3138,1/23/2025 13:16:00,"$276,878.00"
848,3140,1/28/2025 19:04:00,"$397,898.00"
849,3141,1/27/2025 14:15:00,"$268,907.00"
850,3142,2/2/2025 8:29:00,"$458,664.00"
851,3150,2/2/2025 12:48:00,"$366,876.00"
852,3154,1/22/2025 15:58:00,"$343,445.00"
853,3156,1/28/2025 9:26:00,"$239,465.00"
854,3163,1/28/2025 11:48:00,"$498,638.00"
855,3166,2/3/2025 16:25:00,"$281,649.00"
856,3167,1/29/2025 15:11:00,"$262,780.00"
857,3171,1/26/2025 23:27:00,"$453,133.00"
858,3179,2/2/2025 15:42:00,"$496,248.00"
859,3186,1/30/2025 15:33:00,"$228,391.00"
860,3187,2/4/2025 11:35:00,"$385,909.00"
861,3188,1/25/2025 14:00:00,"$273,664.00"
862,3194,1/24/2025 8:52:00,"$354,505.00"
863,3195,1/23/2025 14:29:00,"$451,771.00"
864,3196,1/28/2025 13:14:00,"$463,169.00"
865,3198,1/23/2025 17:26:00,"$413,912.00"
866,3202,1/30/2025 9:18:00,"$460,641.00"
867,3204,1/25/2025 11:28:00,"$504,179.00"
868,3206,1/21/2025 14:37:00,"$309,255.00"
869,3208,1/21/2025 13:31:00,"$294,307.00"
870,3209,1/25/2025 17:09:00,"$449,132.00"
871,3214,1/28/2025 15:04:00,"$338,331.00"
872,3222,2/2/2025 13:41:00,"$332,775.00"
873,3229,1/21/2025 12:39:00,"$252,015.00"
874,3231,1/27/2025 13:38:00,"$512,283.00"
875,3234,1/21/2025 10:50:00,"$490,944.00"
876,3236,1/30/2025 19:26:00,"$505,120.00"
877,3238,1/21/2025 11:09:00,"$303,205.00"
878,3241,1/30/2025 18:09:00,"$437,430.00"
879,3242,1/22/2025 13:02:00,"$516,309.00"
880,3252,1/22/2025 17:28:00,"$227,910.00"
881,3260,1/29/2025 17:49:00,"$275,950.00"
882,3261,1/27/2025 7:37:00,"$302,080.00"
883,3263,1/22/2025 13:23:00,"$510,353.00"
884,3264,2/6/2025 9:42:00,"$433,505.00"
885,3278,2/4/2025 16:24:00,"$465,652.00"
886,3284,1/23/2025 13:39:00,"$258,877.00"
887,3293,1/21/2025 13:29:00,"$235,663.00"
888,3294,1/23/2025 17:20:00,"$521,940.00"
889,3299,1/28/2025 13:17:00,"$408,122.00"
890,3305,1/27/2025 21:36:00,"$330,355.00"
891,3308,1/30/2025 13:12:00,"$463,317.00"
892,3309,1/28/2025 17:06:00,"$520,763.00"
893,3311,1/29/2025 0:13:00,"$513,641.00"
894,3314,1/28/2025 16:56:00,"$422,887.00"
895,3316,2/3/2025 14:17:00,"$536,863.00"
896,3318,1/30/2025 13:08:00,"$293,582.00"
897,3319,2/1/2025 17:41:00,"$354,678.00"
898,3324,1/28/2025 9:27:00,"$404,993.00"
899,3329,2/1/2025 8:56:00,"$299,598.00"
900,3330,2/3/2025 15:23:00,"$347,194.00"
901,3331,2/3/2025 11:27:00,"$433,454.00"
902,3334,1/28/2025 11:39:00,"$410,967.00"
903,3337,1/28/2025 10:45:00,"$473,417.00"
904,3341,2/1/2025 14:37:00,"$401,562.00"
905,3345,1/29/2025 17:35:00,"$385,778.00"
906,3347,1/27/2025 8:02:00,"$456,437.00"
907,3349,1/28/2025 19:24:00,"$432,250.00"
908,3352,1/26/2025 16:50:00,"$409,132.00"
909,3363,1/29/2025 7:55:00,"$355,745.00"
910,3365,1/22/2025 17:06:00,"$347,230.00"
911,3367,1/29/2025 12:07:00,"$478,933.00"
912,3369,1/26/2025 16:23:00,"$440,879.00"
913,3371,1/23/2025 13:24:00,"$508,044.00"
914,3372,1/28/2025 10:19:00,"$271,242.00"
915,3376,2/1/2025 12:10:00,"$524,424.00"
916,3384,2/2/2025 16:30:00,"$254,236.00"
917,3389,1/29/2025 8:59:00,"$505,481.00"
918,3394,1/30/2025 15:20:00,"$265,686.00"
919,3403,1/27/2025 0:03:00,"$327,036.00"
920,3407,2/2/2025 8:46:00,"$248,158.00"
921,3408,1/27/2025 13:18:00,"$244,171.00"
922,3415,1/23/2025 11:05:00,"$501,705.00"
923,3416,1/23/2025 11:12:00,"$287,389.00"
924,3417,1/27/2025 8:49:00,"$248,029.00"
925,3418,1/26/2025 10:34:00,"$245,212.00"
926,3419,1/30/2025 18:31:00,"$373,904.00"
927,3423,1/23/2025 17:11:00,"$251,324.00"
928,3425,1/27/2025 12:03:00,"$439,746.00"
929,3426,1/28/2025 16:22:00,"$315,986.00"
930,3428,1/30/2025 15:08:00,"$488,996.00"
931,3435,2/2/2025 14:03:00,"$436,144.00"
932,3444,1/25/2025 17:18:00,"$374,550.00"
933,3447,2/4/2025 8:50:00,"$506,471.00"
934,3450,1/25/2025 11:48:00,"$308,050.00"
935,3451,1/25/2025 18:37:00,"$467,697.00"
936,3455,1/27/2025 16:16:00,"$289,167.00"
937,3458,1/29/2025 17:43:00,"$292,306.00"
938,3462,1/26/2025 15:08:00,"$484,849.00"
939,3463,1/29/2025 17:17:00,"$512,120.00"
940,3465,1/30/2025 16:05:00,"$264,361.00"
941,3472,1/27/2025 8:00:00,"$475,582.00"
942,3482,1/28/2025 10:21:00,"$296,035.00"
943,3484,1/25/2025 10:30:00,"$271,262.00"
944,3491,1/27/2025 17:05:00,"$431,469.00"
945,3497,1/26/2025 16:10:00,"$436,363.00"
946,3499,2/3/2025 12:31:00,"$477,109.00"
947,3500,1/23/2025 15:31:00,"$315,593.00"
948,3502,1/30/2025 8:04:00,"$518,035.00"
949,3504,1/28/2025 17:37:00,"$353,933.00"
950,3505,2/1/2025 17:17:00,"$348,172.00"
951,3506,2/3/2025 9:45:00,"$520,328.00"
952,3508,1/29/2025 12:24:00,"$270,760.00"
953,3515,1/25/2025 15:04:00,"$502,656.00"
954,3521,2/2/2025 10:08:00,"$409,577.00"
955,3522,1/29/2025 15:15:00,"$476,105.00"
956,3530,1/30/2025 8:15:00,"$498,104.00"
957,3532,1/28/2025 14:24:00,"$452,706.00"
958,3537,2/4/2025 16:29:00,"$399,038.00"
959,3538,1/26/2025 16:21:00,"$428,686.00"
960,3543,1/31/2025 0:56:00,"$521,892.00"
961,3545,1/28/2025 23:51:00,"$439,530.00"
962,3548,1/25/2025 13:58:00,"$425,520.00"
963,3552,2/3/2025 9:26:00,"$325,743.00"
964,3553,2/4/2025 11:36:00,"$281,915.00"
965,3555,1/29/2025 9:54:00,"$359,127.00"
966,3557,1/26/2025 13:50:00,"$487,453.00"
967,3558,2/1/2025 13:04:00,"$306,282.00"
968,3560,1/26/2025 8:04:00,"$236,439.00"
969,3564,2/5/2025 13:07:00,"$388,040.00"
970,3566,1/25/2025 12:54:00,"$229,535.00"
971,3567,1/25/2025 4:59:00,"$404,240.00"
972,3571,1/27/2025 10:23:00,"$385,146.00"
973,3575,1/25/2025 17:11:00,"$224,860.00"
974,3578,1/31/2025 19:11:00,"$371,688.00"
975,3581,1/28/2025 14:27:00,"$401,738.00"
976,3586,1/26/2025 12:18:00,"$258,728.00"
977,3588,2/5/2025 12:07:00,"$325,967.00"
978,3589,2/3/2025 9:24:00,"$270,867.00"
979,3593,2/1/2025 10:08:00,"$285,414.00"
980,3595,1/25/2025 15:01:00,"$361,196.00"
981,3601,2/2/2025 12:20:00,"$341,193.00"
982,3605,2/3/2025 12:44:00,"$428,353.00"
983,3612,2/3/2025 13:01:00,"$391,966.00"
984,3614,2/1/2025 11:27:00,"$478,690.00"
985,3619,1/28/2025 12:20:00,"$502,436.00"
986,3621,1/29/2025 13:46:00,"$265,856.00"
987,3623,1/29/2025 9:31:00,"$251,202.00"
988,3625,2/4/2025 4:42:00,"$518,719.00"
989,3628,1/26/2025 20:29:00,"$224,767.00"
990,3629,1/27/2025 14:16:00,"$506,344.00"
991,3631,1/25/2025 15:05:00,"$373,939.00"
992,3635,1/26/2025 12:39:00,"$379,637.00"
993,3640,1/28/2025 13:14:00,"$456,372.00"
994,3642,1/28/2025 17:43:00,"$449,544.00"
995,3645,1/27/2025 11:47:00,"$250,450.00"
996,3646,1/28/2025 7:34:00,"$344,711.00"
997,3654,1/29/2025 19:59:00,"$338,981.00"
998,3656,1/30/2025 10:54:00,"$250,980.00"
999,3658,1/28/2025 17:38:00,"$411,689.00"
1000,3667,2/1/2025 15:01:00,"$263,520.00"
1001,3670,2/1/2025 10:06:00,"$501,392.00"
1002,3674,1/28/2025 10:01:00,"$256,211.00"
1003,3677,1/26/2025 23:23:00,"$251,086.00"
1004,3681,1/29/2025 11:39:00,"$520,664.00"
1005,3684,1/27/2025 8:39:00,"$517,709.00"
1006,3689,1/28/2025 14:19:00,"$362,057.00"
1007,3691,1/27/2025 20:25:00,"$287,477.00"
1008,3704,2/9/2025 17:25:00,"$482,021.00"
1009,3709,2/4/2025 4:38:00,"$317,200.00"
1010,3710,1/30/2025 11:47:00,"$455,128.00"
1011,3712,2/2/2025 13:20:00,"$454,699.00"
1012,3714,1/27/2025 17:32:00,"$357,650.00"
1013,3715,1/25/2025 17:05:00,"$322,768.00"
1014,3723,1/27/2025 20:44:00,"$276,005.00"
1015,3725,1/26/2025 1:40:00,"$250,866.00"
1016,3731,1/29/2025 1:39:00,"$328,361.00"
1017,3733,2/2/2025 17:48:00,"$474,424.00"
1018,3740,2/1/2025 17:51:00,"$365,545.00"
1019,3741,1/30/2025 19:40:00,"$254,100.00"
1020,3745,1/27/2025 17:13:00,"$332,741.00"
1021,3748,1/29/2025 4:58:00,"$237,252.00"
1022,3750,1/28/2025 12:02:00,"$322,835.00"
1023,3752,2/1/2025 13:21:00,"$496,299.00"
1024,3753,1/30/2025 17:05:00,"$502,353.00"
1025,3755,2/4/2025 11:48:00,"$358,531.00"
1026,3760,1/29/2025 16:39:00,"$277,845.00"
1027,3761,1/26/2025 13:50:00,"$272,897.00"
1028,3762,1/27/2025 9:42:00,"$425,761.00"
1029,3765,1/28/2025 12:15:00,"$471,546.00"
1030,3769,1/29/2025 17:20:00,"$337,644.00"
1031,3770,1/29/2025 9:24:00,"$280,056.00"
1032,3771,1/28/2025 16:27:00,"$443,264.00"
1033,3776,2/1/2025 9:32:00,"$446,349.00"
1034,3778,2/4/2025 9:38:00,"$255,676.00"
1035,3782,1/26/2025 4:57:00,"$510,744.00"
1036,3787,1/25/2025 17:03:00,"$445,831.00"
1037,3788,1/30/2025 17:40:00,"$258,731.00"
1038,3790,1/28/2025 15:21:00,"$231,039.00"
1039,3791,1/26/2025 14:56:00,"$394,831.00"
1040,3794,2/10/2025 17:51:00,"$267,389.00"
1041,3798,2/3/2025 16:10:00,"$528,437.00"
1042,3799,1/26/2025 9:35:00,"$313,417.00"
1043,3803,2/1/2025 14:15:00,"$253,144.00"
1044,3812,2/4/2025 20:13:00,"$543,338.00"
1045,3816,1/30/2025 0:04:00,"$485,873.00"
1046,3821,1/25/2025 8:29:00,"$439,086.00"
1047,3822,1/28/2025 20:05:00,"$280,832.00"
1048,3829,2/2/2025 23:33:00,"$398,237.00"
1049,3845,1/29/2025 14:17:00,"$353,966.00"
1050,3846,1/29/2025 16:57:00,"$414,808.00"
1051,3850,1/29/2025 10:40:00,"$451,211.00"
1052,3860,1/25/2025 10:43:00,"$373,687.00"
1053,3862,1/29/2025 17:15:00,"$303,098.00"
1054,3865,1/29/2025 13:20:00,"$448,403.00"
1055,3868,2/3/2025 9:52:00,"$314,134.00"
1056,3869,2/6/2025 1:58:00,"$441,768.00"
1057,3870,1/31/2025 23:50:00,"$508,346.00"
1058,3874,1/30/2025 5:44:00,"$395,644.00"
1059,3875,1/27/2025 12:22:00,"$420,579.00"
1060,3876,2/1/2025 8:52:00,"$542,488.00"
1061,3878,1/26/2025 11:12:00,"$322,066.00"
1062,3879,2/1/2025 14:57:00,"$537,147.00"
1063,3880,1/26/2025 17:53:00,"$347,757.00"
1064,3881,2/2/2025 10:45:00,"$398,108.00"
1065,3883,1/28/2025 17:12:00,"$321,570.00"
1066,3891,1/27/2025 5:18:00,"$325,903.00"
1067,3892,1/28/2025 12:00:00,"$467,595.00"
1068,3893,2/1/2025 17:31:00,"$544,646.00"
1069,3894,1/30/2025 16:38:00,"$352,924.00"
1070,3903,2/4/2025 13:33:00,"$405,105.00"
1071,3906,1/29/2025 12:33:00,"$476,570.00"
1072,3910,2/5/2025 17:07:00,"$422,640.00"
1073,3911,2/2/2025 13:18:00,"$313,760.00"
1074,3915,1/30/2025 23:48:00,"$266,263.00"
1075,3917,2/2/2025 17:34:00,"$535,133.00"
1076,3919,1/27/2025 13:19:00,"$312,266.00"
1077,3921,2/3/2025 12:14:00,"$397,699.00"
1078,3922,2/1/2025 11:16:00,"$363,301.00"
1079,3925,1/25/2025 18:05:00,"$297,718.00"
1080,3931,1/25/2025 14:16:00,"$484,240.00"
1081,3932,2/3/2025 15:57:00,"$280,951.00"
1082,3938,2/2/2025 16:03:00,"$477,562.00"
1083,3941,1/28/2025 10:53:00,"$506,951.00"
1084,3942,1/28/2025 10:45:00,"$242,810.00"
1085,3946,1/30/2025 9:53:00,"$236,319.00"
1086,3952,1/28/2025 7:49:00,"$446,530.00"
1087,3953,1/27/2025 9:27:00,"$335,878.00"
1088,3955,2/4/2025 11:36:00,"$512,072.00"
1089,3957,2/4/2025 16:23:00,"$384,331.00"
1090,3961,1/30/2025 11:58:00,"$398,479.00"
1091,3967,2/1/2025 16:23:00,"$422,039.00"
1092,3970,1/30/2025 17:29:00,"$334,643.00"
1093,3971,1/28/2025 10:10:00,"$474,275.00"
1094,3974,1/29/2025 17:46:00,"$340,016.00"
1095,3977,1/26/2025 12:24:00,"$233,684.00"
1096,3978,2/8/2025 17:59:00,"$295,977.00"
1097,3982,2/4/2025 5:30:00,"$509,771.00"
1098,3985,2/1/2025 12:05:00,"$287,962.00"
1099,3986,2/9/2025 10:02:00,"$361,625.00"
1100,3990,2/4/2025 14:13:00,"$543,874.00"
1101,3991,2/4/2025 12:45:00,"$461,715.00"
1102,3993,2/3/2025 12:06:00,"$354,867.00"
1103,3995,1/28/2025 6:03:00,"$521,729.00"
1104,4001,2/4/2025 17:58:00,"$419,367.00"
1105,4002,1/29/2025 11:10:00,"$484,081.00"
1106,4017,1/28/2025 21:47:00,"$294,672.00"
1107,4020,1/28/2025 15:38:00,"$305,434.00"
1108,4021,2/10/2025 13:48:00,"$363,332.00"
1109,4022,2/5/2025 10:23:00,"$283,471.00"
1110,4027,1/26/2025 11:52:00,"$497,607.00"
1111,4030,1/29/2025 15:07:00,"$320,301.00"
1112,4031,2/6/2025 10:14:00,"$303,511.00"
1113,4032,1/30/2025 10:47:00,"$373,422.00"
1114,4033,1/30/2025 10:45:00,"$337,646.00"
1115,4035,2/4/2025 16:13:00,"$309,363.00"
1116,4036,1/29/2025 10:50:00,"$224,912.00"
1117,4038,1/26/2025 14:26:00,"$350,507.00"
1118,4041,2/4/2025 14:34:00,"$440,383.00"
1119,4042,1/26/2025 13:47:00,"$482,610.00"
1120,4049,2/3/2025 12:41:00,"$375,664.00"
1121,4054,2/3/2025 15:46:00,"$396,808.00"
1122,4055,1/27/2025 17:46:00,"$403,716.00"
1123,4057,1/27/2025 17:31:00,"$425,910.00"
1124,4062,2/3/2025 13:39:00,"$456,733.00"
1125,4064,2/3/2025 1:33:00,"$490,220.00"
1126,4077,2/1/2025 13:13:00,"$504,613.00"
1127,4080,1/30/2025 16:19:00,"$424,759.00"
1128,4083,2/6/2025 2:11:00,"$246,005.00"
1129,4100,2/5/2025 11:18:00,"$496,456.00"
1130,4101,1/28/2025 12:12:00,"$352,154.00"
1131,4107,1/26/2025 14:25:00,"$275,172.00"
1132,4116,1/27/2025 10:23:00,"$506,037.00"
1133,4117,1/27/2025 12:45:00,"$245,059.00"
1134,4118,2/6/2025 11:32:00,"$486,388.00"
1135,4127,1/30/2025 7:32:00,"$444,221.00"
1136,4129,1/30/2025 13:36:00,"$497,025.00"
1137,4135,1/29/2025 7:48:00,"$327,670.00"
1138,4136,2/2/2025 13:29:00,"$280,541.00"
1139,4139,2/1/2025 7:56:00,"$498,851.00"
1140,4140,2/1/2025 22:52:00,"$465,962.00"
1141,4142,2/4/2025 1:08:00,"$540,253.00"
1142,4150,1/30/2025 9:46:00,"$351,570.00"
1143,4156,2/9/2025 10:28:00,"$355,862.00"
1144,4162,2/2/2025 15:54:00,"$462,458.00"
1145,4165,1/30/2025 16:47:00,"$408,927.00"
1146,4166,2/3/2025 15:54:00,"$427,567.00"
1147,4167,2/1/2025 13:04:00,"$339,897.00"
1148,4169,2/1/2025 9:09:00,"$321,029.00"
1149,4172,2/4/2025 14:22:00,"$498,919.00"
1150,4176,2/4/2025 13:11:00,"$275,224.00"
1151,4178,2/1/2025 11:01:00,"$316,410.00"
1152,4187,2/4/2025 21:00:00,"$430,269.00"
1153,4189,1/29/2025 17:06:00,"$470,446.00"
1154,4195,1/28/2025 17:38:00,"$438,890.00"
1155,4198,2/4/2025 17:40:00,"$434,747.00"
1156,4200,1/30/2025 19:38:00,"$363,133.00"
1157,4201,2/2/2025 14:50:00,"$528,360.00"
1158,4208,2/11/2025 10:58:00,"$373,640.00"
1159,4210,2/2/2025 15:02:00,"$285,877.00"
1160,4215,2/2/2025 14:05:00,"$343,497.00"
1161,4219,2/2/2025 14:42:00,"$413,537.00"
1162,4220,2/5/2025 16:55:00,"$487,408.00"
1163,4223,2/2/2025 8:26:00,"$406,276.00"
1164,4226,1/30/2025 15:44:00,"$226,061.00"
1165,4227,2/4/2025 20:56:00,"$520,737.00"
1166,4228,1/28/2025 16:16:00,"$279,724.00"
1167,4232,2/1/2025 20:56:00,"$313,282.00"
1168,4234,1/27/2025 17:05:00,"$510,711.00"
1169,4239,2/6/2025 15:45:00,"$533,916.00"
1170,4240,2/2/2025 12:38:00,"$447,780.00"
1171,4241,1/29/2025 23:35:00,"$352,732.00"
1172,4252,1/30/2025 9:16:00,"$359,614.00"
1173,4256,2/4/2025 16:09:00,"$481,319.00"
1174,4269,1/28/2025 8:57:00,"$360,943.00"
1175,4272,2/1/2025 16:44:00,"$453,126.00"
1176,4283,1/30/2025 20:01:00,"$358,910.00"
1177,4287,2/1/2025 14:46:00,"$459,945.00"
1178,4289,2/5/2025 12:39:00,"$377,201.00"
1179,4301,2/5/2025 11:42:00,"$535,276.00"
1180,4308,2/4/2025 17:42:00,"$439,413.00"
1181,4313,2/1/2025 13:45:00,"$357,012.00"
1182,4322,2/6/2025 19:19:00,"$458,180.00"
1183,4324,2/2/2025 16:59:00,"$367,347.00"
1184,4325,2/6/2025 12:08:00,"$399,692.00"
1185,4330,2/4/2025 12:00:00,"$525,591.00"
1186,4331,2/3/2025 15:12:00,"$473,355.00"
1187,4334,2/1/2025 16:06:00,"$260,760.00"
1188,4335,1/29/2025 11:29:00,"$507,132.00"
1189,4341,2/5/2025 13:41:00,"$444,929.00"
1190,4351,1/30/2025 11:19:00,"$437,115.00"
1191,4352,2/3/2025 8:22:00,"$323,135.00"
1192,4355,1/30/2025 12:33:00,"$378,009.00"
1193,4357,2/3/2025 10:34:00,"$296,827.00"
1194,4358,2/5/2025 15:02:00,"$402,855.00"
1195,4363,1/31/2025 23:48:00,"$360,159.00"
1196,4365,1/29/2025 10:01:00,"$284,186.00"
1197,4372,1/31/2025 18:09:00,"$297,886.00"
1198,4384,2/6/2025 11:21:00,"$276,895.00"
1199,4388,2/3/2025 9:59:00,"$343,589.00"
1200,4391,1/29/2025 22:13:00,"$433,632.00"
1201,4396,2/3/2025 9:44:00,"$392,185.00"
1202,4399,2/2/2025 2:09:00,"$348,786.00"
1203,4400,2/2/2025 17:01:00,"$264,452.00"
1204,4403,1/29/2025 14:24:00,"$439,813.00"
1205,4408,1/31/2025 18:37:00,"$334,088.00"
1206,4415,2/8/2025 8:32:00,"$263,849.00"
1207,4418,2/2/2025 11:24:00,"$286,859.00"
1208,4420,1/28/2025 13:54:00,"$292,256.00"
1209,4422,1/29/2025 10:43:00,"$263,914.00"
1210,4426,2/5/2025 12:16:00,"$514,206.00"
1211,4428,2/3/2025 14:52:00,"$333,615.00"
1212,4432,2/2/2025 18:47:00,"$405,150.00"
1213,4437,2/1/2025 13:04:00,"$263,061.00"
1214,4438,2/3/2025 14:27:00,"$414,440.00"
1215,4448,2/9/2025 10:47:00,"$386,487.00"
1216,4456,2/9/2025 14:07:00,"$337,850.00"
1217,4460,2/9/2025 11:39:00,"$376,353.00"
1218,4476,2/8/2025 11:44:00,"$334,635.00"
1219,4483,2/1/2025 17:30:00,"$523,322.00"
1220,4489,2/6/2025 14:21:00,"$397,542.00"
1221,4490,2/10/2025 13:42:00,"$261,177.00"
1222,4492,2/8/2025 11:43:00,"$441,764.00"
1223,4494,2/4/2025 11:25:00,"$257,502.00"
1224,4497,2/1/2025 11:44:00,"$401,037.00"
1225,4498,2/2/2025 17:47:00,"$477,245.00"
1226,4510,2/5/2025 17:32:00,"$299,078.00"
1227,4512,2/12/2025 18:17:00,"$253,968.00"
1228,4518,2/2/2025 11:30:00,"$280,468.00"
1229,4525,2/3/2025 10:48:00,"$446,765.00"
1230,4527,2/8/2025 13:25:00,"$462,466.00"
1231,4531,1/29/2025 13:55:00,"$464,727.00"
1232,4534,2/8/2025 14:49:00,"$307,747.00"
1233,4536,1/29/2025 16:58:00,"$299,918.00"
1234,4537,2/2/2025 15:48:00,"$491,804.00"
1235,4540,2/2/2025 10:57:00,"$344,886.00"
1236,4553,1/30/2025 16:29:00,"$366,207.00"
1237,4554,2/9/2025 20:33:00,"$403,279.00"
1238,4555,2/10/2025 16:16:00,"$382,179.00"
1239,4556,2/2/2025 12:07:00,"$305,680.00"
1240,4566,2/12/2025 13:31:00,"$365,233.00"
1241,4570,1/29/2025 13:56:00,"$480,043.00"
1242,4583,2/2/2025 10:12:00,"$367,512.00"
1243,4586,2/1/2025 20:26:00,"$534,388.00"
1244,4590,2/1/2025 17:45:00,"$518,465.00"
1245,4593,2/8/2025 16:57:00,"$300,824.00"
1246,4594,2/8/2025 13:13:00,"$271,369.00"
1247,4596,2/12/2025 17:27:00,"$348,146.00"
1248,4598,2/12/2025 15:51:00,"$431,074.00"
1249,4605,2/4/2025 10:02:00,"$482,479.00"
1250,4608,2/4/2025 15:02:00,"$301,166.00"
1251,4611,2/1/2025 11:06:00,"$319,414.00"
1252,4614,2/2/2025 20:02:00,"$502,673.00"
1253,4616,2/9/2025 10:38:00,"$408,305.00"
1254,4617,2/6/2025 10:33:00,"$347,672.00"
1255,4619,2/3/2025 16:35:00,"$510,004.00"
1256,4622,2/4/2025 8:05:00,"$393,840.00"
1257,4624,2/10/2025 15:25:00,"$248,859.00"
1258,4627,2/1/2025 13:22:00,"$513,732.00"
1259,4628,2/2/2025 7:38:00,"$307,095.00"
1260,4629,2/8/2025 13:27:00,"$368,302.00"
1261,4634,2/8/2025 17:31:00,"$279,026.00"
1262,4636,2/2/2025 13:08:00,"$482,355.00"
1263,4639,2/11/2025 6:05:00,"$383,302.00"
1264,4640,2/1/2025 12:28:00,"$442,598.00"
1265,4641,2/1/2025 20:14:00,"$411,885.00"
1266,4642,2/12/2025 7:24:00,"$504,470.00"
1267,4645,2/10/2025 8:21:00,"$270,933.00"
1268,4652,2/8/2025 10:03:00,"$352,187.00"
1269,4653,1/30/2025 12:40:00,"$297,903.00"
1270,4657,2/8/2025 10:37:00,"$390,710.00"
1271,4660,2/2/2025 8:29:00,"$390,744.00"
1272,4664,2/2/2025 15:49:00,"$396,618.00"
1273,4665,2/3/2025 17:17:00,"$275,230.00"
1274,4672,2/2/2025 13:53:00,"$515,679.00"
1275,4683,2/2/2025 12:47:00,"$274,045.00"
1276,4685,2/4/2025 16:51:00,"$427,279.00"
1277,4688,2/11/2025 13:52:00,"$366,540.00"
1278,4691,2/9/2025 11:15:00,"$520,342.00"
1279,4698,2/3/2025 4:39:00,"$367,926.00"
1280,4701,2/10/2025 16:46:00,"$435,437.00"
1281,4703,2/6/2025 10:15:00,"$520,957.00"
1282,4710,2/8/2025 9:46:00,"$397,032.00"
1283,4728,2/6/2025 3:34:00,"$485,332.00"
1284,4729,2/4/2025 14:04:00,"$273,306.00"
1285,4735,2/3/2025 11:05:00,"$436,428.00"
1286,4736,2/6/2025 13:44:00,"$429,918.00"
1287,4737,2/1/2025 16:13:00,"$405,056.00"
1288,4743,2/8/2025 14:36:00,"$476,351.00"
1289,4749,2/6/2025 16:32:00,"$377,267.00"
1290,4750,2/4/2025 11:45:00,"$391,556.00"
1291,4752,2/11/2025 15:28:00,"$409,046.00"
1292,4755,2/12/2025 11:18:00,"$541,226.00"
1293,4756,2/1/2025 19:39:00,"$303,128.00"
1294,4761,2/3/2025 9:50:00,"$446,738.00"
1295,4763,2/9/2025 10:43:00,"$275,584.00"
1296,4764,2/3/2025 16:57:00,"$532,312.00"
1297,4771,2/9/2025 14:08:00,"$399,383.00"
1298,4782,2/8/2025 17:50:00,"$516,861.00"
1299,4786,2/5/2025 8:34:00,"$472,786.00"
1300,4793,2/3/2025 9:34:00,"$291,107.00"
1301,4795,2/3/2025 9:40:00,"$371,604.00"
1302,4801,2/10/2025 12:00:00,"$463,009.00"
1303,4804,2/5/2025 13:12:00,"$490,250.00"
1304,4805,2/6/2025 12:08:00,"$451,249.00"
1305,4823,2/3/2025 0:49:00,"$334,689.00"
1306,4825,2/3/2025 18:31:00,"$366,184.00"
1307,4826,2/15/2025 6:13:00,"$330,303.00"
1308,4827,2/4/2025 13:57:00,"$375,965.00"
1309,4834,2/10/2025 18:18:00,"$496,140.00"
1310,4839,2/1/2025 14:28:00,"$458,993.00"
1311,4840,2/4/2025 12:40:00,"$281,956.00"
1312,4842,2/6/2025 12:01:00,"$259,190.00"
1313,4844,2/10/2025 11:52:00,"$307,943.00"
1314,4851,2/10/2025 10:42:00,"$508,914.00"
1315,4852,2/6/2025 12:46:00,"$513,723.00"
1316,4856,2/11/2025 12:47:00,"$530,035.00"
1317,4860,2/1/2025 17:50:00,"$425,230.00"
1318,4864,2/2/2025 17:40:00,"$444,973.00"
1319,4866,2/2/2025 19:08:00,"$461,371.00"
1320,4869,2/8/2025 12:12:00,"$371,329.00"
1321,4870,2/2/2025 11:08:00,"$472,871.00"
1322,4878,2/13/2025 11:16:00,"$312,838.00"
1323,4880,2/4/2025 17:17:00,"$481,943.00"
1324,4883,2/1/2025 17:47:00,"$436,499.00"
1325,4884,2/8/2025 8:19:00,"$436,726.00"
1326,4885,2/2/2025 10:11:00,"$305,326.00"
1327,4889,2/5/2025 17:42:00,"$470,786.00"
1328,4891,2/2/2025 10:26:00,"$535,007.00"
1329,4893,2/13/2025 16:22:00,"$299,548.00"
1330,4903,2/4/2025 11:11:00,"$267,449.00"
1331,4909,2/4/2025 17:38:00,"$537,739.00"
1332,4918,2/11/2025 15:43:00,"$299,551.00"
1333,4924,2/8/2025 14:13:00,"$451,087.00"
1334,4928,2/11/2025 15:49:00,"$359,375.00"
1335,4946,2/4/2025 12:30:00,"$329,357.00"
1336,4948,2/4/2025 16:07:00,"$319,385.00"
1337,4953,2/5/2025 15:45:00,"$493,858.00"
1338,4954,2/10/2025 6:41:00,"$380,101.00"
1339,4957,2/8/2025 17:51:00,"$270,568.00"
1340,4960,2/14/2025 12:33:00,"$420,151.00"
1341,4965,2/4/2025 8:10:00,"$357,456.00"
1342,4980,2/6/2025 12:27:00,"$270,203.00"
1343,4986,2/4/2025 16:24:00,"$513,649.00"
1344,4991,2/12/2025 11:24:00,"$461,838.00"
1345,4992,2/1/2025 12:03:00,"$381,047.00"
1346,4995,2/2/2025 13:14:00,"$543,581.00"
1347,4998,2/9/2025 15:56:00,"$320,187.00"
1348,5000,2/3/2025 9:44:00,"$404,446.00"
1349,5005,2/13/2025 18:16:00,"$493,258.00"
1350,5023,2/11/2025 16:31:00,"$344,271.00"
1351,5024,2/4/2025 15:07:00,"$354,665.00"
1352,5025,2/11/2025 15:16:00,"$416,669.00"
1353,5027,2/12/2025 15:49:00,"$447,395.00"
1354,5033,2/3/2025 11:00:00,"$479,128.00"
1355,5042,2/10/2025 14:09:00,"$312,541.00"
1356,5045,2/12/2025 11:50:00,"$380,450.00"
1357,5051,2/7/2025 15:44:00,"$409,902.00"
1358,5056,2/2/2025 12:55:00,"$309,435.00"
1359,5057,2/15/2025 10:55:00,"$450,475.00"
1360,5060,2/11/2025 10:24:00,"$336,877.00"
1361,5067,2/8/2025 14:56:00,"$426,817.00"
1362,5069,2/5/2025 11:51:00,"$387,447.00"
1363,5071,2/4/2025 17:57:00,"$434,320.00"
1364,5075,2/9/2025 17:41:00,"$491,287.00"
1365,5076,2/4/2025 17:44:00,"$371,286.00"
1366,5078,2/1/2025 16:26:00,"$488,829.00"
1367,5088,2/9/2025 13:59:00,"$392,508.00"
1368,5093,2/17/2025 11:01:00,"$251,716.00"
1369,5094,2/6/2025 11:04:00,"$366,530.00"
1370,5099,2/3/2025 14:36:00,"$320,144.00"
1371,5105,2/9/2025 11:42:00,"$380,799.00"
1372,5109,2/11/2025 14:01:00,"$488,832.00"
1373,5113,2/10/2025 15:42:00,"$313,447.00"
1374,5121,2/10/2025 15:37:00,"$298,735.00"
1375,5122,2/13/2025 19:09:00,"$371,732.00"
1376,5126,2/8/2025 13:23:00,"$359,686.00"
1377,5127,2/9/2025 3:11:00,"$399,733.00"
1378,5134,2/10/2025 8:26:00,"$286,987.00"
1379,5137,2/4/2025 10:51:00,"$480,696.00"
1380,5138,2/6/2025 15:48:00,"$246,570.00"
1381,5139,2/10/2025 9:14:00,"$541,636.00"
1382,5140,2/6/2025 17:01:00,"$435,875.00"
1383,5141,2/11/2025 17:25:00,"$326,881.00"
1384,5144,2/9/2025 13:47:00,"$432,978.00"
1385,5149,2/4/2025 17:37:00,"$320,077.00"
1386,5153,2/4/2025 12:28:00,"$545,476.00"
1387,5155,2/9/2025 17:22:00,"$419,433.00"
1388,5158,2/8/2025 18:52:00,"$250,695.00"
1389,5159,2/6/2025 10:38:00,"$501,793.00"
1390,5162,2/5/2025 14:10:00,"$325,074.00"
1391,5163,2/17/2025 14:55:00,"$285,932.00"
1392,5167,2/4/2025 16:45:00,"$442,412.00"
1393,5171,2/13/2025 14:52:00,"$475,907.00"
1394,5173,2/11/2025 12:00:00,"$371,735.00"
1395,5194,2/9/2025 13:11:00,"$345,352.00"
1396,5197,2/6/2025 8:50:00,"$276,815.00"
1397,5204,2/5/2025 11:30:00,"$535,302.00"
1398,5207,2/6/2025 10:08:00,"$464,809.00"
1399,5208,2/3/2025 15:33:00,"$400,434.00"
1400,5211,2/9/2025 9:03:00,"$523,828.00"
1401,5213,2/12/2025 12:40:00,"$380,698.00"
1402,5219,2/9/2025 14:44:00,"$289,505.00"
1403,5221,2/6/2025 19:01:00,"$346,817.00"
1404,5222,2/17/2025 9:08:00,"$327,056.00"
1405,5226,2/8/2025 4:37:00,"$366,826.00"
1406,5227,2/4/2025 14:06:00,"$393,052.00"
1407,5229,2/7/2025 15:59:00,"$358,411.00"
1408,5234,2/13/2025 16:35:00,"$360,338.00"
1409,5236,2/13/2025 8:15:00,"$502,803.00"
1410,5240,2/3/2025 15:20:00,"$522,340.00"
1411,5241,2/11/2025 14:26:00,"$306,746.00"
1412,5243,2/10/2025 14:46:00,"$533,561.00"
1413,5247,2/8/2025 13:23:00,"$280,600.00"
1414,5258,2/4/2025 10:24:00,"$309,138.00"
1415,5265,2/6/2025 20:03:00,"$397,321.00"
1416,5267,2/2/2025 14:37:00,"$487,945.00"
1417,5270,2/11/2025 11:47:00,"$284,344.00"
1418,5274,2/6/2025 18:39:00,"$353,763.00"
1419,5281,2/6/2025 17:07:00,"$294,972.00"
1420,5283,2/12/2025 15:35:00,"$400,663.00"
1421,5291,2/6/2025 11:52:00,"$267,765.00"
1422,5297,2/5/2025 17:42:00,"$526,790.00"
1423,5306,2/14/2025 15:43:00,"$261,224.00"
1424,5320,2/10/2025 12:03:00,"$476,793.00"
1425,5322,2/8/2025 2:47:00,"$259,598.00"
1426,5324,2/6/2025 11:05:00,"$260,809.00"
1427,5329,2/16/2025 15:31:00,"$371,230.00"
1428,5339,2/4/2025 14:55:00,"$509,365.00"
1429,5340,2/6/2025 15:43:00,"$458,511.00"
1430,5341,2/11/2025 14:04:00,"$359,535.00"
1431,5352,2/5/2025 16:31:00,"$321,609.00"
1432,5354,2/6/2025 18:51:00,"$292,940.00"
1433,5357,2/5/2025 17:44:00,"$357,757.00"
1434,5358,2/8/2025 18:50:00,"$342,879.00"
1435,5360,2/11/2025 9:09:00,"$246,643.00"
1436,5361,2/3/2025 14:16:00,"$329,396.00"
1437,5368,2/4/2025 8:58:00,"$271,516.00"
1438,5369,2/9/2025 12:22:00,"$289,544.00"
1439,5370,2/6/2025 15:02:00,"$452,577.00"
1440,5377,2/13/2025 15:52:00,"$294,610.00"
1441,5378,2/6/2025 13:41:00,"$326,180.00"
1442,5380,2/13/2025 9:00:00,"$415,638.00"
1443,5386,2/4/2025 13:37:00,"$265,775.00"
1444,5387,2/11/2025 9:54:00,"$300,991.00"
1445,5393,2/17/2025 7:55:00,"$392,816.00"
1446,5396,2/6/2025 13:47:00,"$348,654.00"
1447,5397,2/12/2025 0:39:00,"$355,501.00"
1448,5399,2/10/2025 13:19:00,"$266,010.00"
1449,5403,2/9/2025 13:14:00,"$377,266.00"
1450,5405,2/9/2025 14:11:00,"$472,704.00"
1451,5420,2/19/2025 11:21:00,"$433,551.00"
1452,5428,2/11/2025 1:01:00,"$545,626.00"
1453,5437,2/8/2025 9:20:00,"$478,729.00"
1454,5438,2/11/2025 17:00:00,"$539,688.00"
1455,5439,2/3/2025 17:59:00,"$449,617.00"
1456,5441,2/4/2025 14:09:00,"$517,560.00"
1457,5450,2/7/2025 22:13:00,"$527,929.00"
1458,5451,2/8/2025 18:29:00,"$272,830.00"
1459,5452,2/8/2025 7:05:00,"$503,194.00"
1460,5454,2/15/2025 15:46:00,"$536,835.00"
1461,5459,2/8/2025 23:37:00,"$536,758.00"
1462,5463,2/14/2025 22:11:00,"$342,467.00"
1463,5468,2/13/2025 16:30:00,"$523,747.00"
1464,5470,2/13/2025 12:04:00,"$308,730.00"
1465,5473,2/12/2025 17:25:00,"$539,947.00"
1466,5477,2/12/2025 12:56:00,"$491,328.00"
1467,5478,2/19/2025 15:43:00,"$257,709.00"
1468,5487,2/13/2025 11:56:00,"$389,797.00"
1469,5488,2/6/2025 9:24:00,"$472,133.00"
1470,5493,2/6/2025 0:43:00,"$403,973.00"
1471,5495,2/8/2025 15:21:00,"$451,160.00"
1472,5498,2/17/2025 0:28:00,"$345,741.00"
1473,5499,2/9/2025 17:45:00,"$515,423.00"
1474,5502,2/19/2025 16:22:00,"$392,978.00"
1475,5503,2/11/2025 16:04:00,"$461,976.00"
1476,5505,2/16/2025 14:50:00,"$460,655.00"
1477,5508,2/16/2025 9:56:00,"$395,345.00"
1478,5511,2/11/2025 22:28:00,"$290,248.00"
1479,5513,2/8/2025 14:11:00,"$393,221.00"
1480,5521,2/10/2025 7:57:00,"$448,938.00"
1481,5527,2/16/2025 16:03:00,"$402,083.00"
1482,5529,2/8/2025 8:48:00,"$406,226.00"
1483,5532,2/8/2025 13:06:00,"$445,608.00"
1484,5534,2/5/2025 17:50:00,"$372,517.00"
1485,5546,2/16/2025 0:11:00,"$460,342.00"
1486,5547,2/7/2025 4:56:00,"$329,124.00"
1487,5549,2/11/2025 22:59:00,"$317,248.00"
1488,5552,2/11/2025 6:10:00,"$284,213.00"
1489,5555,2/9/2025 8:50:00,"$518,029.00"
1490,5558,2/6/2025 12:08:00,"$428,437.00"
1491,5564,2/4/2025 20:42:00,"$427,369.00"
1492,5565,2/4/2025 15:25:00,"$449,078.00"
1493,5571,2/17/2025 19:46:00,"$474,088.00"
1494,5573,2/19/2025 14:33:00,"$251,729.00"
1495,5581,2/5/2025 20:28:00,"$353,927.00"
1496,5586,2/16/2025 17:55:00,"$540,178.00"
1497,5590,2/13/2025 13:07:00,"$404,404.00"
1498,5592,2/6/2025 13:13:00,"$372,109.00"
1499,5594,2/12/2025 20:20:00,"$401,079.00"
1500,5602,2/9/2025 10:19:00,"$372,776.00"
1501,5605,2/10/2025 14:49:00,"$415,976.00"
1502,5606,2/8/2025 10:20:00,"$301,396.00"
1503,5607,2/5/2025 19:00:00,"$494,927.00"
1504,5610,2/9/2025 12:05:00,"$279,395.00"
1505,5615,2/12/2025 18:59:00,"$275,704.00"
1506,5617,2/13/2025 16:41:00,"$368,486.00"
1507,5620,2/11/2025 12:06:00,"$336,177.00"
1508,5623,2/5/2025 9:19:00,"$504,247.00"
1509,5626,2/8/2025 16:28:00,"$337,700.00"
1510,5633,2/10/2025 19:15:00,"$478,597.00"
1511,5635,2/8/2025 12:59:00,"$475,057.00"
1512,5637,2/9/2025 16:11:00,"$339,528.00"
1513,5638,2/8/2025 13:30:00,"$420,744.00"
1514,5639,2/12/2025 15:44:00,"$328,859.00"
1515,5641,2/12/2025 9:48:00,"$404,931.00"
1516,5643,2/13/2025 12:43:00,"$375,898.00"
1517,5646,2/5/2025 20:00:00,"$475,341.00"
1518,5655,2/16/2025 9:25:00,"$454,098.00"
1519,5660,2/5/2025 12:28:00,"$293,836.00"
1520,5663,2/15/2025 21:17:00,"$491,652.00"
1521,5664,2/9/2025 10:34:00,"$459,514.00"
1522,5665,2/17/2025 17:25:00,"$494,827.00"
1523,5668,2/14/2025 22:39:00,"$468,368.00"
1524,5672,2/9/2025 19:56:00,"$255,333.00"
1525,5676,2/13/2025 15:27:00,"$456,918.00"
1526,5681,2/11/2025 12:42:00,"$371,288.00"
1527,5685,2/10/2025 2:37:00,"$354,172.00"
1528,5690,2/12/2025 20:18:00,"$261,890.00"
1529,5700,2/8/2025 10:54:00,"$292,796.00"
1530,5705,2/10/2025 12:25:00,"$522,371.00"
1531,5710,2/15/2025 15:52:00,"$510,603.00"
1532,5712,2/8/2025 9:04:00,"$503,887.00"
1533,5718,2/8/2025 10:44:00,"$349,818.00"
1534,5726,2/6/2025 16:08:00,"$413,587.00"
1535,5731,2/9/2025 16:03:00,"$417,430.00"
1536,5736,2/8/2025 16:47:00,"$323,923.00"
1537,5739,2/8/2025 10:48:00,"$252,347.00"
1538,5747,2/12/2025 3:11:00,"$312,007.00"
1539,5749,2/19/2025 3:06:00,"$540,619.00"
1540,5751,2/15/2025 17:44:00,"$306,315.00"
1541,5754,2/20/2025 20:05:00,"$375,201.00"
1542,5757,2/10/2025 10:28:00,"$297,493.00"
1543,5761,2/7/2025 12:41:00,"$520,238.00"
1544,5763,2/15/2025 17:12:00,"$292,748.00"
1545,5772,2/19/2025 18:17:00,"$524,407.00"
1546,5773,2/5/2025 17:19:00,"$370,836.00"
1547,5775,2/6/2025 9:34:00,"$381,707.00"
1548,5778,2/6/2025 7:59:00,"$393,110.00"
1549,5779,2/10/2025 14:29:00,"$476,953.00"
1550,5787,2/9/2025 8:28:00,"$498,222.00"
1551,5788,2/17/2025 10:50:00,"$282,478.00"
1552,5791,2/12/2025 9:07:00,"$352,121.00"
1553,5794,2/10/2025 9:50:00,"$252,120.00"
1554,5797,2/12/2025 10:22:00,"$364,128.00"
1555,5800,2/11/2025 16:39:00,"$307,082.00"
1556,5801,2/12/2025 16:29:00,"$482,863.00"
1557,5807,2/11/2025 9:36:00,"$393,914.00"
1558,5808,2/12/2025 18:00:00,"$440,146.00"
1559,5811,2/16/2025 11:34:00,"$411,167.00"
1560,5814,2/11/2025 12:28:00,"$310,457.00"
1561,5816,2/12/2025 7:41:00,"$432,219.00"
1562,5825,2/17/2025 8:23:00,"$512,521.00"
1563,5832,2/9/2025 13:27:00,"$520,553.00"
1564,5835,2/16/2025 17:37:00,"$461,266.00"
1565,5837,2/6/2025 10:33:00,"$406,253.00"
1566,5843,2/10/2025 11:03:00,"$458,239.00"
1567,5847,2/9/2025 0:57:00,"$341,726.00"
1568,5848,2/9/2025 8:32:00,"$427,356.00"
1569,5851,2/11/2025 15:17:00,"$255,405.00"
1570,5857,2/16/2025 13:19:00,"$458,521.00"
1571,5860,2/8/2025 14:13:00,"$527,706.00"
1572,5867,2/10/2025 14:55:00,"$327,701.00"
1573,5877,2/8/2025 11:20:00,"$497,293.00"
1574,5879,2/9/2025 16:51:00,"$349,607.00"
1575,5883,2/11/2025 9:22:00,"$410,220.00"
1576,5885,2/10/2025 13:29:00,"$321,847.00"
1577,5889,2/12/2025 23:37:00,"$413,226.00"
1578,5891,2/8/2025 11:32:00,"$437,221.00"
1579,5894,2/15/2025 11:04:00,"$508,116.00"
1580,5895,2/9/2025 11:35:00,"$369,771.00"
1581,5896,2/20/2025 17:24:00,"$384,367.00"
1582,5904,2/10/2025 13:06:00,"$384,503.00"
1583,5905,2/10/2025 17:17:00,"$509,297.00"
1584,5907,2/13/2025 9:17:00,"$412,971.00"
1585,5908,2/6/2025 16:26:00,"$270,771.00"
1586,5913,2/10/2025 12:46:00,"$447,265.00"
1587,5919,2/11/2025 10:05:00,"$406,208.00"
1588,5935,2/14/2025 0:08:00,"$289,615.00"
1589,5938,2/13/2025 9:33:00,"$378,671.00"
1590,5945,2/12/2025 11:32:00,"$356,435.00"
1591,5947,2/12/2025 16:33:00,"$408,958.00"
1592,5948,2/15/2025 10:42:00,"$487,037.00"
1593,5953,2/11/2025 10:18:00,"$396,756.00"
1594,5962,2/18/2025 13:16:00,"$305,179.00"
1595,5964,2/22/2025 9:11:00,"$351,529.00"
1596,5970,2/8/2025 9:26:00,"$456,571.00"
1597,5973,2/9/2025 10:39:00,"$483,828.00"
1598,5976,2/13/2025 20:11:00,"$484,300.00"
1599,5985,2/11/2025 17:59:00,"$487,737.00"
1600,5990,2/11/2025 19:54:00,"$314,471.00"
1601,5993,2/12/2025 11:39:00,"$259,138.00"
1602,5994,2/10/2025 13:06:00,"$432,372.00"
1603,5996,2/14/2025 6:13:00,"$360,913.00"
1604,5998,2/17/2025 10:48:00,"$539,763.00"
1605,6004,2/9/2025 15:23:00,"$467,603.00"
1606,6006,2/8/2025 16:05:00,"$509,993.00"
1607,6009,2/9/2025 10:22:00,"$493,808.00"
1608,6016,2/13/2025 17:35:00,"$352,090.00"
1609,6018,2/11/2025 8:05:00,"$379,004.00"
1610,6026,2/11/2025 20:54:00,"$428,704.00"
1611,6028,2/15/2025 10:58:00,"$303,254.00"
1612,6030,2/10/2025 13:38:00,"$405,592.00"
1613,6031,2/13/2025 11:07:00,"$446,761.00"
1614,6032,2/16/2025 1:59:00,"$352,194.00"
1615,6033,2/10/2025 11:39:00,"$381,456.00"
1616,6034,2/11/2025 13:54:00,"$291,039.00"
1617,6040,2/10/2025 4:41:00,"$462,498.00"
1618,6042,2/11/2025 16:08:00,"$319,647.00"
1619,6047,2/9/2025 22:18:00,"$357,844.00"
1620,6048,2/11/2025 14:09:00,"$414,335.00"
1621,6058,2/12/2025 18:42:00,"$476,419.00"
1622,6059,2/15/2025 17:28:00,"$503,233.00"
1623,6067,2/17/2025 1:15:00,"$347,374.00"
1624,6072,2/11/2025 23:15:00,"$362,162.00"
1625,6074,2/17/2025 13:01:00,"$545,032.00"
1626,6079,2/8/2025 16:48:00,"$256,921.00"
1627,6100,2/13/2025 12:49:00,"$295,139.00"
1628,6103,2/17/2025 4:09:00,"$473,866.00"
1629,6109,2/13/2025 20:14:00,"$364,095.00"
1630,6113,2/18/2025 17:26:00,"$495,726.00"
1631,6115,2/11/2025 13:12:00,"$280,383.00"
1632,6117,2/8/2025 9:04:00,"$474,376.00"
1633,6123,2/15/2025 20:25:00,"$510,736.00"
1634,6124,2/15/2025 20:58:00,"$349,089.00"
1635,6127,2/14/2025 19:45:00,"$542,683.00"
1636,6141,2/16/2025 13:45:00,"$272,804.00"
1637,6148,2/12/2025 12:25:00,"$344,352.00"
1638,6155,2/10/2025 15:25:00,"$518,348.00"
1639,6163,2/17/2025 13:56:00,"$447,283.00"
1640,6165,2/9/2025 15:13:00,"$480,811.00"
1641,6166,2/16/2025 17:19:00,"$369,290.00"
1642,6176,2/19/2025 15:41:00,"$456,371.00"
1643,6177,2/14/2025 2:57:00,"$427,387.00"
1644,6179,2/16/2025 10:38:00,"$418,876.00"
1645,6180,2/13/2025 9:52:00,"$414,902.00"
1646,6181,2/11/2025 17:05:00,"$491,085.00"
1647,6185,2/16/2025 22:40:00,"$305,316.00"
1648,6190,2/18/2025 15:31:00,"$398,481.00"
1649,6203,2/15/2025 14:30:00,"$470,916.00"
1650,6205,2/8/2025 16:15:00,"$499,160.00"
1651,6210,2/15/2025 16:54:00,"$275,236.00"
1652,6212,2/15/2025 22:23:00,"$415,442.00"
1653,6222,2/12/2025 10:16:00,"$316,020.00"
1654,6224,2/15/2025 8:59:00,"$287,050.00"
1655,6229,2/16/2025 9:05:00,"$467,130.00"
1656,6230,2/10/2025 17:03:00,"$380,342.00"
1657,6242,2/19/2025 12:02:00,"$513,913.00"
1658,6243,2/12/2025 9:01:00,"$534,710.00"
1659,6249,2/17/2025 13:43:00,"$526,898.00"
1660,6251,2/15/2025 9:19:00,"$282,406.00"
1661,6252,2/13/2025 14:13:00,"$298,545.00"
1662,6253,2/9/2025 2:35:00,"$471,245.00"
1663,6264,2/10/2025 20:43:00,"$374,113.00"
1664,6271,2/19/2025 14:13:00,"$468,078.00"
1665,6272,2/10/2025 10:56:00,"$357,036.00"
1666,6273,2/12/2025 15:35:00,"$513,234.00"
1667,6274,2/15/2025 14:00:00,"$375,888.00"
1668,6276,2/11/2025 13:44:00,"$401,903.00"
1669,6280,2/16/2025 16:25:00,"$470,461.00"
1670,6281,2/17/2025 13:32:00,"$400,156.00"
1671,6288,2/22/2025 10:14:00,"$401,971.00"
1672,6292,2/13/2025 15:09:00,"$461,849.00"
1673,6296,2/15/2025 11:48:00,"$373,618.00"
1674,6300,2/12/2025 12:56:00,"$512,479.00"
1675,6311,2/12/2025 15:32:00,"$541,510.00"
1676,6317,2/13/2025 19:56:00,"$510,160.00"
1677,6318,2/12/2025 12:38:00,"$347,848.00"
1678,6326,2/10/2025 13:36:00,"$392,441.00"
1679,6338,2/9/2025 15:21:00,"$351,872.00"
1680,6346,2/18/2025 3:57:00,"$467,409.00"
1681,6349,2/17/2025 15:25:00,"$524,552.00"
1682,6351,2/18/2025 14:15:00,"$377,684.00"
1683,6352,2/19/2025 12:24:00,"$270,393.00"
1684,6359,2/19/2025 9:06:00,"$343,832.00"
1685,6361,2/15/2025 16:28:00,"$275,176.00"
1686,6362,2/17/2025 12:20:00,"$522,759.00"
1687,6363,2/12/2025 13:53:00,"$418,612.00"
1688,6367,2/10/2025 14:55:00,"$314,423.00"
1689,6375,2/20/2025 11:16:00,"$490,420.00"
1690,6381,2/12/2025 12:15:00,"$509,043.00"
1691,6387,2/10/2025 13:20:00,"$459,282.00"
1692,6392,2/26/2025 11:16:00,"$407,560.00"
1693,6397,2/18/2025 15:45:00,"$350,112.00"
1694,6402,2/17/2025 10:46:00,"$447,502.00"
1695,6405,2/11/2025 13:28:00,"$481,695.00"
1696,6408,2/13/2025 17:40:00,"$457,955.00"
1697,6410,2/12/2025 19:39:00,"$515,077.00"
1698,6415,2/18/2025 11:01:00,"$330,824.00"
1699,6421,2/11/2025 17:17:00,"$434,046.00"
1700,6422,2/17/2025 16:52:00,"$487,934.00"
1701,6424,2/12/2025 12:16:00,"$444,446.00"
1702,6425,2/15/2025 9:31:00,"$459,257.00"
1703,6428,2/24/2025 15:52:00,"$468,263.00"
1704,6429,2/15/2025 12:37:00,"$480,477.00"
1705,6439,2/12/2025 10:11:00,"$479,176.00"
1706,6440,2/10/2025 15:50:00,"$481,227.00"
1707,6445,2/17/2025 16:12:00,"$354,241.00"
1708,6449,2/17/2025 12:46:00,"$499,974.00"
1709,6451,2/11/2025 10:51:00,"$412,439.00"
1710,6452,2/22/2025 9:38:00,"$422,287.00"
1711,6455,2/12/2025 10:41:00,"$481,914.00"
1712,6457,2/13/2025 20:31:00,"$368,413.00"
1713,6467,2/12/2025 15:06:00,"$423,566.00"
1714,6468,2/26/2025 9:53:00,"$433,000.00"
1715,6476,2/13/2025 10:40:00,"$342,130.00"
1716,6479,2/22/2025 13:08:00,"$379,444.00"
1717,6483,2/13/2025 7:57:00,"$526,507.00"
1718,6489,2/17/2025 10:38:00,"$430,863.00"
1719,6497,2/13/2025 21:46:00,"$400,890.00"
1720,6499,2/11/2025 4:08:00,"$286,431.00"
1721,6505,2/17/2025 14:53:00,"$453,272.00"
1722,6513,2/16/2025 13:33:00,"$404,371.00"
1723,6515,2/17/2025 6:08:00,"$348,224.00"
1724,6522,2/22/2025 2:48:00,"$418,658.00"
1725,6523,2/18/2025 9:51:00,"$392,916.00"
1726,6528,2/17/2025 11:32:00,"$500,029.00"
1727,6529,2/12/2025 13:01:00,"$460,513.00"
1728,6531,2/15/2025 14:51:00,"$430,025.00"
1729,6540,2/17/2025 9:03:00,"$445,964.00"
1730,6541,2/16/2025 8:31:00,"$347,048.00"
1731,6542,2/19/2025 11:12:00,"$491,194.00"
1732,6545,2/20/2025 20:38:00,"$291,511.00"
1733,6546,2/20/2025 10:40:00,"$354,349.00"
1734,6550,2/18/2025 15:31:00,"$410,847.00"
1735,6551,2/14/2025 1:57:00,"$511,438.00"
1736,6559,2/20/2025 14:28:00,"$523,118.00"
1737,6563,2/11/2025 8:51:00,"$259,139.00"
1738,6569,2/16/2025 10:48:00,"$373,587.00"
1739,6572,2/16/2025 15:56:00,"$411,490.00"
1740,6576,2/13/2025 18:47:00,"$280,653.00"
1741,6579,2/16/2025 12:15:00,"$496,634.00"
1742,6599,2/16/2025 13:49:00,"$366,000.00"
1743,6600,2/16/2025 13:16:00,"$500,428.00"
1744,6611,2/22/2025 23:17:00,"$527,792.00"
1745,6622,2/12/2025 12:06:00,"$443,084.00"
1746,6626,2/19/2025 10:57:00,"$381,326.00"
1747,6629,2/19/2025 20:17:00,"$314,128.00"
1748,6635,2/17/2025 12:53:00,"$288,692.00"
1749,6636,2/24/2025 17:09:00,"$325,078.00"
1750,6639,2/16/2025 12:00:00,"$308,902.00"
1751,6640,2/19/2025 11:53:00,"$481,814.00"
1752,6647,2/17/2025 10:02:00,"$337,143.00"
1753,6649,2/15/2025 15:39:00,"$447,154.00"
1754,6651,2/20/2025 16:39:00,"$273,906.00"
1755,6653,2/15/2025 16:57:00,"$347,280.00"
1756,6655,2/20/2025 12:16:00,"$343,006.00"
1757,6657,2/12/2025 9:15:00,"$500,822.00"
1758,6658,2/11/2025 13:44:00,"$329,958.00"
1759,6663,2/15/2025 10:22:00,"$543,644.00"
1760,6666,2/16/2025 10:30:00,"$537,903.00"
1761,6670,2/18/2025 9:50:00,"$423,150.00"
1762,6672,2/16/2025 11:45:00,"$503,608.00"
1763,6675,2/18/2025 7:24:00,"$507,806.00"
1764,6676,2/13/2025 10:50:00,"$299,379.00"
1765,6678,2/16/2025 10:49:00,"$346,809.00"
1766,6680,2/13/2025 22:33:00,"$436,949.00"
1767,6681,2/19/2025 3:46:00,"$432,169.00"
1768,6683,2/18/2025 15:02:00,"$268,669.00"
1769,6684,2/14/2025 6:52:00,"$409,994.00"
1770,6689,2/17/2025 15:31:00,"$526,190.00"
1771,6697,2/27/2025 15:43:00,"$288,645.00"
1772,6703,2/26/2025 20:43:00,"$495,579.00"
1773,6704,2/25/2025 17:46:00,"$395,141.00"
1774,6713,2/18/2025 12:06:00,"$247,480.00"
1775,6714,2/17/2025 19:25:00,"$422,421.00"
1776,6716,2/22/2025 10:30:00,"$408,282.00"
1777,6718,2/13/2025 15:41:00,"$348,520.00"
1778,6719,2/16/2025 12:38:00,"$360,618.00"
1779,6721,2/17/2025 8:24:00,"$363,202.00"
1780,6722,2/16/2025 12:53:00,"$420,037.00"
1781,6724,2/15/2025 12:34:00,"$529,780.00"
1782,6725,2/19/2025 11:43:00,"$493,517.00"
1783,6730,2/19/2025 10:29:00,"$538,254.00"
1784,6731,2/24/2025 8:53:00,"$346,613.00"
1785,6732,2/25/2025 9:37:00,"$499,175.00"
1786,6740,2/19/2025 11:47:00,"$500,718.00"
1787,6749,2/12/2025 11:17:00,"$392,596.00"
1788,6750,2/12/2025 9:05:00,"$258,104.00"
1789,6758,2/19/2025 12:01:00,"$399,072.00"
1790,6762,2/19/2025 12:46:00,"$531,530.00"
1791,6764,2/23/2025 15:50:00,"$379,566.00"
1792,6767,2/19/2025 0:17:00,"$260,377.00"
1793,6769,2/22/2025 12:38:00,"$287,606.00"
1794,6775,2/20/2025 15:24:00,"$504,509.00"
1795,6779,2/13/2025 10:37:00,"$507,782.00"
1796,6783,2/18/2025 9:53:00,"$270,075.00"
1797,6787,2/16/2025 17:16:00,"$487,703.00"
1798,6792,2/17/2025 12:16:00,"$374,644.00"
1799,6794,2/23/2025 9:30:00,"$477,463.00"
1800,6797,2/18/2025 11:01:00,"$371,884.00"
1801,6799,2/18/2025 13:17:00,"$265,290.00"
1802,6801,2/18/2025 17:32:00,"$275,754.00"
1803,6802,2/23/2025 11:08:00,"$303,902.00"
1804,6805,2/13/2025 11:33:00,"$499,199.00"
1805,6811,2/17/2025 14:09:00,"$364,776.00"
1806,6813,2/16/2025 10:44:00,"$539,292.00"
1807,6817,2/25/2025 16:53:00,"$373,033.00"
1808,6818,2/16/2025 11:43:00,"$544,640.00"
1809,6820,2/23/2025 8:55:00,"$334,871.00"
1810,6821,2/25/2025 19:40:00,"$485,015.00"
1811,6826,2/13/2025 17:32:00,"$439,895.00"
1812,6829,2/12/2025 13:24:00,"$295,786.00"
1813,6837,2/20/2025 11:53:00,"$467,682.00"
1814,6838,2/23/2025 16:56:00,"$411,436.00"
1815,6841,2/18/2025 13:26:00,"$399,516.00"
1816,6843,2/17/2025 11:56:00,"$444,485.00"
1817,6851,2/12/2025 14:21:00,"$491,777.00"
1818,6854,2/16/2025 21:51:00,"$536,514.00"
1819,6855,2/12/2025 15:10:00,"$259,568.00"
1820,6856,2/24/2025 13:41:00,"$247,445.00"
1821,6858,2/17/2025 13:15:00,"$482,148.00"
1822,6859,2/13/2025 9:00:00,"$432,711.00"
1823,6860,2/22/2025 1:22:00,"$453,880.00"
1824,6867,2/20/2025 10:48:00,"$509,979.00"
1825,6869,2/20/2025 14:53:00,"$331,074.00"
1826,6872,2/18/2025 18:13:00,"$266,458.00"
1827,6875,2/14/2025 2:41:00,"$464,710.00"
1828,6876,2/18/2025 18:24:00,"$413,201.00"
1829,6879,2/18/2025 9:56:00,"$378,777.00"
1830,6880,2/17/2025 11:22:00,"$460,330.00"
1831,6881,2/12/2025 14:51:00,"$293,522.00"
1832,6882,2/15/2025 9:50:00,"$338,886.00"
1833,6886,2/16/2025 9:11:00,"$476,368.00"
1834,6893,2/16/2025 19:48:00,"$318,186.00"
1835,6894,2/13/2025 9:57:00,"$282,335.00"
1836,6897,2/12/2025 18:58:00,"$315,103.00"
1837,6901,2/15/2025 16:01:00,"$530,770.00"
1838,6902,2/16/2025 15:51:00,"$388,898.00"
1839,6908,2/23/2025 11:58:00,"$422,655.00"
1840,6912,2/18/2025 21:07:00,"$536,867.00"
1841,6914,2/22/2025 11:08:00,"$415,167.00"
1842,6917,2/17/2025 13:11:00,"$268,935.00"
1843,6918,2/16/2025 4:18:00,"$252,377.00"
1844,6919,2/18/2025 21:22:00,"$475,630.00"
1845,6920,2/17/2025 14:28:00,"$478,149.00"
1846,6926,2/18/2025 23:18:00,"$481,851.00"
1847,6929,2/16/2025 9:18:00,"$339,504.00"
1848,6939,2/19/2025 13:21:00,"$535,709.00"
1849,6944,2/16/2025 16:04:00,"$414,240.00"
1850,6945,2/18/2025 2:08:00,"$537,857.00"
1851,6952,2/16/2025 16:28:00,"$520,431.00"
1852,6953,2/22/2025 17:11:00,"$429,189.00"
1853,6954,2/17/2025 12:52:00,"$252,135.00"
1854,6958,2/24/2025 12:13:00,"$481,195.00"
1855,6959,2/16/2025 19:39:00,"$316,419.00"
1856,6960,2/16/2025 11:36:00,"$273,746.00"
1857,6961,2/23/2025 10:23:00,"$459,615.00"
1858,6963,2/17/2025 15:27:00,"$416,814.00"
1859,6964,2/24/2025 6:53:00,"$427,344.00"
1860,6968,2/24/2025 15:39:00,"$438,699.00"
1861,6972,2/16/2025 12:05:00,"$463,906.00"
1862,6973,2/19/2025 14:28:00,"$518,926.00"
1863,6974,2/19/2025 13:38:00,"$256,722.00"
1864,6975,2/15/2025 17:44:00,"$530,053.00"
1865,6976,2/26/2025 1:38:00,"$543,880.00"
1866,6979,2/17/2025 11:53:00,"$382,819.00"
1867,6983,2/19/2025 11:36:00,"$376,563.00"
1868,6984,2/16/2025 14:48:00,"$260,528.00"
1869,6989,2/17/2025 15:53:00,"$282,125.00"
1870,6992,2/19/2025 16:33:00,"$397,583.00"
1871,6996,3/1/2025 10:49:00,"$556,223.00"
1872,7000,2/13/2025 14:57:00,"$437,716.00"
1873,7001,2/27/2025 11:23:00,"$311,447.00"
1874,7003,2/18/2025 10:19:00,"$453,716.00"
1875,7006,2/16/2025 11:16:00,"$248,970.00"
1876,7012,2/19/2025 10:37:00,"$338,534.00"
1877,7013,2/23/2025 16:33:00,"$533,334.00"
1878,7015,2/25/2025 16:35:00,"$307,241.00"
1879,7020,2/22/2025 8:45:00,"$354,571.00"
1880,7026,2/23/2025 8:31:00,"$416,395.00"
1881,7029,2/16/2025 12:52:00,"$370,274.00"
1882,7030,2/22/2025 9:15:00,"$311,524.00"
1883,7034,2/20/2025 20:09:00,"$461,713.00"
1884,7037,2/21/2025 17:23:00,"$477,212.00"
1885,7042,2/19/2025 22:11:00,"$541,699.00"
1886,7044,2/19/2025 16:38:00,"$401,295.00"
1887,7047,2/19/2025 13:47:00,"$294,019.00"
1888,7048,2/22/2025 12:16:00,"$323,797.00"
1889,7054,2/24/2025 9:49:00,"$284,931.00"
1890,7058,2/18/2025 4:05:00,"$491,439.00"
1891,7061,2/23/2025 17:18:00,"$467,427.00"
1892,7066,2/19/2025 16:45:00,"$265,616.00"
1893,7070,2/25/2025 16:18:00,"$346,474.00"
1894,7072,2/15/2025 10:10:00,"$532,725.00"
1895,7082,2/18/2025 17:14:00,"$268,480.00"
1896,7083,2/17/2025 9:21:00,"$288,115.00"
1897,7086,2/24/2025 6:15:00,"$358,189.00"
1898,7089,2/17/2025 13:01:00,"$281,492.00"
1899,7091,2/16/2025 13:14:00,"$254,267.00"
1900,7095,2/20/2025 10:33:00,"$542,727.00"
1901,7096,2/22/2025 17:20:00,"$407,017.00"
1902,7098,2/15/2025 16:10:00,"$355,147.00"
1903,7102,2/21/2025 4:48:00,"$306,183.00"
1904,7103,2/25/2025 1:28:00,"$250,942.00"
1905,7113,2/27/2025 0:45:00,"$392,518.00"
1906,7117,2/26/2025 10:47:00,"$468,947.00"
1907,7118,2/16/2025 14:26:00,"$452,070.00"
1908,7122,2/18/2025 12:38:00,"$513,791.00"
1909,7131,2/15/2025 14:05:00,"$385,353.00"
1910,7132,2/18/2025 17:16:00,"$304,682.00"
1911,7134,2/25/2025 11:31:00,"$453,371.00"
1912,7137,3/1/2025 6:14:00,"$292,097.00"
1913,7138,2/17/2025 10:42:00,"$474,292.00"
1914,7140,2/20/2025 10:52:00,"$488,266.00"
1915,7143,2/23/2025 16:38:00,"$313,893.00"
1916,7146,2/24/2025 17:04:00,"$379,410.00"
1917,7147,2/22/2025 12:55:00,"$524,751.00"
1918,7148,2/23/2025 13:54:00,"$368,170.00"
1919,7149,2/24/2025 15:16:00,"$467,992.00"
1920,7150,2/18/2025 14:04:00,"$529,142.00"
1921,7151,2/27/2025 17:40:00,"$346,709.00"
1922,7167,2/20/2025 3:27:00,"$537,266.00"
1923,7168,2/20/2025 1:24:00,"$404,032.00"
1924,7173,2/17/2025 17:49:00,"$352,661.00"
1925,7179,2/21/2025 19:04:00,"$505,956.00"
1926,7180,2/22/2025 9:19:00,"$432,243.00"
1927,7182,2/20/2025 20:33:00,"$395,177.00"
1928,7188,2/17/2025 18:47:00,"$532,691.00"
1929,7189,2/21/2025 12:31:00,"$296,288.00"
1930,7194,2/22/2025 16:32:00,"$421,677.00"
1931,7198,2/20/2025 11:18:00,"$390,460.00"
1932,7201,2/17/2025 8:07:00,"$520,562.00"
1933,7204,2/22/2025 15:59:00,"$380,857.00"
1934,7215,3/1/2025 11:50:00,"$281,072.00"
1935,7216,2/18/2025 14:20:00,"$309,023.00"
1936,7217,2/20/2025 17:51:00,"$415,035.00"
1937,7224,2/22/2025 18:45:00,"$441,061.00"
1938,7227,2/22/2025 13:59:00,"$310,812.00"
1939,7228,2/18/2025 14:22:00,"$525,510.00"
1940,7233,2/18/2025 13:30:00,"$247,288.00"
1941,7239,2/23/2025 2:34:00,"$526,440.00"
1942,7240,2/18/2025 13:18:00,"$307,210.00"
1943,7241,2/19/2025 10:02:00,"$396,290.00"
1944,7243,2/17/2025 15:05:00,"$369,103.00"
1945,7244,2/25/2025 11:25:00,"$348,666.00"
1946,7246,2/26/2025 14:11:00,"$284,169.00"
1947,7251,2/20/2025 20:55:00,"$505,643.00"
1948,7253,2/15/2025 8:50:00,"$442,256.00"
1949,7257,2/19/2025 16:50:00,"$413,765.00"
1950,7259,2/27/2025 20:25:00,"$307,400.00"
1951,7260,2/16/2025 11:24:00,"$400,946.00"
1952,7263,2/23/2025 16:31:00,"$293,778.00"
1953,7266,2/22/2025 12:16:00,"$531,982.00"
1954,7269,2/17/2025 16:42:00,"$406,794.00"
1955,7275,2/24/2025 10:25:00,"$531,641.00"
1956,7276,2/23/2025 15:41:00,"$340,781.00"
1957,7278,2/18/2025 16:58:00,"$470,431.00"
1958,7280,2/25/2025 21:39:00,"$517,323.00"
1959,7288,2/23/2025 11:23:00,"$415,170.00"
1960,7291,2/27/2025 2:08:00,"$333,555.00"
1961,7294,2/17/2025 12:39:00,"$363,378.00"
1962,7298,2/17/2025 15:31:00,"$373,681.00"
1963,7299,2/26/2025 16:59:00,"$529,764.00"
1964,7304,2/16/2025 14:06:00,"$460,160.00"
1965,7305,2/23/2025 9:58:00,"$544,625.00"
1966,7306,2/25/2025 13:32:00,"$499,784.00"
1967,7308,2/18/2025 15:49:00,"$284,506.00"
1968,7311,2/16/2025 15:09:00,"$381,352.00"
1969,7317,2/24/2025 10:29:00,"$306,931.00"
1970,7318,2/23/2025 11:18:00,"$370,610.00"
1971,7321,2/17/2025 16:10:00,"$255,660.00"
1972,7327,2/23/2025 13:51:00,"$337,284.00"
1973,7334,2/23/2025 17:16:00,"$296,654.00"
1974,7336,2/24/2025 20:43:00,"$504,862.00"
1975,7338,3/1/2025 11:24:00,"$367,813.00"
1976,7341,2/18/2025 11:18:00,"$311,022.00"
1977,7342,2/23/2025 11:48:00,"$463,875.00"
1978,7344,2/27/2025 1:16:00,"$421,979.00"
1979,7346,2/20/2025 9:28:00,"$303,559.00"
1980,7347,2/27/2025 4:27:00,"$313,701.00"
1981,7348,2/18/2025 17:59:00,"$259,702.00"
1982,7354,2/20/2025 11:58:00,"$310,306.00"
1983,7355,3/2/2025 14:41:00,"$281,584.00"
1984,7357,2/19/2025 9:41:00,"$528,735.00"
1985,7359,2/19/2025 12:11:00,"$515,202.00"
1986,7362,2/15/2025 15:24:00,"$303,205.00"
1987,7368,2/26/2025 11:01:00,"$398,622.00"
1988,7371,2/17/2025 14:42:00,"$539,850.00"
1989,7376,2/23/2025 13:58:00,"$459,137.00"
1990,7377,2/22/2025 10:46:00,"$290,331.00"
1991,7382,2/17/2025 5:27:00,"$339,992.00"
1992,7387,2/26/2025 10:16:00,"$477,325.00"
1993,7390,2/16/2025 21:46:00,"$283,340.00"
1994,7395,2/19/2025 4:42:00,"$448,171.00"
1995,7400,2/27/2025 14:29:00,"$426,932.00"
1996,7405,2/24/2025 12:50:00,"$531,896.00"
1997,7406,2/18/2025 15:41:00,"$513,424.00"
1998,7407,2/17/2025 18:23:00,"$454,186.00"
1999,7415,2/23/2025 9:29:00,"$254,473.00"
2000,7418,3/1/2025 12:42:00,"$504,770.00"
2001,7420,2/26/2025 19:13:00,"$254,295.00"
2002,7421,2/18/2025 15:25:00,"$479,715.00"
2003,7436,2/19/2025 19:53:00,"$454,229.00"
2004,7439,2/20/2025 9:26:00,"$411,787.00"
2005,7445,2/23/2025 13:28:00,"$348,982.00"
2006,7446,2/19/2025 9:33:00,"$515,227.00"
2007,7449,2/19/2025 13:19:00,"$351,810.00"
2008,7454,2/18/2025 14:26:00,"$410,314.00"
2009,7464,2/25/2025 10:25:00,"$281,068.00"
2010,7469,2/27/2025 5:27:00,"$353,207.00"
2011,7471,2/22/2025 11:36:00,"$388,978.00"
2012,7472,2/19/2025 16:00:00,"$463,099.00"
2013,7473,2/28/2025 12:09:00,"$414,302.00"
2014,7476,3/3/2025 13:10:00,"$271,368.00"
2015,7479,2/23/2025 7:58:00,"$536,375.00"
2016,7481,2/22/2025 11:58:00,"$436,650.00"
2017,7496,2/23/2025 14:08:00,"$320,043.00"
2018,7498,2/18/2025 14:46:00,"$495,048.00"
2019,7501,2/26/2025 19:57:00,"$303,333.00"
2020,7503,2/23/2025 19:53:00,"$460,559.00"
2021,7508,2/24/2025 9:22:00,"$314,248.00"
2022,7512,3/2/2025 3:05:00,"$409,572.00"
2023,7513,2/18/2025 13:45:00,"$364,775.00"
2024,7514,2/27/2025 9:42:00,"$340,220.00"
2025,7516,2/26/2025 13:08:00,"$402,595.00"
2026,7519,2/24/2025 10:59:00,"$437,169.00"
2027,7520,2/25/2025 17:31:00,"$286,957.00"
2028,7523,2/24/2025 20:29:00,"$398,442.00"
2029,7530,2/27/2025 14:08:00,"$372,986.00"
2030,7533,2/20/2025 6:04:00,"$297,547.00"
2031,7538,2/26/2025 9:28:00,"$455,726.00"
2032,7540,2/23/2025 14:20:00,"$269,462.00"
2033,7548,2/18/2025 20:28:00,"$383,665.00"
2034,7552,2/26/2025 9:06:00,"$329,940.00"
2035,7554,2/18/2025 21:53:00,"$486,394.00"
2036,7555,2/23/2025 13:24:00,"$465,902.00"
2037,7560,2/22/2025 15:31:00,"$342,165.00"
2038,7573,2/27/2025 10:37:00,"$321,208.00"
2039,7574,2/24/2025 16:48:00,"$415,376.00"
2040,7578,2/17/2025 12:12:00,"$519,774.00"
2041,7579,2/25/2025 14:11:00,"$427,662.00"
2042,7582,2/23/2025 17:08:00,"$279,008.00"
2043,7588,2/17/2025 9:50:00,"$510,711.00"
2044,7591,2/27/2025 11:41:00,"$371,201.00"
2045,7594,2/24/2025 15:51:00,"$326,992.00"
2046,7595,3/1/2025 12:52:00,"$275,339.00"
2047,7599,2/20/2025 9:08:00,"$459,540.00"
2048,7600,2/17/2025 17:09:00,"$495,151.00"
2049,7602,2/20/2025 9:57:00,"$328,467.00"
2050,7605,2/23/2025 17:15:00,"$286,099.00"
2051,7606,2/22/2025 18:26:00,"$519,986.00"
2052,7607,2/25/2025 10:44:00,"$349,801.00"
2053,7608,2/23/2025 17:25:00,"$248,628.00"
2054,7611,2/20/2025 14:46:00,"$325,387.00"
2055,7616,2/19/2025 14:47:00,"$467,251.00"
2056,7617,2/25/2025 6:41:00,"$388,681.00"
2057,7618,2/22/2025 9:38:00,"$419,561.00"
2058,7619,2/20/2025 9:23:00,"$361,648.00"
2059,7633,2/28/2025 10:11:00,"$484,871.00"
2060,7635,2/20/2025 19:00:00,"$296,095.00"
2061,7637,2/25/2025 15:02:00,"$366,863.00"
2062,7643,2/25/2025 18:32:00,"$514,878.00"
2063,7648,2/27/2025 9:47:00,"$479,100.00"
2064,7651,2/19/2025 10:58:00,"$277,535.00"
2065,7654,3/4/2025 8:26:00,"$499,702.00"
2066,7655,2/18/2025 14:04:00,"$331,664.00"
2067,7659,2/17/2025 12:48:00,"$384,752.00"
2068,7660,2/23/2025 17:08:00,"$415,770.00"
2069,7663,2/22/2025 14:38:00,"$416,920.00"
2070,7665,2/24/2025 18:26:00,"$439,020.00"
2071,7668,2/24/2025 15:33:00,"$400,581.00"
2072,7673,3/1/2025 5:34:00,"$409,456.00"
2073,7676,2/27/2025 14:26:00,"$272,605.00"
2074,7680,2/18/2025 13:23:00,"$273,754.00"
2075,7685,2/19/2025 12:19:00,"$289,361.00"
2076,7688,3/1/2025 10:50:00,"$354,188.00"
2077,7689,2/22/2025 11:27:00,"$537,257.00"
2078,7705,2/24/2025 13:33:00,"$307,106.00"
2079,7712,2/25/2025 13:03:00,"$419,658.00"
2080,7715,2/22/2025 14:18:00,"$430,947.00"
2081,7719,2/22/2025 11:59:00,"$472,741.00"
2082,7721,2/25/2025 15:20:00,"$349,866.00"
2083,7725,2/18/2025 10:18:00,"$462,061.00"
2084,7737,2/27/2025 9:05:00,"$328,169.00"
2085,7741,2/26/2025 11:12:00,"$354,925.00"
2086,7742,3/1/2025 17:39:00,"$336,850.00"
2087,7745,2/19/2025 16:26:00,"$290,405.00"
2088,7746,2/24/2025 14:54:00,"$437,982.00"
2089,7756,2/27/2025 15:57:00,"$290,682.00"
2090,7774,2/25/2025 11:47:00,"$472,877.00"
2091,7776,2/25/2025 4:42:00,"$473,218.00"
2092,7779,2/25/2025 17:11:00,"$439,840.00"
2093,7780,2/20/2025 11:56:00,"$448,685.00"
2094,7782,2/25/2025 11:28:00,"$476,508.00"
2095,7786,2/23/2025 9:54:00,"$513,447.00"
2096,7788,2/24/2025 9:59:00,"$291,068.00"
2097,7793,2/28/2025 20:08:00,"$353,013.00"
2098,7796,2/24/2025 15:12:00,"$543,481.00"
2099,7809,3/3/2025 0:49:00,"$399,051.00"
2100,7812,2/23/2025 17:49:00,"$523,629.00"
2101,7814,2/26/2025 10:49:00,"$451,015.00"
2102,7821,2/26/2025 15:09:00,"$318,020.00"
2103,7832,2/26/2025 13:28:00,"$484,185.00"
2104,7834,2/24/2025 9:20:00,"$350,329.00"
2105,7840,2/20/2025 17:11:00,"$398,979.00"
2106,7844,2/20/2025 15:09:00,"$290,735.00"
2107,7846,2/27/2025 11:28:00,"$441,050.00"
2108,7849,2/24/2025 19:04:00,"$411,177.00"
2109,7851,2/25/2025 13:22:00,"$538,071.00"
2110,7857,2/26/2025 13:40:00,"$479,342.00"
2111,7861,2/26/2025 7:21:00,"$455,985.00"
2112,7867,2/20/2025 18:19:00,"$421,683.00"
2113,7870,2/19/2025 9:07:00,"$328,104.00"
2114,7874,2/25/2025 15:43:00,"$292,049.00"
2115,7879,3/4/2025 20:23:00,"$562,913.00"
2116,7880,2/27/2025 10:56:00,"$354,001.00"
2117,7884,3/1/2025 14:31:00,"$338,683.00"
2118,7886,2/22/2025 10:35:00,"$332,253.00"
2119,7889,3/3/2025 13:27:00,"$534,741.00"
2120,7893,2/22/2025 7:16:00,"$502,448.00"
2121,7894,2/23/2025 10:44:00,"$260,517.00"
2122,7897,2/22/2025 9:55:00,"$287,596.00"
2123,7901,2/25/2025 13:30:00,"$256,007.00"
2124,7906,3/5/2025 9:30:00,"$400,848.00"
2125,7907,2/27/2025 8:11:00,"$475,129.00"
2126,7908,2/19/2025 9:12:00,"$433,663.00"
2127,7911,2/19/2025 20:29:00,"$355,779.00"
2128,7912,2/23/2025 8:13:00,"$499,178.00"
2129,7922,2/25/2025 23:21:00,"$509,037.00"
2130,7925,2/25/2025 14:16:00,"$397,286.00"
2131,7933,2/23/2025 12:16:00,"$513,005.00"
2132,7938,3/5/2025 20:39:00,"$486,881.00"
2133,7939,3/1/2025 16:38:00,"$456,530.00"
2134,7948,2/24/2025 15:37:00,"$380,516.00"
2135,7951,2/25/2025 17:53:00,"$472,541.00"
2136,7953,2/27/2025 9:13:00,"$439,953.00"
2137,7958,2/24/2025 15:37:00,"$544,608.00"
2138,7959,2/27/2025 19:55:00,"$518,720.00"
2139,7960,2/26/2025 17:37:00,"$318,336.00"
2140,7967,2/24/2025 5:40:00,"$341,644.00"
2141,7975,3/3/2025 10:01:00,"$415,168.00"
2142,7977,2/25/2025 14:09:00,"$482,537.00"
2143,7983,2/26/2025 12:59:00,"$367,145.00"
2144,7984,2/27/2025 12:40:00,"$541,136.00"
2145,7989,2/25/2025 17:46:00,"$429,868.00"
2146,8006,2/25/2025 9:31:00,"$267,359.00"
2147,8008,2/26/2025 9:52:00,"$520,769.00"
2148,8009,2/23/2025 4:51:00,"$262,526.00"
2149,8012,2/19/2025 19:00:00,"$445,899.00"
2150,8021,3/6/2025 16:39:00,"$462,280.00"
2151,8023,2/23/2025 6:03:00,"$280,222.00"
2152,8025,2/22/2025 0:08:00,"$306,631.00"
2153,8032,2/23/2025 13:17:00,"$328,902.00"
2154,8034,2/27/2025 10:55:00,"$488,484.00"
2155,8035,3/5/2025 15:55:00,"$482,198.00"
2156,8036,2/23/2025 20:27:00,"$450,118.00"
2157,8039,2/20/2025 18:45:00,"$494,947.00"
2158,8052,2/21/2025 22:46:00,"$341,557.00"
2159,8054,2/22/2025 13:33:00,"$281,851.00"
2160,8057,2/24/2025 15:33:00,"$279,267.00"
2161,8059,2/24/2025 19:03:00,"$397,995.00"
2162,8066,3/3/2025 13:27:00,"$430,988.00"
2163,8067,2/24/2025 14:44:00,"$348,192.00"
2164,8068,2/28/2025 12:12:00,"$504,052.00"
2165,8069,3/1/2025 12:14:00,"$473,812.00"
2166,8073,3/3/2025 10:36:00,"$405,068.00"
2167,8076,3/1/2025 13:28:00,"$311,528.00"
2168,8077,2/20/2025 15:40:00,"$321,903.00"
2169,8078,2/25/2025 17:38:00,"$501,631.00"
2170,8080,2/25/2025 5:19:00,"$401,897.00"
2171,8082,2/23/2025 17:21:00,"$302,949.00"
2172,8089,3/5/2025 13:09:00,"$407,132.00"
2173,8090,2/26/2025 14:22:00,"$493,012.00"
2174,8102,3/5/2025 7:17:00,"$400,125.00"
2175,8105,2/20/2025 12:26:00,"$283,573.00"
2176,8108,2/23/2025 9:20:00,"$263,517.00"
2177,8112,2/24/2025 13:38:00,"$469,884.00"
2178,8122,2/26/2025 8:19:00,"$407,638.00"
2179,8126,3/4/2025 11:21:00,"$372,317.00"
2180,8128,2/25/2025 7:33:00,"$494,147.00"
2181,8130,3/5/2025 17:02:00,"$327,289.00"
2182,8134,3/3/2025 6:05:00,"$514,179.00"
2183,8135,2/27/2025 15:32:00,"$311,658.00"
2184,8137,3/3/2025 8:32:00,"$553,283.00"
2185,8139,2/27/2025 18:01:00,"$367,922.00"
2186,8146,2/26/2025 15:03:00,"$435,906.00"
2187,8147,3/3/2025 13:53:00,"$315,605.00"
2188,8148,2/25/2025 15:34:00,"$282,678.00"
2189,8153,3/1/2025 15:58:00,"$406,061.00"
2190,8162,2/21/2025 15:36:00,"$353,248.00"
2191,8165,2/20/2025 17:01:00,"$300,946.00"
2192,8166,3/2/2025 10:56:00,"$526,780.00"
2193,8169,3/2/2025 18:55:00,"$359,667.00"
2194,8175,2/22/2025 10:47:00,"$459,546.00"
2195,8176,2/27/2025 13:42:00,"$357,826.00"
2196,8177,2/24/2025 1:27:00,"$300,940.00"
2197,8178,2/24/2025 8:37:00,"$299,464.00"
2198,8188,2/24/2025 15:08:00,"$464,153.00"
2199,8197,2/22/2025 10:41:00,"$456,732.00"
2200,8203,2/25/2025 11:51:00,"$515,515.00"
2201,8205,2/23/2025 14:17:00,"$361,416.00"
2202,8210,2/22/2025 20:37:00,"$362,869.00"
2203,8216,3/4/2025 10:18:00,"$490,815.00"
2204,8221,2/21/2025 10:27:00,"$307,285.00"
2205,8223,2/26/2025 13:35:00,"$266,904.00"
2206,8227,3/1/2025 12:21:00,"$286,566.00"
2207,8228,2/22/2025 10:37:00,"$363,199.00"
2208,8239,3/2/2025 17:47:00,"$458,874.00"
2209,8244,2/25/2025 12:10:00,"$403,329.00"
2210,8246,2/25/2025 15:11:00,"$471,358.00"
2211,8253,2/26/2025 9:53:00,"$301,091.00"
2212,8263,2/27/2025 12:43:00,"$391,313.00"
2213,8272,2/23/2025 17:57:00,"$469,224.00"
2214,8277,3/2/2025 17:23:00,"$406,708.00"
2215,8288,2/25/2025 0:26:00,"$444,801.00"
2216,8296,3/3/2025 16:21:00,"$404,262.00"
2217,8297,2/25/2025 9:14:00,"$402,854.00"
2218,8301,2/26/2025 18:43:00,"$519,834.00"
2219,8304,3/2/2025 15:12:00,"$396,994.00"
2220,8311,2/25/2025 0:45:00,"$338,322.00"
2221,8316,3/3/2025 9:36:00,"$510,894.00"
2222,8323,2/24/2025 18:42:00,"$426,448.00"
2223,8326,3/5/2025 8:48:00,"$360,971.00"
2224,8330,3/5/2025 12:24:00,"$310,152.00"
2225,8332,2/23/2025 12:26:00,"$409,096.00"
2226,8339,3/1/2025 11:29:00,"$339,299.00"
2227,8352,3/1/2025 21:38:00,"$278,136.00"
2228,8355,2/25/2025 12:46:00,"$476,778.00"
2229,8356,2/26/2025 16:17:00,"$524,384.00"
2230,8360,2/23/2025 14:12:00,"$374,335.00"
2231,8361,3/2/2025 10:07:00,"$328,385.00"
2232,8362,3/6/2025 17:28:00,"$359,951.00"
2233,8367,3/1/2025 19:33:00,"$402,159.00"
2234,8371,2/26/2025 10:29:00,"$356,205.00"
2235,8380,2/26/2025 13:47:00,"$247,394.00"
2236,8382,2/26/2025 12:15:00,"$461,215.00"
2237,8385,3/6/2025 12:14:00,"$452,208.00"
2238,8389,2/26/2025 16:28:00,"$393,583.00"
2239,8391,2/24/2025 16:40:00,"$252,448.00"
2240,8393,2/25/2025 17:10:00,"$533,864.00"
2241,8399,2/26/2025 14:37:00,"$395,092.00"
2242,8406,3/5/2025 12:49:00,"$548,316.00"
2243,8416,2/25/2025 11:12:00,"$543,027.00"
2244,8421,3/3/2025 22:35:00,"$286,641.00"
2245,8424,2/25/2025 17:48:00,"$355,865.00"
2246,8426,2/23/2025 14:59:00,"$390,682.00"
2247,8428,2/27/2025 16:59:00,"$440,875.00"
2248,8429,2/26/2025 9:23:00,"$377,693.00"
2249,8434,3/2/2025 14:47:00,"$347,772.00"
2250,8435,3/2/2025 11:56:00,"$450,217.00"
2251,8437,3/1/2025 17:08:00,"$438,519.00"
2252,8447,3/3/2025 12:39:00,"$281,423.00"
2253,8448,2/27/2025 2:13:00,"$499,135.00"
2254,8449,3/3/2025 17:14:00,"$296,483.00"
2255,8453,2/25/2025 12:13:00,"$287,808.00"
2256,8454,2/22/2025 18:13:00,"$354,856.00"
2257,8456,2/25/2025 11:24:00,"$265,547.00"
2258,8462,2/24/2025 9:05:00,"$285,235.00"
2259,8465,3/4/2025 12:50:00,"$396,846.00"
2260,8468,2/27/2025 10:05:00,"$513,410.00"
2261,8470,2/22/2025 14:52:00,"$355,800.00"
2262,8474,3/2/2025 15:37:00,"$518,748.00"
2263,8478,2/22/2025 17:06:00,"$459,099.00"
2264,8479,3/2/2025 11:42:00,"$471,011.00"
2265,8482,3/4/2025 16:35:00,"$392,042.00"
2266,8483,3/6/2025 3:55:00,"$308,274.00"
2267,8491,3/7/2025 6:06:00,"$518,122.00"
2268,8493,2/24/2025 14:05:00,"$270,559.00"
2269,8496,2/27/2025 12:46:00,"$366,936.00"
2270,8500,2/25/2025 17:02:00,"$495,485.00"
2271,8504,2/24/2025 16:31:00,"$422,580.00"
2272,8510,3/11/2025 10:27:00,"$485,310.00"
2273,8512,2/27/2025 11:08:00,"$511,922.00"
2274,8517,2/25/2025 16:32:00,"$434,765.00"
2275,8518,3/9/2025 4:05:00,"$430,896.00"
2276,8523,3/1/2025 9:17:00,"$456,087.00"
2277,8525,2/25/2025 17:02:00,"$493,351.00"
2278,8527,3/1/2025 12:31:00,"$562,172.00"
2279,8529,2/24/2025 14:35:00,"$456,183.00"
2280,8533,3/2/2025 19:14:00,"$300,087.00"
2281,8537,3/2/2025 12:19:00,"$517,650.00"
2282,8541,2/24/2025 17:52:00,"$362,471.00"
2283,8544,3/8/2025 16:25:00,"$543,575.00"
2284,8547,3/3/2025 2:44:00,"$347,740.00"
2285,8550,3/1/2025 12:10:00,"$501,598.00"
2286,8556,2/26/2025 14:41:00,"$517,817.00"
2287,8561,2/23/2025 16:43:00,"$303,717.00"
2288,8562,2/27/2025 10:54:00,"$327,187.00"
2289,8564,3/2/2025 11:59:00,"$337,088.00"
2290,8569,3/2/2025 19:46:00,"$439,518.00"
2291,8577,2/25/2025 20:32:00,"$475,008.00"
2292,8579,3/2/2025 13:25:00,"$476,272.00"
2293,8580,3/3/2025 10:00:00,"$506,927.00"
2294,8581,3/3/2025 10:35:00,"$419,159.00"
2295,8584,3/4/2025 10:43:00,"$434,240.00"
2296,8585,3/8/2025 13:49:00,"$407,846.00"
2297,8586,3/6/2025 9:08:00,"$509,461.00"
2298,8591,2/24/2025 15:26:00,"$333,983.00"
2299,8595,2/26/2025 15:22:00,"$268,985.00"
2300,8599,3/4/2025 9:06:00,"$561,037.00"
2301,8603,3/2/2025 13:34:00,"$474,112.00"
2302,8608,2/23/2025 13:10:00,"$419,867.00"
2303,8610,2/26/2025 13:55:00,"$295,487.00"
2304,8611,3/2/2025 17:43:00,"$431,672.00"
2305,8617,2/26/2025 17:53:00,"$277,257.00"
2306,8619,3/2/2025 14:07:00,"$453,854.00"
2307,8624,2/27/2025 14:05:00,"$418,840.00"
2308,8629,3/3/2025 15:01:00,"$323,752.00"
2309,8630,3/5/2025 13:04:00,"$519,192.00"
2310,8636,2/25/2025 11:55:00,"$425,390.00"
2311,8637,3/2/2025 11:40:00,"$491,348.00"
2312,8639,3/1/2025 10:58:00,"$433,316.00"
2313,8642,3/8/2025 9:40:00,"$270,496.00"
2314,8646,3/3/2025 16:20:00,"$408,374.00"
2315,8648,2/26/2025 17:51:00,"$482,896.00"
2316,8650,2/24/2025 9:38:00,"$358,617.00"
2317,8657,3/1/2025 12:45:00,"$451,899.00"
2318,8661,2/27/2025 13:39:00,"$473,059.00"
2319,8666,2/23/2025 16:13:00,"$343,406.00"
2320,8668,3/1/2025 13:40:00,"$478,719.00"
2321,8670,2/25/2025 9:34:00,"$543,780.00"
2322,8682,2/27/2025 14:03:00,"$391,452.00"
2323,8683,3/1/2025 15:12:00,"$390,681.00"
2324,8685,3/2/2025 19:07:00,"$407,710.00"
2325,8686,3/4/2025 12:38:00,"$470,897.00"
2326,8687,2/27/2025 18:58:00,"$478,660.00"
2327,8690,2/24/2025 21:49:00,"$267,900.00"
2328,8694,3/10/2025 17:23:00,"$295,513.00"
2329,8698,3/6/2025 13:02:00,"$393,979.00"
2330,8699,2/27/2025 0:02:00,"$369,002.00"
2331,8704,2/26/2025 12:05:00,"$326,426.00"
2332,8708,3/1/2025 15:32:00,"$358,645.00"
2333,8711,2/27/2025 12:50:00,"$460,394.00"
2334,8712,3/3/2025 13:38:00,"$568,783.00"
2335,8724,2/28/2025 3:07:00,"$514,106.00"
2336,8737,2/26/2025 16:46:00,"$381,502.00"
2337,8753,2/24/2025 8:02:00,"$379,805.00"
2338,8754,3/8/2025 9:48:00,"$436,360.00"
2339,8755,2/25/2025 11:32:00,"$359,074.00"
2340,8759,3/2/2025 1:27:00,"$528,670.00"
2341,8761,3/5/2025 11:07:00,"$338,940.00"
2342,8772,3/5/2025 20:48:00,"$315,618.00"
2343,8773,3/2/2025 17:06:00,"$424,792.00"
2344,8780,3/1/2025 10:08:00,"$547,096.00"
2345,8787,3/3/2025 11:53:00,"$395,662.00"
2346,8793,3/5/2025 13:29:00,"$280,472.00"
2347,8794,2/24/2025 12:53:00,"$410,008.00"
2348,8797,3/1/2025 17:56:00,"$302,266.00"
2349,8799,3/5/2025 12:34:00,"$394,609.00"
2350,8800,3/4/2025 9:06:00,"$500,312.00"
2351,8803,3/5/2025 12:22:00,"$419,838.00"
2352,8804,3/6/2025 19:38:00,"$524,496.00"
2353,8805,3/8/2025 16:30:00,"$375,946.00"
2354,8806,3/3/2025 13:37:00,"$551,731.00"
2355,8814,2/24/2025 14:35:00,"$543,041.00"
2356,8821,3/8/2025 5:32:00,"$306,026.00"
2357,8848,2/25/2025 17:18:00,"$525,935.00"
2358,8855,2/26/2025 12:47:00,"$515,193.00"
2359,8858,3/6/2025 1:01:00,"$547,745.00"
2360,8859,3/2/2025 12:57:00,"$443,560.00"
2361,8862,2/26/2025 18:59:00,"$515,811.00"
2362,8863,3/8/2025 13:11:00,"$404,616.00"
2363,8871,3/2/2025 10:44:00,"$351,645.00"
2364,8873,2/26/2025 6:10:00,"$485,048.00"
2365,8874,2/27/2025 16:02:00,"$314,187.00"
2366,8876,2/26/2025 16:39:00,"$534,042.00"
2367,8878,3/6/2025 13:35:00,"$536,514.00"
2368,8883,3/2/2025 14:38:00,"$466,541.00"
2369,8886,3/3/2025 15:29:00,"$402,205.00"
2370,8889,3/1/2025 14:40:00,"$279,903.00"
2371,8891,2/27/2025 11:52:00,"$380,526.00"
2372,8895,2/26/2025 10:29:00,"$302,292.00"
2373,8897,2/26/2025 14:40:00,"$447,814.00"
2374,8910,3/8/2025 16:28:00,"$426,123.00"
2375,8918,3/5/2025 10:08:00,"$324,937.00"
2376,8920,2/25/2025 18:27:00,"$415,512.00"
2377,8925,3/3/2025 11:26:00,"$312,959.00"
2378,8929,3/6/2025 16:00:00,"$439,260.00"
2379,8936,3/5/2025 8:51:00,"$284,231.00"
2380,8946,3/1/2025 18:34:00,"$380,456.00"
2381,8950,3/12/2025 16:20:00,"$335,339.00"
2382,8951,3/3/2025 23:43:00,"$408,471.00"
2383,8952,2/26/2025 17:19:00,"$505,939.00"
2384,8954,3/2/2025 9:17:00,"$503,528.00"
2385,8960,3/3/2025 12:57:00,"$436,600.00"
2386,8965,3/5/2025 17:11:00,"$472,748.00"
2387,8975,2/25/2025 13:22:00,"$441,846.00"
2388,8979,2/28/2025 3:40:00,"$327,650.00"
2389,8983,3/3/2025 14:16:00,"$429,739.00"
2390,8986,3/8/2025 6:50:00,"$545,460.00"
2391,8987,3/2/2025 16:14:00,"$340,716.00"
2392,8989,3/12/2025 11:11:00,"$519,149.00"
2393,8990,2/27/2025 10:12:00,"$481,431.00"
2394,8991,3/5/2025 7:50:00,"$320,875.00"
2395,8992,2/25/2025 16:41:00,"$341,840.00"
2396,8993,3/2/2025 15:34:00,"$567,060.00"
2397,8995,3/3/2025 11:17:00,"$331,121.00"
2398,8996,2/27/2025 12:16:00,"$457,838.00"
2399,9000,3/10/2025 17:00:00,"$360,712.00"
2400,9004,3/8/2025 19:17:00,"$309,438.00"
2401,9014,3/3/2025 20:01:00,"$553,004.00"
2402,9015,3/1/2025 10:21:00,"$319,072.00"
2403,9016,3/4/2025 14:27:00,"$284,886.00"
2404,9019,3/1/2025 18:50:00,"$494,985.00"
2405,9021,2/26/2025 18:11:00,"$367,164.00"
2406,9030,3/5/2025 9:58:00,"$384,535.00"
2407,9032,3/3/2025 4:24:00,"$519,041.00"
2408,9036,3/6/2025 6:42:00,"$509,570.00"
2409,9038,2/25/2025 16:22:00,"$526,316.00"
2410,9040,3/6/2025 10:33:00,"$559,482.00"
2411,9056,3/6/2025 9:40:00,"$336,831.00"
2412,9064,3/2/2025 9:33:00,"$353,967.00"
2413,9067,3/2/2025 20:06:00,"$398,804.00"
2414,9075,3/4/2025 17:24:00,"$503,998.00"
2415,9079,3/8/2025 20:24:00,"$364,827.00"
2416,9086,3/1/2025 15:01:00,"$298,801.00"
2417,9093,3/1/2025 18:30:00,"$310,684.00"
2418,9095,3/4/2025 11:06:00,"$531,943.00"
2419,9096,3/10/2025 16:29:00,"$465,299.00"
2420,9107,2/26/2025 14:08:00,"$297,054.00"
2421,9109,2/28/2025 12:05:00,"$501,299.00"
2422,9110,3/3/2025 11:10:00,"$547,565.00"
2423,9113,3/1/2025 15:01:00,"$349,912.00"
2424,9121,3/6/2025 16:55:00,"$335,780.00"
2425,9122,3/6/2025 12:19:00,"$495,700.00"
2426,9133,2/28/2025 1:48:00,"$536,341.00"
2427,9140,3/11/2025 9:02:00,"$521,944.00"
2428,9142,2/27/2025 15:37:00,"$507,226.00"
2429,9147,3/5/2025 13:20:00,"$433,455.00"
2430,9148,3/13/2025 11:09:00,"$459,413.00"
2431,9149,3/3/2025 7:00:00,"$458,828.00"
2432,9151,3/6/2025 17:31:00,"$282,846.00"
2433,9154,3/5/2025 15:49:00,"$378,365.00"
2434,9155,3/9/2025 8:42:00,"$364,133.00"
2435,9158,3/5/2025 17:49:00,"$490,382.00"
2436,9161,3/4/2025 9:15:00,"$432,061.00"
2437,9171,3/4/2025 15:13:00,"$291,985.00"
2438,9173,3/9/2025 1:08:00,"$454,116.00"
2439,9177,3/3/2025 4:54:00,"$359,787.00"
2440,9182,3/6/2025 13:09:00,"$506,527.00"
2441,9183,3/10/2025 17:14:00,"$402,562.00"
2442,9186,3/6/2025 11:18:00,"$518,751.00"
2443,9189,3/3/2025 11:52:00,"$382,267.00"
2444,9190,3/2/2025 12:25:00,"$485,027.00"
2445,9192,2/27/2025 11:36:00,"$283,630.00"
2446,9195,3/8/2025 17:48:00,"$476,226.00"
2447,9198,3/6/2025 17:42:00,"$311,057.00"
2448,9200,3/2/2025 14:35:00,"$515,528.00"
2449,9209,2/27/2025 12:35:00,"$285,040.00"
2450,9214,3/5/2025 18:27:00,"$475,840.00"
2451,9220,2/27/2025 9:21:00,"$379,678.00"
2452,9221,2/28/2025 15:03:00,"$359,628.00"
2453,9222,3/9/2025 7:15:00,"$297,546.00"
2454,9227,3/1/2025 15:06:00,"$401,274.00"
2455,9232,3/8/2025 9:31:00,"$472,763.00"
2456,9237,3/8/2025 17:28:00,"$346,677.00"
2457,9241,3/4/2025 16:10:00,"$313,831.00"
2458,9246,3/1/2025 10:49:00,"$494,054.00"
2459,9248,3/5/2025 10:12:00,"$452,733.00"
2460,9257,3/2/2025 17:44:00,"$406,766.00"
2461,9259,3/11/2025 16:32:00,"$393,597.00"
2462,9260,3/5/2025 17:28:00,"$336,560.00"
2463,9261,3/6/2025 7:23:00,"$279,061.00"
2464,9263,3/1/2025 11:25:00,"$396,439.00"
2465,9264,3/2/2025 14:39:00,"$530,930.00"
2466,9269,3/4/2025 9:26:00,"$303,687.00"
2467,9274,3/1/2025 5:02:00,"$359,076.00"
2468,9276,3/5/2025 8:47:00,"$461,712.00"
2469,9279,3/2/2025 15:33:00,"$539,818.00"
2470,9284,3/5/2025 11:42:00,"$377,659.00"
2471,9288,3/1/2025 19:35:00,"$352,362.00"
2472,9290,3/8/2025 12:56:00,"$480,146.00"
2473,9292,3/3/2025 17:49:00,"$550,135.00"
2474,9296,3/11/2025 10:18:00,"$433,619.00"
2475,9300,3/4/2025 10:38:00,"$523,595.00"
2476,9303,3/11/2025 4:46:00,"$439,452.00"
2477,9304,3/3/2025 19:22:00,"$446,164.00"
2478,9309,3/11/2025 10:32:00,"$538,438.00"
2479,9313,3/3/2025 14:29:00,"$308,714.00"
2480,9317,3/1/2025 2:28:00,"$410,017.00"
2481,9318,3/2/2025 16:57:00,"$381,632.00"
2482,9319,3/10/2025 14:30:00,"$300,514.00"
2483,9320,3/9/2025 14:31:00,"$497,169.00"
2484,9324,3/5/2025 15:59:00,"$393,753.00"
2485,9333,3/1/2025 8:19:00,"$406,484.00"
2486,9337,3/4/2025 11:57:00,"$530,233.00"
2487,9338,3/5/2025 19:48:00,"$484,485.00"
2488,9340,3/6/2025 20:15:00,"$331,643.00"
2489,9342,3/13/2025 12:38:00,"$426,983.00"
2490,9344,3/8/2025 10:01:00,"$336,932.00"
2491,9345,3/5/2025 15:23:00,"$346,174.00"
2492,9353,3/4/2025 13:54:00,"$491,793.00"
2493,9359,3/11/2025 16:46:00,"$487,844.00"
2494,9360,3/5/2025 15:41:00,"$373,111.00"
2495,9369,3/12/2025 14:09:00,"$302,834.00"
2496,9379,3/14/2025 8:54:00,"$327,045.00"
2497,9386,3/8/2025 5:21:00,"$394,560.00"
2498,9387,3/5/2025 15:38:00,"$378,096.00"
2499,9393,3/2/2025 15:20:00,"$325,538.00"
2500,9395,3/9/2025 10:12:00,"$420,379.00"
2501,9398,3/6/2025 8:28:00,"$551,181.00"
2502,9400,3/6/2025 9:33:00,"$396,024.00"
2503,9402,3/4/2025 17:28:00,"$283,677.00"
2504,9403,3/8/2025 8:08:00,"$357,351.00"
2505,9407,3/3/2025 5:36:00,"$269,696.00"
2506,9418,3/2/2025 13:28:00,"$416,511.00"
2507,9421,3/8/2025 16:34:00,"$519,687.00"
2508,9424,3/12/2025 16:18:00,"$495,401.00"
2509,9434,3/10/2025 12:51:00,"$524,202.00"
2510,9441,3/6/2025 8:58:00,"$345,516.00"
2511,9452,3/2/2025 12:31:00,"$356,480.00"
2512,9453,3/3/2025 12:56:00,"$482,898.00"
2513,9454,3/8/2025 13:09:00,"$403,016.00"
2514,9457,3/5/2025 10:26:00,"$481,672.00"
2515,9464,3/8/2025 16:54:00,"$359,161.00"
2516,9466,3/4/2025 8:53:00,"$493,649.00"
2517,9467,3/8/2025 13:55:00,"$527,717.00"
2518,9469,3/4/2025 16:24:00,"$435,349.00"
2519,9472,3/12/2025 16:52:00,"$460,970.00"
2520,9473,3/2/2025 12:57:00,"$279,827.00"
2521,9476,3/2/2025 9:12:00,"$508,062.00"
2522,9479,3/8/2025 16:18:00,"$533,796.00"
2523,9480,3/9/2025 21:16:00,"$520,995.00"
2524,9483,3/9/2025 12:50:00,"$354,207.00"
2525,9484,3/9/2025 14:45:00,"$517,721.00"
2526,9494,3/8/2025 14:16:00,"$281,677.00"
2527,9498,3/8/2025 14:03:00,"$456,075.00"
2528,9508,3/10/2025 8:29:00,"$563,709.00"
2529,9510,3/8/2025 20:54:00,"$316,583.00"
2530,9512,3/9/2025 19:43:00,"$457,469.00"
2531,9518,3/4/2025 13:00:00,"$395,417.00"
2532,9522,3/8/2025 17:46:00,"$522,507.00"
2533,9523,3/10/2025 9:21:00,"$382,271.00"
2534,9528,3/5/2025 11:48:00,"$459,958.00"
2535,9533,3/10/2025 17:43:00,"$307,133.00"
2536,9535,3/10/2025 13:26:00,"$384,307.00"
2537,9538,3/3/2025 15:55:00,"$373,540.00"
2538,9542,3/12/2025 14:14:00,"$446,290.00"
2539,9544,3/3/2025 15:21:00,"$344,785.00"
2540,9549,3/10/2025 12:27:00,"$416,246.00"
2541,9550,3/6/2025 18:34:00,"$269,361.00"
2542,9556,3/8/2025 6:38:00,"$559,045.00"
2543,9558,3/2/2025 19:04:00,"$502,274.00"
2544,9561,3/5/2025 9:55:00,"$341,721.00"
2545,9562,3/11/2025 12:53:00,"$543,811.00"
2546,9565,3/16/2025 12:49:00,"$279,119.00"
2547,9575,3/6/2025 4:52:00,"$556,626.00"
2548,9578,3/2/2025 14:05:00,"$327,417.00"
2549,9583,3/4/2025 19:41:00,"$361,528.00"
2550,9589,3/10/2025 6:29:00,"$283,607.00"
2551,9590,3/8/2025 13:06:00,"$300,350.00"
2552,9594,3/4/2025 16:58:00,"$521,972.00"
2553,9595,3/12/2025 9:37:00,"$396,015.00"
2554,9599,3/2/2025 11:20:00,"$343,788.00"
2555,9603,3/3/2025 13:26:00,"$364,537.00"
2556,9604,3/2/2025 11:46:00,"$490,304.00"
2557,9607,3/11/2025 9:42:00,"$502,956.00"
2558,9610,3/4/2025 13:49:00,"$471,353.00"
2559,9614,3/11/2025 12:09:00,"$560,709.00"
2560,9616,3/1/2025 13:37:00,"$502,758.00"
2561,9627,3/5/2025 5:09:00,"$437,251.00"
2562,9628,3/10/2025 9:16:00,"$541,356.00"
2563,9632,3/6/2025 19:25:00,"$523,298.00"
2564,9638,3/3/2025 10:09:00,"$550,982.00"
2565,9640,3/10/2025 14:23:00,"$409,489.00"
2566,9642,3/8/2025 10:12:00,"$444,528.00"
2567,9647,3/5/2025 15:14:00,"$405,401.00"
2568,9651,3/16/2025 16:39:00,"$482,206.00"
2569,9653,3/5/2025 23:05:00,"$538,291.00"
2570,9661,3/2/2025 17:46:00,"$286,767.00"
2571,9662,3/8/2025 1:09:00,"$496,101.00"
2572,9664,3/4/2025 15:13:00,"$521,723.00"
2573,9673,3/5/2025 11:07:00,"$553,872.00"
2574,9690,3/5/2025 15:57:00,"$322,123.00"
2575,9691,3/9/2025 11:10:00,"$475,258.00"
2576,9694,3/15/2025 12:10:00,"$369,830.00"
2577,9698,3/16/2025 8:15:00,"$314,136.00"
2578,9700,3/6/2025 14:50:00,"$365,056.00"
2579,9701,3/12/2025 9:44:00,"$425,625.00"
2580,9702,3/6/2025 16:08:00,"$288,447.00"
2581,9703,3/10/2025 12:14:00,"$418,073.00"
2582,9708,3/12/2025 16:15:00,"$293,748.00"
2583,9709,3/3/2025 21:49:00,"$453,321.00"
2584,9710,3/4/2025 9:36:00,"$443,369.00"
2585,9711,3/5/2025 11:04:00,"$439,268.00"
2586,9720,3/5/2025 17:18:00,"$309,928.00"
2587,9721,3/2/2025 13:22:00,"$514,633.00"
2588,9723,3/13/2025 16:12:00,"$270,857.00"
2589,9725,3/4/2025 9:06:00,"$383,336.00"
2590,9729,3/4/2025 17:24:00,"$506,477.00"
2591,9741,3/2/2025 15:26:00,"$556,615.00"
2592,9745,3/6/2025 8:40:00,"$370,600.00"
2593,9750,3/5/2025 17:01:00,"$530,049.00"
2594,9752,3/12/2025 14:06:00,"$447,303.00"
2595,9757,3/9/2025 15:15:00,"$568,055.00"
2596,9759,3/11/2025 9:22:00,"$304,578.00"
2597,9763,3/5/2025 10:12:00,"$463,475.00"
2598,9764,3/10/2025 11:24:00,"$372,115.00"
2599,9765,3/12/2025 13:58:00,"$449,502.00"
2600,9770,3/16/2025 16:21:00,"$553,080.00"
2601,9773,3/9/2025 9:46:00,"$390,987.00"
2602,9774,3/7/2025 1:43:00,"$457,190.00"
2603,9776,3/6/2025 18:14:00,"$313,313.00"
2604,9777,3/10/2025 11:34:00,"$305,810.00"
2605,9779,3/6/2025 17:36:00,"$498,028.00"
2606,9781,3/15/2025 17:27:00,"$363,223.00"
2607,9786,3/13/2025 13:39:00,"$412,260.00"
2608,9796,3/12/2025 9:11:00,"$439,392.00"
2609,9800,3/17/2025 8:33:00,"$514,783.00"
2610,9803,3/9/2025 8:37:00,"$418,249.00"
2611,9806,3/9/2025 12:16:00,"$539,861.00"
2612,9807,3/6/2025 20:49:00,"$470,981.00"
2613,9814,3/8/2025 10:28:00,"$524,994.00"
2614,9817,3/10/2025 14:36:00,"$322,494.00"
2615,9821,3/4/2025 9:39:00,"$396,415.00"
2616,9827,3/12/2025 9:03:00,"$277,913.00"
2617,9830,3/10/2025 17:52:00,"$402,179.00"
2618,9838,3/6/2025 9:24:00,"$315,714.00"
2619,9841,3/11/2025 19:17:00,"$446,683.00"
2620,9847,3/4/2025 18:50:00,"$560,978.00"
2621,9848,3/16/2025 13:50:00,"$306,014.00"
2622,9849,3/13/2025 10:56:00,"$344,786.00"
2623,9851,3/10/2025 9:09:00,"$384,968.00"
2624,9854,3/12/2025 20:19:00,"$480,950.00"
2625,9858,3/19/2025 9:44:00,"$425,192.00"
2626,9862,3/13/2025 14:44:00,"$508,302.00"
2627,9863,3/6/2025 17:57:00,"$410,416.00"
2628,9864,3/4/2025 10:38:00,"$397,215.00"
2629,9868,3/12/2025 12:22:00,"$342,464.00"
2630,9882,3/4/2025 15:39:00,"$554,180.00"
2631,9890,3/13/2025 15:42:00,"$528,501.00"
2632,9891,3/12/2025 0:40:00,"$424,590.00"
2633,9894,3/13/2025 11:15:00,"$433,562.00"
2634,9895,3/10/2025 11:25:00,"$384,929.00"
2635,9896,3/5/2025 13:32:00,"$499,452.00"
2636,9898,3/13/2025 18:39:00,"$300,865.00"
2637,9901,3/10/2025 7:16:00,"$519,461.00"
2638,9904,3/4/2025 14:09:00,"$513,335.00"
2639,9905,3/8/2025 10:56:00,"$375,062.00"
2640,9915,3/6/2025 3:03:00,"$502,351.00"
2641,9916,3/16/2025 15:04:00,"$400,333.00"
2642,9918,3/8/2025 16:11:00,"$507,138.00"
2643,9924,3/6/2025 3:13:00,"$559,015.00"
2644,9932,3/4/2025 17:28:00,"$508,096.00"
2645,9934,3/11/2025 9:25:00,"$504,205.00"
2646,9935,3/9/2025 7:24:00,"$419,931.00"
2647,9937,3/15/2025 11:38:00,"$548,140.00"
2648,9941,3/11/2025 12:30:00,"$488,724.00"
2649,9942,3/16/2025 15:40:00,"$446,068.00"
2650,9943,3/9/2025 15:08:00,"$418,021.00"
2651,9948,3/4/2025 16:16:00,"$282,178.00"
2652,9950,3/10/2025 12:59:00,"$281,046.00"
2653,9955,3/12/2025 15:04:00,"$519,984.00"
2654,9960,3/15/2025 14:23:00,"$303,251.00"
2655,9963,3/13/2025 10:41:00,"$534,028.00"
2656,9965,3/4/2025 11:01:00,"$549,669.00"
2657,9967,3/6/2025 13:20:00,"$446,486.00"
2658,9973,3/11/2025 10:34:00,"$290,020.00"
2659,9974,3/12/2025 17:47:00,"$494,388.00"
2660,9975,3/11/2025 17:50:00,"$462,673.00"
2661,9986,3/15/2025 11:56:00,"$454,837.00"
2662,9987,3/12/2025 14:18:00,"$440,082.00"
2663,9993,3/12/2025 15:49:00,"$313,754.00"
2664,9999,3/17/2025 14:07:00,"$431,003.00"
2665,10006,3/8/2025 15:02:00,"$306,272.00"
2666,10018,3/12/2025 17:27:00,"$385,590.00"
2667,10022,3/5/2025 13:11:00,"$338,706.00"
2668,10023,3/6/2025 11:35:00,"$353,681.00"
2669,10028,3/16/2025 10:39:00,"$320,140.00"
2670,10029,3/12/2025 11:41:00,"$292,943.00"
2671,10030,3/11/2025 13:04:00,"$532,718.00"
2672,10033,3/8/2025 13:04:00,"$296,255.00"
2673,10036,3/12/2025 7:35:00,"$339,732.00"
2674,10043,3/10/2025 16:30:00,"$272,767.00"
2675,10049,3/15/2025 15:09:00,"$305,698.00"
2676,10050,3/8/2025 9:02:00,"$412,984.00"
2677,10055,3/17/2025 16:16:00,"$436,257.00"
2678,10059,3/8/2025 18:03:00,"$425,130.00"
2679,10062,3/11/2025 14:38:00,"$312,811.00"
2680,10063,3/15/2025 13:03:00,"$532,192.00"
2681,10064,3/19/2025 14:15:00,"$395,043.00"
2682,10067,3/11/2025 11:25:00,"$397,425.00"
2683,10069,3/4/2025 10:38:00,"$494,934.00"
2684,10082,3/8/2025 14:33:00,"$440,873.00"
2685,10083,3/10/2025 18:21:00,"$495,948.00"
2686,10088,3/17/2025 7:31:00,"$317,188.00"
2687,10098,3/13/2025 9:37:00,"$341,762.00"
2688,10103,3/17/2025 8:51:00,"$321,409.00"
2689,10112,3/4/2025 15:53:00,"$495,877.00"
2690,10115,3/5/2025 14:35:00,"$359,460.00"
2691,10118,3/12/2025 12:13:00,"$484,023.00"
2692,10121,3/11/2025 9:27:00,"$369,511.00"
2693,10128,3/9/2025 10:46:00,"$498,192.00"
2694,10140,3/10/2025 9:08:00,"$520,987.00"
2695,10142,3/10/2025 17:41:00,"$544,218.00"
2696,10153,3/13/2025 14:14:00,"$385,819.00"
2697,10154,3/10/2025 17:28:00,"$439,811.00"
2698,10155,3/9/2025 9:38:00,"$463,950.00"
2699,10156,3/11/2025 14:52:00,"$329,207.00"
2700,10158,3/11/2025 16:52:00,"$556,379.00"
2701,10161,3/7/2025 1:24:00,"$442,952.00"
2702,10162,3/7/2025 0:11:00,"$531,952.00"
2703,10163,3/13/2025 10:38:00,"$514,539.00"
2704,10164,3/9/2025 9:25:00,"$376,225.00"
2705,10166,3/11/2025 17:01:00,"$458,069.00"
2706,10168,3/9/2025 13:43:00,"$511,970.00"
2707,10171,3/6/2025 19:33:00,"$332,558.00"
2708,10173,3/8/2025 18:57:00,"$471,097.00"
2709,10174,3/8/2025 16:08:00,"$415,848.00"
2710,10178,3/11/2025 10:51:00,"$546,298.00"
2711,10188,3/15/2025 16:50:00,"$479,458.00"
2712,10189,3/15/2025 10:03:00,"$447,879.00"
2713,10190,3/8/2025 17:31:00,"$412,545.00"
2714,10194,3/12/2025 22:44:00,"$376,244.00"
2715,10196,3/15/2025 5:59:00,"$535,202.00"
2716,10197,3/7/2025 15:04:00,"$419,785.00"
2717,10202,3/6/2025 14:25:00,"$328,212.00"
2718,10204,3/9/2025 11:03:00,"$372,153.00"
2719,10205,3/6/2025 17:16:00,"$342,457.00"
2720,10206,3/10/2025 10:29:00,"$442,026.00"
2721,10207,3/8/2025 8:38:00,"$487,072.00"
2722,10209,3/12/2025 7:27:00,"$405,120.00"
2723,10213,3/5/2025 9:24:00,"$464,652.00"
2724,10215,3/9/2025 11:19:00,"$325,017.00"
2725,10224,3/20/2025 15:26:00,"$345,350.00"
2726,10227,3/15/2025 10:21:00,"$504,720.00"
2727,10231,3/9/2025 11:59:00,"$374,871.00"
2728,10234,3/15/2025 12:50:00,"$419,094.00"
2729,10240,3/15/2025 11:40:00,"$479,756.00"
2730,10244,3/9/2025 7:38:00,"$379,390.00"
2731,10246,3/11/2025 1:15:00,"$492,832.00"
2732,10249,3/11/2025 12:54:00,"$375,962.00"
2733,10252,3/17/2025 20:33:00,"$398,071.00"
2734,10254,3/17/2025 11:37:00,"$401,463.00"
2735,10257,3/15/2025 9:59:00,"$510,893.00"
2736,10263,3/16/2025 17:33:00,"$281,189.00"
2737,10268,3/11/2025 9:35:00,"$524,207.00"
2738,10269,3/16/2025 5:50:00,"$532,726.00"
2739,10270,3/16/2025 11:50:00,"$422,411.00"
2740,10278,3/10/2025 13:31:00,"$479,277.00"
2741,10280,3/10/2025 8:02:00,"$368,074.00"
2742,10281,3/11/2025 11:42:00,"$329,554.00"
2743,10285,3/6/2025 15:02:00,"$272,515.00"
2744,10289,3/8/2025 9:33:00,"$358,185.00"
2745,10293,3/20/2025 11:14:00,"$328,261.00"
2746,10296,3/6/2025 9:26:00,"$441,959.00"
2747,10303,3/10/2025 17:03:00,"$396,743.00"
2748,10312,3/5/2025 16:11:00,"$394,877.00"
2749,10319,3/16/2025 19:06:00,"$497,197.00"
2750,10323,3/13/2025 9:31:00,"$439,257.00"
2751,10327,3/11/2025 16:49:00,"$332,898.00"
2752,10330,3/17/2025 12:24:00,"$316,824.00"
2753,10331,3/8/2025 16:24:00,"$546,031.00"
2754,10335,3/13/2025 9:32:00,"$387,300.00"
2755,10337,3/13/2025 12:59:00,"$511,312.00"
2756,10339,3/11/2025 16:43:00,"$522,906.00"
2757,10343,3/17/2025 17:48:00,"$309,075.00"
2758,10345,3/6/2025 9:26:00,"$412,795.00"
2759,10346,3/14/2025 16:14:00,"$355,525.00"
2760,10350,3/20/2025 16:01:00,"$356,815.00"
2761,10351,3/13/2025 13:40:00,"$349,140.00"
2762,10367,3/8/2025 9:41:00,"$435,200.00"
2763,10369,3/16/2025 14:41:00,"$517,050.00"
2764,10373,3/6/2025 12:06:00,"$486,570.00"
2765,10377,3/7/2025 15:39:00,"$497,126.00"
2766,10379,3/16/2025 11:36:00,"$466,524.00"
2767,10382,3/11/2025 11:14:00,"$523,645.00"
2768,10385,3/12/2025 15:33:00,"$369,719.00"
2769,10389,3/10/2025 8:32:00,"$427,284.00"
2770,10391,3/10/2025 12:46:00,"$416,496.00"
2771,10396,3/20/2025 12:29:00,"$308,548.00"
2772,10398,3/11/2025 10:20:00,"$382,973.00"
2773,10404,3/13/2025 16:53:00,"$405,773.00"
2774,10408,3/15/2025 16:42:00,"$499,007.00"
2775,10409,3/17/2025 13:02:00,"$325,703.00"
2776,10410,3/7/2025 11:40:00,"$272,549.00"
2777,10417,3/15/2025 10:57:00,"$465,322.00"
2778,10426,3/16/2025 17:01:00,"$527,600.00"
2779,10429,3/10/2025 15:59:00,"$358,762.00"
2780,10430,3/11/2025 11:25:00,"$545,382.00"
2781,10431,3/12/2025 16:16:00,"$478,981.00"
2782,10432,3/18/2025 16:35:00,"$321,853.00"
2783,10434,3/11/2025 16:53:00,"$270,229.00"
2784,10441,3/12/2025 17:15:00,"$546,274.00"
2785,10444,3/20/2025 16:06:00,"$534,943.00"
2786,10445,3/6/2025 18:03:00,"$427,749.00"
2787,10456,3/6/2025 15:32:00,"$321,765.00"
2788,10465,3/18/2025 15:53:00,"$349,455.00"
2789,10466,3/18/2025 12:23:00,"$375,051.00"
2790,10467,3/13/2025 15:20:00,"$439,035.00"
2791,10471,3/16/2025 16:12:00,"$499,897.00"
2792,10478,3/16/2025 20:09:00,"$345,126.00"
2793,10479,3/9/2025 9:49:00,"$557,601.00"
2794,10481,3/12/2025 15:45:00,"$433,059.00"
2795,10484,3/9/2025 15:42:00,"$549,201.00"
2796,10486,3/17/2025 14:30:00,"$335,972.00"
2797,10489,3/11/2025 14:22:00,"$397,571.00"
2798,10491,3/18/2025 16:05:00,"$461,094.00"
2799,10492,3/11/2025 15:16:00,"$491,027.00"
2800,10496,3/12/2025 20:32:00,"$318,611.00"
2801,10503,3/13/2025 14:40:00,"$548,281.00"
2802,10505,3/9/2025 11:37:00,"$515,343.00"
2803,10507,3/13/2025 10:00:00,"$432,110.00"
2804,10514,3/10/2025 9:18:00,"$321,292.00"
2805,10518,3/8/2025 12:01:00,"$462,036.00"
2806,10523,3/17/2025 9:43:00,"$535,002.00"
2807,10534,3/13/2025 22:59:00,"$500,692.00"
2808,10537,3/18/2025 20:20:00,"$309,178.00"
2809,10539,3/15/2025 9:32:00,"$561,330.00"
2810,10541,3/13/2025 1:13:00,"$527,583.00"
2811,10551,3/19/2025 20:47:00,"$562,252.00"
2812,10554,3/16/2025 14:58:00,"$408,013.00"
2813,10556,3/13/2025 13:49:00,"$476,404.00"
2814,10557,3/12/2025 12:33:00,"$279,783.00"
2815,10558,3/19/2025 15:27:00,"$534,710.00"
2816,10566,3/16/2025 11:55:00,"$298,919.00"
2817,10573,3/12/2025 13:21:00,"$460,769.00"
2818,10575,3/11/2025 12:28:00,"$475,170.00"
2819,10580,3/10/2025 10:30:00,"$291,639.00"
2820,10591,3/23/2025 15:43:00,"$314,652.00"
2821,10610,3/13/2025 11:45:00,"$403,582.00"
2822,10613,3/11/2025 18:43:00,"$384,691.00"
2823,10614,3/13/2025 22:36:00,"$312,162.00"
2824,10618,3/11/2025 12:25:00,"$394,893.00"
2825,10623,3/14/2025 1:46:00,"$529,260.00"
2826,10625,3/13/2025 5:31:00,"$279,010.00"
2827,10628,3/14/2025 19:57:00,"$550,949.00"
2828,10629,3/8/2025 15:15:00,"$455,285.00"
2829,10634,3/17/2025 14:21:00,"$294,296.00"
2830,10635,3/23/2025 20:57:00,"$375,823.00"
2831,10637,3/19/2025 10:48:00,"$409,243.00"
2832,10638,3/19/2025 8:24:00,"$543,370.00"
2833,10646,3/15/2025 8:36:00,"$515,748.00"
2834,10648,3/8/2025 8:28:00,"$288,180.00"
2835,10651,3/10/2025 4:29:00,"$555,774.00"
2836,10652,3/8/2025 15:52:00,"$270,278.00"
2837,10656,3/17/2025 16:02:00,"$368,762.00"
2838,10659,3/11/2025 15:41:00,"$423,829.00"
2839,10661,3/12/2025 10:35:00,"$333,995.00"
2840,10668,3/10/2025 1:30:00,"$283,301.00"
2841,10672,3/13/2025 10:52:00,"$440,511.00"
2842,10674,3/20/2025 16:20:00,"$275,690.00"
2843,10675,3/18/2025 17:55:00,"$406,059.00"
2844,10676,3/18/2025 14:42:00,"$566,865.00"
2845,10678,3/11/2025 9:38:00,"$471,575.00"
2846,10681,3/12/2025 13:51:00,"$424,917.00"
2847,10683,3/15/2025 13:32:00,"$469,676.00"
2848,10688,3/10/2025 10:52:00,"$420,407.00"
2849,10689,3/12/2025 12:05:00,"$456,500.00"
2850,10690,3/12/2025 15:26:00,"$494,156.00"
2851,10696,3/11/2025 12:48:00,"$411,837.00"
2852,10706,3/13/2025 4:52:00,"$450,470.00"
2853,10707,3/18/2025 10:10:00,"$507,677.00"
2854,10709,3/20/2025 2:18:00,"$321,351.00"
2855,10734,3/8/2025 13:34:00,"$316,258.00"
2856,10738,3/9/2025 17:37:00,"$306,955.00"
2857,10740,3/13/2025 9:12:00,"$299,142.00"
2858,10746,3/15/2025 20:44:00,"$544,289.00"
2859,10752,3/15/2025 16:53:00,"$449,949.00"
2860,10757,3/18/2025 7:10:00,"$335,056.00"
2861,10758,3/9/2025 16:48:00,"$338,672.00"
2862,10761,3/12/2025 7:34:00,"$469,138.00"
2863,10765,3/16/2025 12:42:00,"$403,710.00"
2864,10767,3/19/2025 14:55:00,"$324,006.00"
2865,10771,3/15/2025 15:48:00,"$331,726.00"
2866,10772,3/18/2025 4:58:00,"$335,783.00"
2867,10773,3/16/2025 16:00:00,"$457,847.00"
2868,10775,3/16/2025 17:01:00,"$336,696.00"
2869,10780,3/12/2025 11:49:00,"$434,497.00"
2870,10782,3/15/2025 8:25:00,"$545,203.00"
2871,10784,3/9/2025 9:16:00,"$475,707.00"
2872,10785,3/13/2025 12:02:00,"$423,502.00"
2873,10787,3/15/2025 16:25:00,"$476,900.00"
2874,10788,3/18/2025 15:38:00,"$358,590.00"
2875,10789,3/11/2025 12:26:00,"$449,914.00"
2876,10796,3/17/2025 6:26:00,"$417,002.00"
2877,10800,3/18/2025 10:32:00,"$487,268.00"
2878,10802,3/16/2025 20:02:00,"$479,423.00"
2879,10804,3/10/2025 14:15:00,"$372,025.00"
2880,10807,3/19/2025 7:21:00,"$480,094.00"
2881,10809,3/17/2025 11:30:00,"$491,028.00"
2882,10810,3/19/2025 17:29:00,"$472,228.00"
2883,10811,3/19/2025 10:38:00,"$280,271.00"
2884,10816,3/22/2025 11:04:00,"$322,434.00"
2885,10818,3/10/2025 14:56:00,"$315,874.00"
2886,10822,3/14/2025 18:33:00,"$492,151.00"
2887,10823,3/13/2025 7:36:00,"$484,825.00"
2888,10826,3/12/2025 9:51:00,"$561,662.00"
2889,10827,3/13/2025 15:03:00,"$294,697.00"
2890,10833,3/16/2025 16:58:00,"$532,965.00"
2891,10835,3/18/2025 11:52:00,"$503,472.00"
2892,10838,3/18/2025 9:07:00,"$290,943.00"
2893,10843,3/15/2025 10:24:00,"$423,001.00"
2894,10853,3/13/2025 14:01:00,"$327,924.00"
2895,10862,3/23/2025 17:47:00,"$444,796.00"
2896,10870,3/16/2025 15:35:00,"$549,693.00"
2897,10878,3/10/2025 17:23:00,"$431,304.00"
2898,10880,3/15/2025 10:04:00,"$355,336.00"
2899,10882,3/12/2025 12:19:00,"$516,641.00"
2900,10885,3/17/2025 10:33:00,"$458,225.00"
2901,10890,3/11/2025 1:45:00,"$451,394.00"
2902,10892,3/17/2025 13:37:00,"$305,128.00"
2903,10894,3/15/2025 12:44:00,"$278,442.00"
2904,10897,3/24/2025 15:23:00,"$563,388.00"
2905,10900,3/18/2025 14:22:00,"$543,417.00"
2906,10904,3/19/2025 6:20:00,"$356,450.00"
2907,10907,3/13/2025 16:58:00,"$418,934.00"
2908,10909,3/9/2025 13:32:00,"$538,183.00"
2909,10912,3/10/2025 16:19:00,"$523,683.00"
2910,10914,3/13/2025 7:10:00,"$296,399.00"
2911,10917,3/23/2025 15:42:00,"$346,757.00"
2912,10923,3/15/2025 2:13:00,"$494,283.00"
2913,10926,3/17/2025 14:25:00,"$558,041.00"
2914,10928,3/14/2025 10:50:00,"$347,665.00"
2915,10934,3/17/2025 16:24:00,"$471,114.00"
2916,10936,3/16/2025 13:37:00,"$412,160.00"
2917,10937,3/10/2025 9:01:00,"$491,670.00"
2918,10941,3/10/2025 11:15:00,"$517,337.00"
2919,10942,3/17/2025 8:02:00,"$272,829.00"
2920,10945,3/9/2025 14:31:00,"$338,431.00"
2921,10947,3/12/2025 17:19:00,"$363,410.00"
2922,10952,3/22/2025 14:36:00,"$272,290.00"
2923,10954,3/13/2025 17:03:00,"$505,751.00"
2924,10955,3/18/2025 15:44:00,"$361,757.00"
2925,10956,3/17/2025 13:25:00,"$500,213.00"
2926,10957,3/15/2025 13:25:00,"$437,529.00"
2927,10961,3/13/2025 19:49:00,"$544,024.00"
2928,10967,3/13/2025 17:38:00,"$561,635.00"
2929,10973,3/17/2025 16:46:00,"$504,401.00"
2930,10977,3/15/2025 15:53:00,"$549,232.00"
2931,10981,3/20/2025 11:30:00,"$312,787.00"
2932,10986,3/16/2025 12:09:00,"$469,613.00"
2933,11000,3/15/2025 17:17:00,"$547,785.00"
2934,11001,3/10/2025 17:50:00,"$410,601.00"
2935,11005,3/11/2025 14:00:00,"$422,332.00"
2936,11006,3/19/2025 5:19:00,"$337,922.00"
2937,11014,3/17/2025 19:49:00,"$321,595.00"
2938,11017,3/15/2025 15:05:00,"$307,924.00"
2939,11022,3/17/2025 23:19:00,"$517,319.00"
2940,11026,3/15/2025 13:08:00,"$310,411.00"
2941,11027,3/11/2025 2:26:00,"$274,478.00"
2942,11029,3/12/2025 18:27:00,"$347,489.00"
2943,11034,3/20/2025 12:56:00,"$566,768.00"
2944,11038,3/16/2025 10:03:00,"$474,189.00"
2945,11039,3/20/2025 14:30:00,"$423,645.00"
2946,11041,3/13/2025 11:46:00,"$549,146.00"
2947,11050,3/16/2025 11:27:00,"$474,616.00"
2948,11051,3/18/2025 17:31:00,"$568,945.00"
2949,11054,3/15/2025 7:18:00,"$545,220.00"
2950,11055,3/18/2025 11:25:00,"$301,754.00"
2951,11057,3/11/2025 13:04:00,"$276,114.00"
2952,11060,3/16/2025 6:36:00,"$350,474.00"
2953,11065,3/20/2025 13:27:00,"$305,853.00"
2954,11075,3/18/2025 13:50:00,"$346,814.00"
2955,11076,3/12/2025 12:44:00,"$358,546.00"
2956,11078,3/13/2025 7:56:00,"$282,942.00"
2957,11081,3/16/2025 13:38:00,"$362,437.00"
2958,11082,3/18/2025 14:50:00,"$407,201.00"
2959,11084,3/16/2025 14:30:00,"$342,904.00"
2960,11086,3/18/2025 16:25:00,"$422,443.00"
2961,11094,3/12/2025 11:53:00,"$530,560.00"
2962,11098,3/20/2025 12:46:00,"$430,776.00"
2963,11101,3/15/2025 6:38:00,"$274,989.00"
2964,11105,3/15/2025 23:56:00,"$490,316.00"
2965,11108,3/10/2025 22:59:00,"$289,502.00"
2966,11109,3/22/2025 9:37:00,"$383,670.00"
2967,11110,3/13/2025 12:48:00,"$323,100.00"
2968,11113,3/10/2025 17:27:00,"$396,730.00"
2969,11122,3/15/2025 11:47:00,"$535,802.00"
2970,11129,3/11/2025 9:45:00,"$519,864.00"
2971,11132,3/18/2025 20:11:00,"$340,170.00"
2972,11138,3/19/2025 13:24:00,"$333,058.00"
2973,11139,3/16/2025 15:53:00,"$553,057.00"
2974,11143,3/19/2025 13:47:00,"$348,155.00"
2975,11164,3/16/2025 14:18:00,"$281,454.00"
2976,11166,3/12/2025 9:54:00,"$465,425.00"
2977,11167,3/18/2025 22:46:00,"$534,830.00"
2978,11171,3/17/2025 11:09:00,"$304,807.00"
2979,11173,3/15/2025 12:03:00,"$456,464.00"
2980,11174,3/12/2025 15:33:00,"$366,401.00"
2981,11183,3/20/2025 8:13:00,"$550,927.00"
2982,11187,3/25/2025 14:08:00,"$321,969.00"
2983,11197,3/18/2025 16:39:00,"$331,154.00"
2984,11202,3/20/2025 10:23:00,"$413,741.00"
2985,11204,3/19/2025 15:22:00,"$499,210.00"
2986,11205,3/17/2025 8:03:00,"$550,877.00"
2987,11207,3/15/2025 16:42:00,"$295,150.00"
2988,11208,3/26/2025 13:40:00,"$421,261.00"
2989,11215,3/14/2025 7:57:00,"$362,144.00"
2990,11216,3/20/2025 9:01:00,"$488,567.00"
2991,11219,3/16/2025 10:55:00,"$270,128.00"
2992,11222,3/25/2025 17:29:00,"$279,241.00"
2993,11224,3/18/2025 21:08:00,"$327,568.00"
2994,11227,3/17/2025 8:59:00,"$308,425.00"
2995,11231,3/18/2025 6:35:00,"$435,480.00"
2996,11232,3/18/2025 13:21:00,"$520,649.00"
2997,11233,3/16/2025 6:39:00,"$370,102.00"
2998,11236,3/19/2025 13:48:00,"$486,981.00"
2999,11246,3/15/2025 10:53:00,"$563,224.00"
3000,11250,3/17/2025 14:48:00,"$341,367.00"
3001,11253,3/19/2025 16:49:00,"$391,162.00"
3002,11256,3/20/2025 12:22:00,"$436,907.00"
3003,11266,3/24/2025 13:57:00,"$312,492.00"
3004,11267,3/20/2025 9:16:00,"$527,924.00"
3005,11272,3/20/2025 17:45:00,"$449,175.00"
3006,11273,3/15/2025 9:27:00,"$516,576.00"
3007,11277,3/17/2025 20:22:00,"$523,475.00"
3008,11278,3/23/2025 9:15:00,"$457,291.00"
3009,11284,3/18/2025 11:27:00,"$564,045.00"
3010,11289,3/15/2025 4:45:00,"$279,104.00"
3011,11290,3/16/2025 15:18:00,"$337,923.00"
3012,11292,3/17/2025 10:31:00,"$271,690.00"
3013,11293,3/16/2025 10:47:00,"$438,627.00"
3014,11296,3/13/2025 11:31:00,"$452,988.00"
3015,11297,3/17/2025 8:10:00,"$447,368.00"
3016,11301,3/20/2025 10:16:00,"$452,400.00"
3017,11304,3/21/2025 3:03:00,"$292,104.00"
3018,11307,3/18/2025 8:05:00,"$274,620.00"
3019,11316,3/24/2025 8:01:00,"$554,512.00"
3020,11320,3/15/2025 20:43:00,"$487,650.00"
3021,11321,3/16/2025 16:23:00,"$511,770.00"
3022,11324,3/17/2025 11:49:00,"$290,708.00"
3023,11326,3/25/2025 7:30:00,"$381,202.00"
3024,11327,3/15/2025 16:34:00,"$411,658.00"
3025,11332,3/17/2025 10:03:00,"$537,646.00"
3026,11335,3/20/2025 9:01:00,"$416,933.00"
3027,11336,3/15/2025 13:28:00,"$348,795.00"
3028,11345,3/24/2025 15:35:00,"$325,977.00"
3029,11350,3/16/2025 14:22:00,"$441,747.00"
3030,11359,3/20/2025 9:45:00,"$414,999.00"
3031,11360,3/17/2025 5:02:00,"$432,806.00"
3032,11361,3/19/2025 18:56:00,"$292,779.00"
3033,11366,3/18/2025 17:46:00,"$277,366.00"
3034,11375,3/17/2025 12:19:00,"$502,153.00"
3035,11381,3/20/2025 15:24:00,"$311,528.00"
3036,11386,3/22/2025 17:08:00,"$447,385.00"
3037,11387,3/20/2025 16:35:00,"$501,188.00"
3038,11388,3/18/2025 16:12:00,"$440,049.00"
3039,11390,3/13/2025 6:54:00,"$390,171.00"
3040,11391,3/18/2025 7:37:00,"$447,631.00"
3041,11392,3/19/2025 8:39:00,"$529,218.00"
3042,11393,3/21/2025 17:37:00,"$555,909.00"
3043,11399,3/17/2025 11:18:00,"$323,028.00"
3044,11400,3/17/2025 13:04:00,"$400,512.00"
3045,11409,3/22/2025 9:05:00,"$563,295.00"
3046,11410,3/18/2025 15:37:00,"$434,313.00"
3047,11417,3/16/2025 18:34:00,"$485,217.00"
3048,11422,3/29/2025 4:10:00,"$397,868.00"
3049,11427,3/21/2025 8:32:00,"$301,439.00"
3050,11433,3/26/2025 9:04:00,"$369,170.00"
3051,11435,3/16/2025 21:20:00,"$414,215.00"
3052,11437,3/17/2025 20:20:00,"$412,718.00"
3053,11438,3/23/2025 16:35:00,"$403,774.00"
3054,11443,3/18/2025 18:27:00,"$270,447.00"
3055,11446,3/18/2025 14:06:00,"$401,022.00"
3056,11449,3/26/2025 13:41:00,"$502,579.00"
3057,11451,3/15/2025 13:29:00,"$436,037.00"
3058,11454,3/15/2025 4:22:00,"$455,206.00"
3059,11460,3/20/2025 12:41:00,"$358,779.00"
3060,11461,3/22/2025 15:50:00,"$417,723.00"
3061,11466,3/16/2025 16:32:00,"$431,967.00"
3062,11470,3/16/2025 14:55:00,"$358,701.00"
3063,11471,3/21/2025 3:40:00,"$519,908.00"
3064,11474,3/17/2025 22:57:00,"$460,941.00"
3065,11475,3/21/2025 21:45:00,"$520,679.00"
3066,11476,3/17/2025 9:55:00,"$567,004.00"
3067,11485,3/19/2025 16:40:00,"$558,128.00"
3068,11487,3/20/2025 12:36:00,"$269,362.00"
3069,11488,3/18/2025 2:52:00,"$338,338.00"
3070,11492,3/23/2025 15:22:00,"$521,543.00"
3071,11495,3/18/2025 11:30:00,"$557,343.00"
3072,11501,3/15/2025 14:54:00,"$273,100.00"
3073,11508,3/20/2025 7:27:00,"$526,940.00"
3074,11509,3/20/2025 13:11:00,"$485,378.00"
3075,11511,3/20/2025 13:57:00,"$402,542.00"
3076,11518,3/15/2025 12:15:00,"$362,269.00"
3077,11519,3/18/2025 14:28:00,"$497,755.00"
3078,11522,3/24/2025 13:44:00,"$466,092.00"
3079,11525,3/17/2025 11:11:00,"$479,150.00"
3080,11528,3/20/2025 11:45:00,"$356,356.00"
3081,11531,3/20/2025 13:45:00,"$378,250.00"
3082,11532,3/18/2025 12:52:00,"$554,020.00"
3083,11534,3/22/2025 9:42:00,"$505,718.00"
3084,11538,3/17/2025 13:52:00,"$568,154.00"
3085,11539,3/19/2025 15:51:00,"$442,981.00"
3086,11545,3/14/2025 13:26:00,"$445,904.00"
3087,11546,3/20/2025 17:04:00,"$292,402.00"
3088,11548,3/13/2025 13:57:00,"$422,390.00"
3089,11549,3/25/2025 11:18:00,"$535,740.00"
3090,11553,3/24/2025 16:56:00,"$466,098.00"
3091,11557,3/13/2025 17:36:00,"$410,438.00"
3092,11560,3/20/2025 16:23:00,"$295,383.00"
3093,11561,3/20/2025 9:27:00,"$492,375.00"
3094,11567,3/27/2025 12:50:00,"$329,125.00"
3095,11569,3/15/2025 17:19:00,"$378,682.00"
3096,11572,3/17/2025 11:58:00,"$271,038.00"
3097,11573,3/18/2025 11:22:00,"$536,513.00"
3098,11579,3/18/2025 12:29:00,"$472,197.00"
3099,11580,3/23/2025 11:25:00,"$428,545.00"
3100,11590,3/20/2025 15:17:00,"$417,458.00"
3101,11592,3/20/2025 14:05:00,"$387,832.00"
3102,11599,3/17/2025 14:27:00,"$351,651.00"
3103,11605,3/24/2025 16:12:00,"$395,811.00"
3104,11608,3/18/2025 14:45:00,"$426,044.00"
3105,11609,3/20/2025 19:58:00,"$347,400.00"
3106,11612,3/17/2025 8:30:00,"$534,547.00"
3107,11617,3/16/2025 9:32:00,"$444,215.00"
3108,11619,3/16/2025 11:29:00,"$322,621.00"
3109,11631,3/16/2025 13:47:00,"$468,084.00"
3110,11633,3/18/2025 12:08:00,"$349,237.00"
3111,11639,3/16/2025 12:38:00,"$447,545.00"
3112,11641,3/20/2025 16:36:00,"$434,034.00"
3113,11643,3/15/2025 20:44:00,"$275,680.00"
3114,11645,3/19/2025 20:41:00,"$354,913.00"
3115,11648,3/23/2025 13:52:00,"$424,328.00"
3116,11652,3/22/2025 17:38:00,"$449,885.00"
3117,11653,3/23/2025 12:17:00,"$435,617.00"
3118,11655,3/27/2025 9:18:00,"$325,391.00"
3119,11656,3/20/2025 16:32:00,"$353,487.00"
3120,11657,3/15/2025 16:48:00,"$272,365.00"
3121,11658,3/17/2025 11:06:00,"$277,168.00"
3122,11660,3/22/2025 14:59:00,"$492,487.00"
3123,11667,3/24/2025 14:05:00,"$505,979.00"
3124,11669,3/17/2025 9:51:00,"$339,420.00"
3125,11670,3/15/2025 11:18:00,"$523,645.00"
3126,11676,3/17/2025 14:30:00,"$562,386.00"
3127,11678,3/18/2025 17:25:00,"$556,629.00"
3128,11682,3/25/2025 17:05:00,"$461,677.00"
3129,11683,3/15/2025 10:14:00,"$446,434.00"
3130,11684,3/22/2025 14:42:00,"$396,426.00"
3131,11688,3/17/2025 10:38:00,"$281,261.00"
3132,11694,3/20/2025 11:30:00,"$431,366.00"
3133,11695,3/21/2025 8:09:00,"$433,737.00"
3134,11697,3/27/2025 12:35:00,"$392,447.00"
3135,11707,3/31/2025 12:22:00,"$474,165.00"
3136,11713,3/20/2025 16:51:00,"$538,882.00"
3137,11716,3/22/2025 17:11:00,"$412,829.00"
3138,11717,3/16/2025 10:42:00,"$340,614.00"
3139,11719,3/22/2025 16:55:00,"$303,522.00"
3140,11728,3/17/2025 9:25:00,"$297,192.00"
3141,11731,3/15/2025 17:25:00,"$429,693.00"
3142,11739,3/24/2025 11:21:00,"$445,938.00"
3143,11741,3/21/2025 8:46:00,"$290,029.00"
3144,11742,3/17/2025 17:18:00,"$362,593.00"
3145,11744,3/26/2025 16:02:00,"$397,073.00"
3146,11748,3/19/2025 11:11:00,"$444,022.00"
3147,11751,3/26/2025 10:09:00,"$394,865.00"
3148,11753,3/17/2025 10:41:00,"$269,542.00"
3149,11755,3/24/2025 10:37:00,"$288,507.00"
3150,11756,3/15/2025 12:01:00,"$354,203.00"
3151,11759,3/23/2025 13:14:00,"$551,596.00"
3152,11761,3/20/2025 11:40:00,"$341,676.00"
3153,11765,3/17/2025 14:12:00,"$521,438.00"
3154,11768,3/20/2025 8:52:00,"$548,725.00"
3155,11772,3/19/2025 16:35:00,"$439,769.00"
3156,11774,3/22/2025 13:26:00,"$503,490.00"
3157,11778,3/24/2025 11:36:00,"$495,157.00"
3158,11780,3/23/2025 22:00:00,"$507,472.00"
3159,11783,3/16/2025 3:18:00,"$449,949.00"
3160,11786,3/16/2025 15:22:00,"$501,141.00"
3161,11790,3/19/2025 9:31:00,"$495,040.00"
3162,11793,3/18/2025 15:51:00,"$546,514.00"
3163,11794,3/27/2025 20:17:00,"$295,472.00"
3164,11800,3/22/2025 13:06:00,"$464,026.00"
3165,11802,3/16/2025 12:33:00,"$292,819.00"
3166,11803,3/18/2025 0:02:00,"$516,933.00"
3167,11804,3/15/2025 11:52:00,"$369,932.00"
3168,11807,3/17/2025 13:50:00,"$380,446.00"
3169,11808,3/18/2025 15:20:00,"$510,695.00"
3170,11810,3/17/2025 19:47:00,"$379,357.00"
3171,11812,3/20/2025 13:59:00,"$453,921.00"
3172,11816,3/24/2025 9:36:00,"$493,518.00"
3173,11817,3/26/2025 14:37:00,"$474,585.00"
3174,11818,3/20/2025 1:03:00,"$529,206.00"
3175,11822,3/18/2025 14:12:00,"$333,571.00"
3176,11826,3/26/2025 12:33:00,"$448,611.00"
3177,11827,3/26/2025 16:06:00,"$394,060.00"
3178,11828,3/22/2025 17:19:00,"$295,883.00"
3179,11830,3/23/2025 8:10:00,"$463,719.00"
3180,11833,3/22/2025 8:31:00,"$304,211.00"
3181,11834,3/16/2025 1:39:00,"$286,924.00"
3182,11835,3/20/2025 15:58:00,"$406,538.00"
3183,11838,3/19/2025 12:20:00,"$551,984.00"
3184,11840,3/22/2025 20:24:00,"$538,742.00"
3185,11844,3/19/2025 12:04:00,"$541,979.00"
3186,11847,3/20/2025 10:02:00,"$387,802.00"
3187,11853,3/18/2025 10:58:00,"$412,078.00"
3188,11854,3/23/2025 14:44:00,"$316,727.00"
3189,11856,3/19/2025 10:55:00,"$389,776.00"
3190,11858,3/19/2025 14:15:00,"$402,124.00"
3191,11869,3/29/2025 16:20:00,"$288,652.00"
3192,11871,3/18/2025 17:29:00,"$533,495.00"
3193,11873,3/30/2025 2:43:00,"$276,844.00"
3194,11874,3/17/2025 14:05:00,"$368,031.00"
3195,11876,3/27/2025 17:26:00,"$334,752.00"
3196,11888,3/17/2025 10:39:00,"$388,354.00"
3197,11890,3/18/2025 13:33:00,"$409,977.00"
3198,11893,3/22/2025 8:11:00,"$524,178.00"
3199,11894,3/16/2025 13:52:00,"$487,229.00"
3200,11895,3/25/2025 14:40:00,"$365,631.00"
3201,11901,3/27/2025 14:22:00,"$467,597.00"
3202,11908,3/22/2025 5:11:00,"$363,650.00"
3203,11909,3/16/2025 12:00:00,"$486,432.00"
3204,11912,3/18/2025 17:31:00,"$420,002.00"
3205,11915,3/19/2025 10:02:00,"$306,702.00"
3206,11919,3/21/2025 5:39:00,"$425,732.00"
3207,11930,3/24/2025 14:57:00,"$302,771.00"
3208,11933,3/20/2025 12:06:00,"$326,079.00"
3209,11935,3/24/2025 18:28:00,"$437,280.00"
3210,11936,3/26/2025 16:57:00,"$454,590.00"
3211,11937,3/20/2025 11:42:00,"$355,986.00"
3212,11938,3/29/2025 13:35:00,"$271,636.00"
3213,11939,3/26/2025 9:59:00,"$454,321.00"
3214,11943,3/18/2025 13:02:00,"$511,965.00"
3215,11945,3/23/2025 11:57:00,"$459,263.00"
3216,11946,3/22/2025 8:09:00,"$301,711.00"
3217,11949,3/17/2025 6:39:00,"$479,732.00"
3218,11950,3/25/2025 16:01:00,"$383,626.00"
3219,11954,3/20/2025 18:17:00,"$532,441.00"
3220,11964,3/16/2025 14:29:00,"$354,742.00"
3221,11965,3/18/2025 17:50:00,"$557,125.00"
3222,11969,3/23/2025 12:18:00,"$306,918.00"
3223,11974,3/19/2025 7:48:00,"$385,436.00"
3224,11976,3/18/2025 7:47:00,"$557,398.00"
3225,11983,3/26/2025 15:01:00,"$497,308.00"
3226,11986,3/27/2025 20:28:00,"$449,173.00"
3227,11987,3/22/2025 9:21:00,"$283,964.00"
3228,11991,3/25/2025 16:29:00,"$531,037.00"
3229,11996,3/23/2025 10:21:00,"$346,275.00"
3230,12007,3/20/2025 12:20:00,"$356,426.00"
3231,12009,3/22/2025 9:23:00,"$374,993.00"
3232,12014,3/18/2025 10:20:00,"$534,554.00"
3233,12018,3/24/2025 10:45:00,"$567,496.00"
3234,12024,3/19/2025 13:41:00,"$284,057.00"
3235,12026,3/26/2025 22:01:00,"$293,631.00"
3236,12027,3/18/2025 7:12:00,"$508,796.00"
3237,12030,3/22/2025 7:41:00,"$321,298.00"
3238,12039,3/22/2025 13:09:00,"$359,392.00"
3239,12045,3/29/2025 20:26:00,"$512,464.00"
3240,12046,3/19/2025 14:09:00,"$330,714.00"
3241,12057,3/20/2025 12:48:00,"$302,438.00"
3242,12058,3/19/2025 12:40:00,"$476,481.00"
3243,12059,3/19/2025 9:50:00,"$507,946.00"
3244,12060,3/21/2025 12:24:00,"$550,671.00"
3245,12066,3/19/2025 15:19:00,"$301,524.00"
3246,12072,3/21/2025 11:09:00,"$473,027.00"
3247,12073,3/24/2025 9:54:00,"$451,098.00"
3248,12077,3/24/2025 13:30:00,"$325,178.00"
3249,12080,3/30/2025 16:58:00,"$397,680.00"
3250,12087,3/24/2025 11:25:00,"$513,239.00"
3251,12089,3/25/2025 14:28:00,"$560,642.00"
3252,12092,3/21/2025 9:47:00,"$319,817.00"
3253,12093,3/21/2025 21:14:00,"$355,697.00"
3254,12094,3/22/2025 14:24:00,"$274,744.00"
3255,12098,3/31/2025 6:35:00,"$420,750.00"
3256,12099,3/18/2025 21:20:00,"$538,759.00"
3257,12102,3/23/2025 12:45:00,"$417,403.00"
3258,12113,3/22/2025 10:22:00,"$486,197.00"
3259,12120,3/20/2025 20:54:00,"$395,422.00"
3260,12121,3/20/2025 12:19:00,"$353,910.00"
3261,12124,3/23/2025 15:53:00,"$542,674.00"
3262,12125,3/20/2025 8:48:00,"$559,432.00"
3263,12130,3/25/2025 9:36:00,"$391,775.00"
3264,12144,3/19/2025 15:47:00,"$402,280.00"
3265,12147,3/27/2025 15:42:00,"$566,343.00"
3266,12148,3/20/2025 12:57:00,"$438,647.00"
3267,12152,3/29/2025 23:32:00,"$340,452.00"
3268,12154,3/17/2025 20:36:00,"$274,368.00"
3269,12174,3/22/2025 7:11:00,"$309,095.00"
3270,12176,3/26/2025 17:50:00,"$276,177.00"
3271,12183,3/24/2025 10:47:00,"$448,684.00"
3272,12185,3/27/2025 20:00:00,"$553,260.00"
3273,12186,3/20/2025 15:12:00,"$409,793.00"
3274,12192,3/22/2025 9:36:00,"$408,005.00"
3275,12194,3/27/2025 9:05:00,"$455,122.00"
3276,12195,3/24/2025 3:59:00,"$343,985.00"
3277,12196,3/18/2025 10:58:00,"$306,268.00"
3278,12198,3/22/2025 9:36:00,"$561,762.00"
3279,12200,3/30/2025 11:33:00,"$484,456.00"
3280,12202,3/28/2025 22:19:00,"$278,752.00"
3281,12204,3/22/2025 14:01:00,"$532,139.00"
3282,12208,3/25/2025 8:44:00,"$533,275.00"
3283,12212,3/22/2025 15:02:00,"$458,815.00"
3284,12213,3/25/2025 0:43:00,"$312,352.00"
3285,12217,3/20/2025 10:49:00,"$295,050.00"
3286,12219,3/25/2025 10:14:00,"$442,966.00"
3287,12229,3/25/2025 12:37:00,"$470,829.00"
3288,12231,3/23/2025 15:38:00,"$522,606.00"
3289,12233,3/24/2025 13:45:00,"$307,731.00"
3290,12234,3/29/2025 17:08:00,"$310,540.00"
3291,12237,3/24/2025 15:48:00,"$493,972.00"
3292,12241,3/26/2025 13:02:00,"$447,974.00"
3293,12246,3/25/2025 9:10:00,"$518,247.00"
3294,12254,3/23/2025 15:58:00,"$474,698.00"
3295,12257,3/26/2025 12:27:00,"$282,697.00"
3296,12259,3/25/2025 8:30:00,"$526,621.00"
3297,12260,4/3/2025 17:31:00,"$420,709.00"
3298,12261,3/30/2025 16:45:00,"$332,597.00"
3299,12262,4/3/2025 11:50:00,"$416,537.00"
3300,12267,3/20/2025 16:57:00,"$276,570.00"
3301,12271,3/23/2025 16:53:00,"$294,265.00"
3302,12272,3/25/2025 2:33:00,"$305,974.00"
3303,12278,3/26/2025 12:10:00,"$486,549.00"
3304,12283,3/22/2025 8:42:00,"$561,780.00"
3305,12286,3/23/2025 23:33:00,"$333,095.00"
3306,12291,3/30/2025 16:20:00,"$498,130.00"
3307,12294,3/20/2025 11:42:00,"$269,746.00"
3308,12295,3/22/2025 20:48:00,"$301,079.00"
3309,12296,3/31/2025 6:10:00,"$407,188.00"
3310,12298,3/20/2025 19:47:00,"$504,885.00"
3311,12300,3/19/2025 12:16:00,"$401,406.00"
3312,12301,3/27/2025 10:45:00,"$456,409.00"
3313,12306,3/18/2025 13:21:00,"$503,941.00"
3314,12311,3/19/2025 10:21:00,"$496,375.00"
3315,12319,3/19/2025 13:31:00,"$324,189.00"
3316,12322,3/30/2025 17:53:00,"$390,093.00"
3317,12325,3/20/2025 12:23:00,"$430,831.00"
3318,12327,3/25/2025 2:46:00,"$550,621.00"
3319,12329,3/24/2025 17:13:00,"$430,368.00"
3320,12330,3/27/2025 4:43:00,"$378,532.00"
3321,12331,3/22/2025 15:32:00,"$345,098.00"
3322,12335,3/25/2025 16:56:00,"$509,838.00"
3323,12336,3/18/2025 15:34:00,"$543,662.00"
3324,12342,3/22/2025 13:05:00,"$410,636.00"
3325,12343,3/29/2025 9:31:00,"$320,632.00"
3326,12344,3/23/2025 6:42:00,"$450,851.00"
3327,12345,3/22/2025 14:20:00,"$448,941.00"
3328,12346,3/25/2025 8:58:00,"$559,002.00"
3329,12348,3/20/2025 13:10:00,"$322,102.00"
3330,12352,3/24/2025 9:52:00,"$453,839.00"
3331,12354,3/29/2025 13:31:00,"$362,220.00"
3332,12355,3/27/2025 14:55:00,"$323,828.00"
3333,12358,3/31/2025 17:44:00,"$400,684.00"
3334,12362,3/29/2025 11:28:00,"$553,412.00"
3335,12363,3/22/2025 14:03:00,"$499,874.00"
3336,12364,3/20/2025 15:58:00,"$503,505.00"
3337,12365,3/27/2025 17:22:00,"$295,290.00"
3338,12368,3/22/2025 12:22:00,"$547,749.00"
3339,12372,3/29/2025 9:21:00,"$433,713.00"
3340,12374,3/23/2025 10:22:00,"$393,955.00"
3341,12380,3/23/2025 17:34:00,"$501,438.00"
3342,12389,3/22/2025 17:55:00,"$413,287.00"
3343,12393,3/23/2025 11:12:00,"$396,511.00"
3344,12397,3/26/2025 13:24:00,"$381,718.00"
3345,12400,3/28/2025 0:58:00,"$396,283.00"
3346,12408,3/26/2025 11:47:00,"$334,813.00"
3347,12409,3/23/2025 12:54:00,"$390,008.00"
3348,12412,3/23/2025 14:53:00,"$380,513.00"
3349,12429,3/25/2025 11:27:00,"$426,249.00"
3350,12431,3/25/2025 3:02:00,"$334,528.00"
3351,12436,3/26/2025 15:00:00,"$353,849.00"
3352,12437,3/25/2025 16:13:00,"$363,634.00"
3353,12438,3/29/2025 12:51:00,"$301,522.00"
3354,12449,3/26/2025 16:47:00,"$274,586.00"
3355,12450,4/3/2025 21:00:00,"$297,746.00"
3356,12457,3/24/2025 9:42:00,"$362,410.00"
3357,12465,3/20/2025 13:26:00,"$284,803.00"
3358,12466,3/31/2025 19:45:00,"$349,607.00"
3359,12474,3/22/2025 18:07:00,"$525,212.00"
3360,12476,3/26/2025 10:31:00,"$447,981.00"
3361,12478,3/24/2025 15:18:00,"$525,533.00"
3362,12484,3/25/2025 9:01:00,"$513,005.00"
3363,12489,3/19/2025 14:19:00,"$290,010.00"
3364,12491,3/27/2025 14:01:00,"$487,333.00"
3365,12493,3/27/2025 13:13:00,"$511,603.00"
3366,12495,3/22/2025 10:33:00,"$484,227.00"
3367,12496,3/26/2025 14:42:00,"$423,796.00"
3368,12499,3/27/2025 12:42:00,"$527,101.00"
3369,12500,3/24/2025 8:03:00,"$294,858.00"
3370,12503,3/19/2025 20:58:00,"$302,411.00"
3371,12506,3/30/2025 14:56:00,"$395,039.00"
3372,12507,3/30/2025 15:12:00,"$397,436.00"
3373,12511,3/23/2025 10:41:00,"$451,727.00"
3374,12512,3/26/2025 10:50:00,"$349,389.00"
3375,12518,3/19/2025 15:43:00,"$386,717.00"
3376,12520,3/23/2025 14:33:00,"$499,692.00"
3377,12521,3/22/2025 17:38:00,"$376,260.00"
3378,12527,3/22/2025 13:08:00,"$459,902.00"
3379,12528,4/1/2025 20:37:00,"$323,202.00"
3380,12529,3/20/2025 17:38:00,"$504,294.00"
3381,12535,3/27/2025 10:31:00,"$374,943.00"
3382,12540,3/26/2025 7:22:00,"$412,428.00"
3383,12541,3/26/2025 17:43:00,"$396,957.00"
3384,12549,3/27/2025 17:13:00,"$445,968.00"
3385,12550,3/26/2025 10:01:00,"$308,841.00"
3386,12557,3/24/2025 16:04:00,"$339,975.00"
3387,12561,3/27/2025 14:49:00,"$490,511.00"
3388,12564,4/1/2025 4:55:00,"$325,011.00"
3389,12565,3/27/2025 3:54:00,"$553,829.00"
3390,12568,3/23/2025 11:24:00,"$355,879.00"
3391,12575,3/26/2025 12:27:00,"$412,611.00"
3392,12577,3/27/2025 3:18:00,"$526,257.00"
3393,12584,3/23/2025 2:41:00,"$521,605.00"
3394,12586,3/25/2025 8:30:00,"$449,900.00"
3395,12587,3/22/2025 12:30:00,"$383,278.00"
3396,12594,3/26/2025 9:37:00,"$285,427.00"
3397,12602,3/24/2025 11:01:00,"$485,346.00"
3398,12605,3/22/2025 11:05:00,"$276,539.00"
3399,12611,3/31/2025 12:33:00,"$557,460.00"
3400,12619,3/20/2025 15:22:00,"$403,684.00"
3401,12620,3/24/2025 9:19:00,"$320,335.00"
3402,12622,3/29/2025 8:24:00,"$311,876.00"
3403,12626,3/25/2025 13:03:00,"$377,867.00"
3404,12635,3/29/2025 12:37:00,"$471,491.00"
3405,12640,3/23/2025 11:47:00,"$321,120.00"
3406,12649,3/25/2025 9:07:00,"$462,390.00"
3407,12653,3/26/2025 10:13:00,"$333,687.00"
3408,12658,3/24/2025 9:36:00,"$440,788.00"
3409,12661,3/31/2025 17:33:00,"$413,249.00"
3410,12666,3/21/2025 0:43:00,"$399,843.00"
3411,12669,3/22/2025 14:42:00,"$465,179.00"
3412,12672,3/26/2025 12:22:00,"$351,394.00"
3413,12675,3/25/2025 17:54:00,"$484,577.00"
3414,12680,3/27/2025 15:27:00,"$464,252.00"
3415,12688,3/24/2025 19:21:00,"$282,927.00"
3416,12691,3/26/2025 17:37:00,"$295,683.00"
3417,12692,3/27/2025 9:29:00,"$372,941.00"
3418,12695,3/23/2025 8:09:00,"$527,334.00"
3419,12696,3/27/2025 15:20:00,"$380,922.00"
3420,12699,3/30/2025 14:47:00,"$417,132.00"
3421,12703,3/25/2025 12:01:00,"$524,242.00"
3422,12704,4/2/2025 13:45:00,"$338,288.00"
3423,12705,3/29/2025 17:29:00,"$333,149.00"
3424,12712,3/25/2025 9:25:00,"$474,245.00"
3425,12716,3/24/2025 17:08:00,"$275,885.00"
3426,12719,3/22/2025 13:20:00,"$557,203.00"
3427,12722,3/31/2025 20:41:00,"$271,547.00"
3428,12734,3/26/2025 13:10:00,"$448,884.00"
3429,12735,3/25/2025 20:23:00,"$330,729.00"
3430,12739,3/25/2025 17:32:00,"$348,390.00"
3431,12740,3/25/2025 18:59:00,"$453,812.00"
3432,12744,3/23/2025 16:34:00,"$408,058.00"
3433,12746,3/21/2025 21:43:00,"$345,546.00"
3434,12754,3/29/2025 0:21:00,"$340,985.00"
3435,12755,3/29/2025 14:42:00,"$506,085.00"
3436,12760,3/31/2025 13:41:00,"$522,810.00"
3437,12762,3/26/2025 15:01:00,"$276,518.00"
3438,12765,3/26/2025 17:32:00,"$484,874.00"
3439,12766,3/24/2025 13:22:00,"$328,758.00"
3440,12768,3/29/2025 15:23:00,"$272,584.00"
3441,12777,3/23/2025 16:29:00,"$294,866.00"
3442,12784,3/23/2025 18:54:00,"$392,593.00"
3443,12785,3/26/2025 14:47:00,"$465,071.00"
3444,12792,3/25/2025 16:33:00,"$348,510.00"
3445,12793,3/23/2025 13:09:00,"$339,587.00"
3446,12794,3/29/2025 13:33:00,"$480,550.00"
3447,12796,3/23/2025 16:11:00,"$280,071.00"
3448,12797,3/29/2025 15:38:00,"$335,709.00"
3449,12799,3/31/2025 13:33:00,"$285,131.00"
3450,12803,3/23/2025 14:04:00,"$487,238.00"
3451,12806,3/29/2025 16:43:00,"$535,955.00"
3452,12808,3/29/2025 13:31:00,"$484,184.00"
3453,12811,3/26/2025 19:52:00,"$388,658.00"
3454,12812,3/26/2025 22:12:00,"$351,045.00"
3455,12815,4/5/2025 17:41:00,"$456,407.00"
3456,12820,4/3/2025 17:51:00,"$582,570.00"
3457,12821,3/26/2025 21:13:00,"$546,229.00"
3458,12822,3/25/2025 10:47:00,"$39,592,800"
3459,12824,3/30/2025 8:36:00,"$533,548.00"
3460,12828,3/24/2025 17:05:00,"$497,208.00"
3461,12829,3/25/2025 18:37:00,"$312,920.00"
3462,12832,3/29/2025 17:37:00,"$543,934.00"
3463,12834,3/25/2025 9:14:00,"$327,130.00"
3464,12837,3/26/2025 13:04:00,"$375,298.00"
3465,12838,3/30/2025 16:44:00,"$433,231.00"
3466,12844,3/25/2025 13:45:00,"$559,926.00"
3467,12852,4/2/2025 5:14:00,"$550,322.00"
3468,12854,3/26/2025 13:18:00,"$302,152.00"
3469,12855,3/29/2025 6:56:00,"$280,404.00"
3470,12858,3/31/2025 19:39:00,"$366,090.00"
3471,12860,3/22/2025 15:45:00,"$395,292.00"
3472,12861,3/27/2025 14:13:00,"$342,018.00"
3473,12866,3/24/2025 20:40:00,"$305,244.00"
3474,12867,3/23/2025 19:42:00,"$311,510.00"
3475,12871,3/23/2025 15:50:00,"$500,710.00"
3476,12873,3/29/2025 16:10:00,"$390,102.00"
3477,12885,3/26/2025 1:28:00,"$463,384.00"
3478,12893,3/30/2025 16:34:00,"$371,008.00"
3479,12894,3/26/2025 18:51:00,"$323,363.00"
3480,12895,3/25/2025 10:16:00,"$284,916.00"
3481,12896,3/25/2025 23:53:00,"$437,258.00"
3482,12900,3/29/2025 13:21:00,"$308,237.00"
3483,12902,3/26/2025 17:52:00,"$274,791.00"
3484,12903,4/1/2025 3:08:00,"$467,843.00"
3485,12904,3/30/2025 12:33:00,"$290,488.00"
3486,12909,3/25/2025 21:49:00,"$537,716.00"
3487,12912,3/22/2025 9:44:00,"$351,394.00"
3488,12917,3/26/2025 15:41:00,"$369,419.00"
3489,12918,3/31/2025 16:54:00,"$432,332.00"
3490,12919,3/31/2025 16:53:00,"$352,252.00"
3491,12921,4/4/2025 6:14:00,"$379,860.00"
3492,12922,3/31/2025 1:46:00,"$287,053.00"
3493,12928,3/30/2025 10:06:00,"$292,928.00"
3494,12931,3/25/2025 14:47:00,"$296,324.00"
3495,12934,3/26/2025 17:14:00,"$292,493.00"
3496,12935,4/2/2025 0:30:00,"$567,805.00"
3497,12936,4/1/2025 11:51:00,"$526,910.00"
3498,12937,3/29/2025 10:06:00,"$413,828.00"
3499,12938,3/29/2025 0:46:00,"$423,425.00"
3500,12944,4/1/2025 16:12:00,"$496,795.00"
3501,12946,3/26/2025 3:23:00,"$388,744.00"
3502,12948,3/26/2025 8:42:00,"$348,238.00"
3503,12952,3/27/2025 11:13:00,"$550,300.00"
3504,12954,3/31/2025 17:20:00,"$464,845.00"
3505,12960,3/26/2025 11:32:00,"$560,102.00"
3506,12966,3/25/2025 13:29:00,"$472,244.00"
3507,12967,3/27/2025 19:02:00,"$380,277.00"
3508,12979,3/27/2025 16:43:00,"$411,882.00"
3509,12984,3/27/2025 10:42:00,"$290,434.00"
3510,12996,3/27/2025 8:34:00,"$334,347.00"
3511,12999,3/26/2025 23:15:00,"$343,060.00"
3512,13001,3/31/2025 20:34:00,"$545,818.00"
3513,13013,4/3/2025 9:40:00,"$403,810.00"
3514,13018,3/26/2025 12:29:00,"$348,157.00"
3515,13022,3/30/2025 11:05:00,"$563,239.00"
3516,13027,3/23/2025 17:47:00,"$457,762.00"
3517,13029,3/26/2025 16:35:00,"$299,743.00"
3518,13034,3/29/2025 16:27:00,"$552,300.00"
3519,13035,3/26/2025 10:43:00,"$479,168.00"
3520,13037,3/31/2025 13:08:00,"$299,255.00"
3521,13043,4/2/2025 23:33:00,"$313,009.00"
3522,13047,3/30/2025 0:52:00,"$522,061.00"
3523,13049,3/30/2025 7:47:00,"$437,820.00"
3524,13052,3/25/2025 11:13:00,"$446,609.00"
3525,13056,3/31/2025 16:59:00,"$308,140.00"
3526,13057,3/28/2025 18:09:00,"$424,534.00"
3527,13058,3/29/2025 14:48:00,"$517,157.00"
3528,13060,3/24/2025 11:41:00,"$458,311.00"
3529,13062,3/31/2025 13:48:00,"$355,196.00"
3530,13064,3/29/2025 15:58:00,"$540,429.00"
3531,13067,3/26/2025 9:44:00,"$491,151.00"
3532,13068,3/26/2025 10:22:00,"$371,477.00"
3533,13071,4/1/2025 12:31:00,"$411,626.00"
3534,13072,3/25/2025 10:03:00,"$312,371.00"
3535,13073,4/6/2025 8:06:00,"$565,194.00"
3536,13079,3/30/2025 15:45:00,"$565,057.00"
3537,13080,3/26/2025 17:11:00,"$419,233.00"
3538,13081,3/24/2025 10:30:00,"$390,544.00"
3539,13085,4/6/2025 14:32:00,"$440,613.00"
3540,13089,4/1/2025 15:06:00,"$425,545.00"
3541,13090,3/29/2025 9:59:00,"$411,632.00"
3542,13097,4/3/2025 10:39:00,"$472,488.00"
3543,13100,3/25/2025 10:43:00,"$430,310.00"
3544,13101,3/26/2025 14:56:00,"$371,980.00"
3545,13102,4/1/2025 17:58:00,"$354,581.00"
3546,13103,3/25/2025 20:15:00,"$389,055.00"
3547,13111,3/27/2025 14:40:00,"$303,917.00"
3548,13112,3/23/2025 14:15:00,"$443,723.00"
3549,13114,3/30/2025 10:09:00,"$450,659.00"
3550,13117,3/25/2025 19:09:00,"$401,650.00"
3551,13127,3/26/2025 2:40:00,"$278,661.00"
3552,13135,3/24/2025 15:18:00,"$390,735.00"
3553,13138,3/27/2025 10:01:00,"$337,787.00"
3554,13141,3/29/2025 23:14:00,"$392,506.00"
3555,13142,3/26/2025 5:09:00,"$390,617.00"
3556,13154,3/25/2025 12:23:00,"$313,549.00"
3557,13160,3/26/2025 17:44:00,"$290,611.00"
3558,13163,4/3/2025 9:32:00,"$373,976.00"
3559,13171,4/5/2025 12:30:00,"$488,052.00"
3560,13179,3/25/2025 17:24:00,"$426,756.00"
3561,13191,3/26/2025 9:38:00,"$412,839.00"
3562,13197,3/26/2025 12:44:00,"$549,554.00"
3563,13198,4/2/2025 11:56:00,"$375,894.00"
3564,13202,3/30/2025 17:18:00,"$441,599.00"
3565,13203,3/27/2025 12:34:00,"$546,668.00"
3566,13206,4/2/2025 9:39:00,"$372,272.00"
3567,13208,3/29/2025 6:16:00,"$467,258.00"
3568,13209,4/1/2025 9:10:00,"$398,452.00"
3569,13213,3/31/2025 9:11:00,"$552,092.00"
3570,13215,3/29/2025 9:42:00,"$323,442.00"
3571,13217,3/27/2025 6:03:00,"$318,296.00"
3572,13223,4/3/2025 9:32:00,"$555,389.00"
3573,13233,3/26/2025 11:22:00,"$525,996.00"
3574,13235,4/1/2025 19:50:00,"$334,328.00"
3575,13240,4/4/2025 5:40:00,"$433,032.00"
3576,13241,4/2/2025 17:11:00,"$397,297.00"
3577,13246,3/26/2025 17:37:00,"$314,739.00"
3578,13249,3/31/2025 18:20:00,"$445,594.00"
3579,13251,3/27/2025 14:09:00,"$397,214.00"
3580,13252,3/25/2025 11:03:00,"$437,414.00"
3581,13268,3/30/2025 15:06:00,"$303,881.00"
3582,13270,4/1/2025 16:55:00,"$363,311.00"
3583,13271,3/30/2025 16:42:00,"$457,111.00"
3584,13272,3/28/2025 5:10:00,"$449,343.00"
3585,13273,3/26/2025 18:54:00,"$376,315.00"
3586,13275,4/3/2025 15:29:00,"$562,058.00"
3587,13277,3/30/2025 16:37:00,"$324,401.00"
3588,13280,3/24/2025 14:40:00,"$379,122.00"
3589,13285,3/29/2025 14:36:00,"$523,180.00"
3590,13290,4/2/2025 12:09:00,"$507,094.00"
3591,13292,3/26/2025 19:58:00,"$560,206.00"
3592,13308,4/6/2025 2:44:00,"$548,630.00"
3593,13309,3/31/2025 10:32:00,"$294,603.00"
3594,13316,3/26/2025 17:39:00,"$273,569.00"
3595,13321,3/29/2025 13:12:00,"$380,167.00"
3596,13324,3/25/2025 12:56:00,"$480,648.00"
3597,13327,3/31/2025 10:42:00,"$409,906.00"
3598,13331,4/1/2025 19:56:00,"$578,129.00"
3599,13335,4/6/2025 16:32:00,"$369,311.00"
3600,13339,3/30/2025 13:06:00,"$408,264.00"
3601,13353,3/29/2025 8:44:00,"$379,685.00"
3602,13356,3/30/2025 17:33:00,"$491,048.00"
3603,13358,3/31/2025 16:26:00,"$535,549.00"
3604,13364,3/26/2025 13:49:00,"$492,925.00"
3605,13365,3/29/2025 9:14:00,"$525,627.00"
3606,13368,4/2/2025 12:26:00,"$561,780.00"
3607,13379,3/27/2025 14:16:00,"$355,773.00"
3608,13383,4/8/2025 12:15:00,"$540,286.00"
3609,13389,3/27/2025 10:42:00,"$307,938.00"
3610,13391,3/26/2025 16:49:00,"$294,436.00"
3611,13395,3/27/2025 11:53:00,"$282,350.00"
3612,13399,4/3/2025 15:20:00,"$574,674.00"
3613,13414,4/5/2025 17:35:00,"$507,889.00"
3614,13418,4/1/2025 20:43:00,"$332,729.00"
3615,13419,3/31/2025 22:31:00,"$560,269.00"
3616,13420,3/30/2025 16:22:00,"$487,875.00"
3617,13425,3/31/2025 17:14:00,"$295,749.00"
3618,13429,3/31/2025 16:38:00,"$340,652.00"
3619,13430,4/7/2025 20:38:00,"$352,820.00"
3620,13432,3/29/2025 14:10:00,"$414,128.00"
3621,13433,4/1/2025 14:27:00,"$468,739.00"
3622,13434,3/31/2025 17:45:00,"$563,413.00"
3623,13444,3/27/2025 12:18:00,"$460,466.00"
3624,13446,3/25/2025 13:54:00,"$354,614.00"
3625,13450,4/1/2025 12:36:00,"$349,192.00"
3626,13451,4/1/2025 13:12:00,"$547,094.00"
3627,13452,3/26/2025 15:08:00,"$319,487.00"
3628,13455,4/5/2025 10:41:00,"$374,755.00"
3629,13456,4/2/2025 20:50:00,"$447,556.00"
3630,13460,3/31/2025 11:14:00,"$533,596.00"
3631,13470,3/31/2025 12:57:00,"$308,112.00"
3632,13480,3/30/2025 10:18:00,"$528,878.00"
3633,13485,4/1/2025 15:31:00,"$572,171.00"
3634,13488,3/26/2025 14:26:00,"$299,557.00"
3635,13490,4/6/2025 8:59:00,"$408,681.00"
3636,13494,3/30/2025 14:31:00,"$433,104.00"
3637,13496,3/31/2025 13:29:00,"$383,198.00"
3638,13499,3/27/2025 22:58:00,"$553,406.00"
3639,13501,3/26/2025 13:23:00,"$359,117.00"
3640,13504,3/29/2025 16:37:00,"$489,578.00"
3641,13505,3/31/2025 9:27:00,"$478,776.00"
3642,13506,3/30/2025 8:36:00,"$380,758.00"
3643,13509,4/1/2025 15:40:00,"$512,512.00"
3644,13510,4/3/2025 15:38:00,"$516,219.00"
3645,13517,3/31/2025 16:24:00,"$517,389.00"
3646,13525,3/25/2025 23:54:00,"$566,727.00"
3647,13526,4/3/2025 0:21:00,"$549,439.00"
3648,13527,4/2/2025 13:55:00,"$311,261.00"
3649,13529,4/5/2025 18:44:00,"$398,539.00"
3650,13534,4/6/2025 15:03:00,"$382,846.00"
3651,13540,3/26/2025 13:09:00,"$290,234.00"
3652,13545,3/31/2025 20:45:00,"$549,393.00"
3653,13548,4/1/2025 16:11:00,"$326,335.00"
3654,13549,3/28/2025 16:55:00,"$557,551.00"
3655,13557,3/27/2025 8:59:00,"$421,456.00"
3656,13559,4/5/2025 16:59:00,"$422,031.00"
3657,13560,3/27/2025 15:46:00,"$348,994.00"
3658,13561,3/28/2025 12:11:00,"$502,600.00"
3659,13563,3/26/2025 18:40:00,"$383,550.00"
3660,13565,3/30/2025 7:08:00,"$340,382.00"
3661,13567,3/31/2025 13:00:00,"$342,733.00"
3662,13568,4/2/2025 10:44:00,"$487,222.00"
3663,13574,3/29/2025 12:37:00,"$561,829.00"
3664,13578,4/6/2025 10:42:00,"$459,858.00"
3665,13580,3/29/2025 11:31:00,"$318,041.00"
3666,13582,3/30/2025 12:28:00,"$432,211.00"
3667,13585,4/12/2025 16:15:00,"$506,005.00"
3668,13592,4/7/2025 8:02:00,"$299,993.00"
3669,13594,4/1/2025 16:31:00,"$301,607.00"
3670,13596,3/27/2025 10:02:00,"$428,096.00"
3671,13601,3/29/2025 11:26:00,"$294,068.00"
3672,13606,3/30/2025 11:51:00,"$515,550.00"
3673,13607,4/1/2025 17:54:00,"$556,295.00"
3674,13609,4/7/2025 11:09:00,"$395,646.00"
3675,13610,4/3/2025 13:56:00,"$302,368.00"
3676,13616,3/28/2025 23:52:00,"$462,080.00"
3677,13620,3/30/2025 10:47:00,"$468,394.00"
3678,13626,3/31/2025 9:19:00,"$521,242.00"
3679,13633,3/27/2025 17:09:00,"$546,777.00"
3680,13642,3/30/2025 17:34:00,"$566,925.00"
3681,13647,3/30/2025 12:46:00,"$533,762.00"
3682,13648,4/1/2025 4:17:00,"$493,421.00"
3683,13649,4/1/2025 17:43:00,"$485,886.00"
3684,13651,4/1/2025 12:06:00,"$540,682.00"
3685,13652,3/27/2025 16:59:00,"$289,254.00"
3686,13656,3/27/2025 10:17:00,"$323,609.00"
3687,13660,3/31/2025 18:11:00,"$285,270.00"
3688,13663,3/30/2025 15:25:00,"$323,595.00"
3689,13670,4/3/2025 10:06:00,"$310,295.00"
3690,13671,4/2/2025 15:18:00,"$315,564.00"
3691,13672,3/31/2025 8:38:00,"$461,827.00"
3692,13676,4/5/2025 11:55:00,"$507,684.00"
3693,13679,4/1/2025 13:32:00,"$547,317.00"
3694,13684,3/27/2025 13:01:00,"$432,342.00"
3695,13685,4/9/2025 10:15:00,"$496,484.00"
3696,13687,3/29/2025 12:28:00,"$437,619.00"
3697,13690,3/29/2025 15:25:00,"$439,756.00"
3698,13691,4/5/2025 12:39:00,"$584,090.00"
3699,13695,3/30/2025 14:45:00,"$489,988.00"
3700,13703,4/7/2025 14:04:00,"$340,123.00"
3701,13707,3/29/2025 9:23:00,"$495,350.00"
3702,13712,4/3/2025 13:32:00,"$513,861.00"
3703,13713,3/27/2025 18:52:00,"$404,962.00"
3704,13716,4/5/2025 12:03:00,"$380,381.00"
3705,13719,3/31/2025 15:53:00,"$516,776.00"
3706,13721,3/29/2025 10:52:00,"$364,600.00"
3707,13723,3/28/2025 15:21:00,"$495,769.00"
3708,13725,4/5/2025 20:40:00,"$352,192.00"
3709,13732,4/3/2025 9:01:00,"$580,177.00"
3710,13743,4/9/2025 15:30:00,"$361,091.00"
3711,13745,3/30/2025 1:38:00,"$401,901.00"
3712,13748,3/27/2025 12:53:00,"$372,644.00"
3713,13749,3/31/2025 13:34:00,"$343,381.00"
3714,13752,4/8/2025 12:32:00,"$486,999.00"
3715,13757,3/31/2025 11:01:00,"$557,601.00"
3716,13759,4/10/2025 14:09:00,"$393,256.00"
3717,13762,3/29/2025 12:51:00,"$520,337.00"
3718,13764,4/8/2025 13:13:00,"$428,873.00"
3719,13765,4/1/2025 16:51:00,"$564,498.00"
3720,13767,4/9/2025 16:19:00,"$363,607.00"
3721,13768,3/29/2025 21:34:00,"$327,845.00"
3722,13770,4/5/2025 9:15:00,"$585,717.00"
3723,13773,4/6/2025 8:02:00,"$578,620.00"
3724,13774,3/30/2025 14:46:00,"$503,073.00"
3725,13782,4/6/2025 14:39:00,"$407,189.00"
3726,13785,4/6/2025 14:05:00,"$457,555.00"
3727,13786,4/1/2025 9:30:00,"$570,795.00"
3728,13795,3/31/2025 13:02:00,"$559,156.00"
3729,13800,4/2/2025 14:31:00,"$360,027.00"
3730,13805,3/29/2025 17:14:00,"$477,809.00"
3731,13814,3/31/2025 13:58:00,"$373,297.00"
3732,13817,4/2/2025 11:48:00,"$297,232.00"
3733,13824,4/3/2025 20:38:00,"$522,968.00"
3734,13829,3/30/2025 17:27:00,"$467,763.00"
3735,13831,4/2/2025 17:15:00,"$515,502.00"
3736,13832,4/8/2025 8:25:00,"$350,724.00"
3737,13834,4/5/2025 15:15:00,"$557,513.00"
3738,13835,3/27/2025 16:56:00,"$358,818.00"
3739,13841,4/2/2025 15:08:00,"$589,621.00"
3740,13843,4/3/2025 15:42:00,"$511,105.00"
3741,13845,4/3/2025 9:27:00,"$476,655.00"
3742,13846,3/29/2025 15:39:00,"$519,418.00"
3743,13847,4/9/2025 11:38:00,"$375,393.00"
3744,13848,4/6/2025 17:25:00,"$573,281.00"
3745,13856,4/3/2025 5:09:00,"$432,366.00"
3746,13857,4/5/2025 9:01:00,"$314,295.00"
3747,13863,4/3/2025 9:23:00,"$302,412.00"
3748,13864,3/30/2025 5:54:00,"$351,601.00"
3749,13865,4/2/2025 19:34:00,"$579,437.00"
3750,13866,4/1/2025 16:00:00,"$415,521.00"
3751,13868,4/2/2025 11:01:00,"$567,035.00"
3752,13869,3/31/2025 11:50:00,"$445,795.00"
3753,13870,4/8/2025 10:33:00,"$561,096.00"
3754,13879,4/5/2025 15:27:00,"$407,158.00"
3755,13886,4/1/2025 17:43:00,"$339,268.00"
3756,13889,4/5/2025 12:41:00,"$360,418.00"
3757,13894,4/2/2025 9:29:00,"$587,827.00"
3758,13899,4/5/2025 17:51:00,"$349,865.00"
3759,13906,4/1/2025 7:28:00,"$322,622.00"
3760,13910,4/1/2025 9:19:00,"$304,836.00"
3761,13918,4/8/2025 9:56:00,"$370,806.00"
3762,13920,4/5/2025 16:15:00,"$406,130.00"
3763,13924,4/4/2025 14:30:00,"$361,475.00"
3764,13925,4/6/2025 13:31:00,"$479,355.00"
3765,13926,4/6/2025 11:14:00,"$404,315.00"
3766,13930,4/5/2025 21:11:00,"$508,210.00"
3767,13935,4/5/2025 23:24:00,"$384,195.00"
3768,13937,4/5/2025 12:10:00,"$338,447.00"
3769,13942,4/5/2025 22:11:00,"$567,132.00"
3770,13946,4/3/2025 12:08:00,"$551,929.00"
3771,13948,4/4/2025 10:18:00,"$563,504.00"
3772,13955,4/6/2025 5:16:00,"$479,246.00"
3773,13958,4/8/2025 10:00:00,"$332,220.00"
3774,13959,4/9/2025 12:59:00,"$439,548.00"
3775,13962,3/29/2025 9:09:00,"$435,606.00"
3776,13967,4/5/2025 16:53:00,"$489,150.00"
3777,13968,4/5/2025 16:48:00,"$425,475.00"
3778,13970,4/6/2025 13:13:00,"$447,765.00"
3779,13973,4/8/2025 13:28:00,"$471,464.00"
3780,13975,4/1/2025 14:34:00,"$388,694.00"
3781,13979,4/2/2025 3:35:00,"$473,662.00"
3782,13981,4/7/2025 17:45:00,"$396,804.00"
3783,13983,3/31/2025 8:27:00,"$509,542.00"
3784,13986,4/6/2025 14:41:00,"$299,625.00"
3785,13987,3/29/2025 12:34:00,"$507,413.00"
3786,13988,3/31/2025 12:27:00,"$311,838.00"
3787,13993,4/1/2025 11:25:00,"$343,881.00"
3788,13996,3/30/2025 16:12:00,"$375,263.00"
3789,14000,4/6/2025 10:21:00,"$522,488.00"
3790,14002,4/3/2025 13:58:00,"$484,124.00"
3791,14008,4/8/2025 10:00:00,"$439,023.00"
3792,14012,4/8/2025 12:10:00,"$495,144.00"
3793,14014,3/29/2025 13:11:00,"$374,086.00"
3794,14015,4/12/2025 9:21:00,"$346,855.00"
3795,14019,4/7/2025 10:04:00,"$408,435.00"
3796,14020,4/13/2025 7:30:00,"$587,009.00"
3797,14021,3/29/2025 16:52:00,"$342,578.00"
3798,14023,3/31/2025 14:27:00,"$416,569.00"
3799,14024,4/5/2025 13:55:00,"$338,622.00"
3800,14025,4/2/2025 19:22:00,"$588,020.00"
3801,14026,4/1/2025 14:10:00,"$507,507.00"
3802,14028,4/8/2025 11:03:00,"$347,058.00"
3803,14029,4/6/2025 11:12:00,"$435,461.00"
3804,14036,4/1/2025 16:02:00,"$524,799.00"
3805,14040,4/8/2025 0:28:00,"$313,415.00"
3806,14047,4/5/2025 9:23:00,"$498,254.00"
3807,14048,4/4/2025 2:39:00,"$411,679.00"
3808,14052,4/3/2025 20:32:00,"$443,577.00"
3809,14059,3/31/2025 11:16:00,"$438,431.00"
3810,14061,3/31/2025 10:34:00,"$551,347.00"
3811,14064,4/6/2025 8:53:00,"$438,702.00"
3812,14065,4/5/2025 10:33:00,"$414,727.00"
3813,14068,4/6/2025 12:09:00,"$345,366.00"
3814,14076,3/31/2025 11:07:00,"$275,967.00"
3815,14077,4/6/2025 1:37:00,"$584,089.00"
3816,14078,3/31/2025 10:38:00,"$288,100.00"
3817,14085,4/2/2025 16:43:00,"$510,208.00"
3818,14086,3/30/2025 12:30:00,"$476,877.00"
3819,14088,4/2/2025 13:38:00,"$529,326.00"
3820,14089,4/8/2025 11:08:00,"$310,385.00"
3821,14093,4/2/2025 14:00:00,"$574,116.00"
3822,14094,4/14/2025 9:43:00,"$350,129.00"
3823,14095,4/10/2025 15:16:00,"$533,199.00"
3824,14101,4/8/2025 13:47:00,"$400,108.00"
3825,14104,4/1/2025 9:53:00,"$465,043.00"
3826,14106,4/5/2025 9:23:00,"$425,276.00"
3827,14107,4/6/2025 16:14:00,"$382,182.00"
3828,14112,4/7/2025 15:42:00,"$574,760.00"
3829,14116,4/5/2025 9:56:00,"$458,165.00"
3830,14117,3/31/2025 14:00:00,"$373,559.00"
3831,14123,4/5/2025 16:34:00,"$522,150.00"
3832,14125,3/31/2025 20:07:00,"$384,987.00"
3833,14126,4/1/2025 20:39:00,"$409,073.00"
3834,14129,4/11/2025 5:48:00,"$465,844.00"
3835,14136,4/5/2025 20:22:00,"$345,776.00"
3836,14143,4/9/2025 14:52:00,"$374,573.00"
3837,14145,4/2/2025 16:21:00,"$492,159.00"
3838,14148,4/8/2025 8:01:00,"$493,691.00"
3839,14150,4/12/2025 19:43:00,"$429,748.00"
3840,14153,4/2/2025 18:00:00,"$565,069.00"
3841,14155,4/6/2025 17:53:00,"$569,080.00"
3842,14157,3/31/2025 16:23:00,"$506,054.00"
3843,14158,4/6/2025 22:32:00,"$359,837.00"
3844,14160,4/1/2025 17:24:00,"$475,716.00"
3845,14164,4/7/2025 11:39:00,"$554,443.00"
3846,14167,4/10/2025 14:45:00,"$589,227.00"
3847,14174,4/10/2025 11:43:00,"$583,022.00"
3848,14176,4/5/2025 9:51:00,"$327,998.00"
3849,14181,4/6/2025 13:37:00,"$374,117.00"
3850,14182,4/9/2025 8:47:00,"$447,963.00"
3851,14184,4/7/2025 16:42:00,"$327,116.00"
3852,14187,4/7/2025 15:16:00,"$365,444.00"
3853,14196,3/30/2025 12:07:00,"$487,274.00"
3854,14198,4/2/2025 9:38:00,"$473,166.00"
3855,14200,4/7/2025 16:03:00,"$562,232.00"
3856,14206,4/4/2025 19:26:00,"$571,979.00"
3857,14208,4/5/2025 2:27:00,"$364,524.00"
3858,14209,4/6/2025 15:18:00,"$317,254.00"
3859,14210,4/1/2025 10:00:00,"$514,756.00"
3860,14214,4/4/2025 3:20:00,"$476,874.00"
3861,14215,4/8/2025 17:10:00,"$549,544.00"
3862,14217,4/1/2025 13:01:00,"$402,447.00"
3863,14218,4/16/2025 10:39:00,"$512,865.00"
3864,14221,4/8/2025 0:43:00,"$455,952.00"
3865,14223,4/10/2025 16:50:00,"$362,326.00"
3866,14225,4/3/2025 9:55:00,"$411,330.00"
3867,14226,4/6/2025 9:25:00,"$449,984.00"
3868,14229,4/13/2025 10:00:00,"$444,046.00"
3869,14238,4/8/2025 18:43:00,"$415,167.00"
3870,14241,4/2/2025 16:32:00,"$375,475.00"
3871,14244,4/5/2025 15:13:00,"$400,984.00"
3872,14250,4/14/2025 12:58:00,"$421,482.00"
3873,14256,4/5/2025 12:24:00,"$300,446.00"
3874,14258,3/31/2025 14:18:00,"$534,772.00"
3875,14266,4/7/2025 14:18:00,"$351,676.00"
3876,14275,4/7/2025 14:30:00,"$516,520.00"
3877,14283,4/9/2025 13:33:00,"$484,529.00"
3878,14287,4/4/2025 14:43:00,"$339,062.00"
3879,14292,4/5/2025 19:11:00,"$382,753.00"
3880,14294,4/5/2025 14:29:00,"$504,284.00"
3881,14296,4/7/2025 12:07:00,"$498,743.00"
3882,14301,4/5/2025 1:55:00,"$354,258.00"
3883,14303,4/1/2025 19:56:00,"$512,600.00"
3884,14305,3/31/2025 11:43:00,"$283,339.00"
3885,14307,4/2/2025 17:37:00,"$392,142.00"
3886,14310,4/1/2025 15:42:00,"$456,743.00"
3887,14312,4/1/2025 15:55:00,"$402,347.00"
3888,14317,4/2/2025 16:35:00,"$465,520.00"
3889,14318,4/1/2025 10:05:00,"$563,044.00"
3890,14321,4/7/2025 15:07:00,"$308,072.00"
3891,14334,4/7/2025 11:10:00,"$383,008.00"
3892,14337,4/2/2025 12:35:00,"$362,202.00"
3893,14340,4/2/2025 17:13:00,"$306,404.00"
3894,14345,4/9/2025 10:30:00,"$307,342.00"
3895,14348,4/7/2025 16:41:00,"$565,695.00"
3896,14354,4/1/2025 13:08:00,"$575,726.00"
3897,14355,4/1/2025 9:52:00,"$562,825.00"
3898,14362,4/9/2025 14:25:00,"$311,879.00"
3899,14363,3/31/2025 13:51:00,"$398,468.00"
3900,14364,4/2/2025 18:09:00,"$299,206.00"
3901,14370,4/12/2025 2:45:00,"$441,437.00"
3902,14371,4/3/2025 13:43:00,"$490,594.00"
3903,14373,4/8/2025 14:21:00,"$469,278.00"
3904,14386,4/2/2025 18:06:00,"$390,650.00"
3905,14387,4/13/2025 15:57:00,"$533,195.00"
3906,14389,4/8/2025 17:22:00,"$458,380.00"
3907,14392,4/7/2025 12:15:00,"$429,009.00"
3908,14400,4/7/2025 15:17:00,"$522,895.00"
3909,14401,4/9/2025 9:47:00,"$475,661.00"
3910,14404,4/7/2025 13:30:00,"$475,900.00"
3911,14406,4/3/2025 14:56:00,"$436,481.00"
3912,14410,4/1/2025 19:27:00,"$317,545.00"
3913,14411,4/8/2025 15:03:00,"$391,700.00"
3914,14419,4/6/2025 16:18:00,"$463,116.00"
3915,14421,4/10/2025 10:34:00,"$359,524.00"
3916,14424,4/6/2025 8:09:00,"$475,917.00"
3917,14428,4/14/2025 7:08:00,"$542,006.00"
3918,14430,4/13/2025 10:00:00,"$365,237.00"
3919,14436,4/5/2025 16:12:00,"$574,680.00"
3920,14445,4/2/2025 17:18:00,"$532,105.00"
3921,14447,4/8/2025 15:38:00,"$368,680.00"
3922,14448,4/1/2025 12:35:00,"$314,217.00"
3923,14451,4/5/2025 3:42:00,"$298,419.00"
3924,14454,4/5/2025 14:00:00,"$303,886.00"
3925,14459,4/10/2025 8:47:00,"$331,168.00"
3926,14467,4/6/2025 17:59:00,"$566,059.00"
3927,14470,4/2/2025 12:55:00,"$465,681.00"
3928,14471,4/1/2025 9:07:00,"$324,640.00"
3929,14477,4/2/2025 17:31:00,"$295,913.00"
3930,14478,4/6/2025 11:56:00,"$537,184.00"
3931,14485,4/7/2025 10:33:00,"$414,910.00"
3932,14486,4/14/2025 16:23:00,"$535,826.00"
3933,14488,4/15/2025 12:12:00,"$541,005.00"
3934,14489,4/9/2025 8:25:00,"$347,032.00"
3935,14493,4/6/2025 12:51:00,"$450,623.00"
3936,14498,4/9/2025 16:54:00,"$431,040.00"
3937,14499,4/9/2025 4:38:00,"$422,224.00"
3938,14508,4/6/2025 1:51:00,"$374,805.00"
3939,14509,4/7/2025 6:15:00,"$390,590.00"
3940,14515,4/2/2025 11:40:00,"$577,193.00"
3941,14527,4/8/2025 7:25:00,"$336,798.00"
3942,14528,4/7/2025 10:59:00,"$404,614.00"
3943,14529,4/3/2025 15:22:00,"$357,618.00"
3944,14531,4/8/2025 13:13:00,"$380,222.00"
3945,14537,4/6/2025 16:55:00,"$469,109.00"
3946,14540,4/10/2025 9:55:00,"$425,967.00"
3947,14541,4/12/2025 12:25:00,"$462,642.00"
3948,14542,4/9/2025 13:41:00,"$382,027.00"
3949,14547,4/8/2025 13:15:00,"$469,387.00"
3950,14554,4/7/2025 17:13:00,"$414,806.00"
3951,14556,4/5/2025 13:53:00,"$388,214.00"
3952,14559,4/13/2025 7:29:00,"$473,409.00"
3953,14566,4/6/2025 10:45:00,"$412,462.00"
3954,14569,4/9/2025 13:16:00,"$441,439.00"
3955,14572,4/3/2025 19:30:00,"$389,128.00"
3956,14575,4/5/2025 8:24:00,"$413,616.00"
3957,14578,4/6/2025 10:38:00,"$550,737.00"
3958,14585,4/7/2025 16:17:00,"$361,044.00"
3959,14586,4/10/2025 9:03:00,"$350,978.00"
3960,14589,4/10/2025 18:54:00,"$449,242.00"
3961,14590,4/2/2025 17:40:00,"$559,320.00"
3962,14592,4/6/2025 9:50:00,"$453,163.00"
3963,14599,4/7/2025 12:32:00,"$545,412.00"
3964,14603,4/12/2025 9:50:00,"$583,372.00"
3965,14608,4/5/2025 11:10:00,"$448,404.00"
3966,14610,4/8/2025 9:57:00,"$582,868.00"
3967,14613,4/14/2025 14:38:00,"$531,704.00"
3968,14617,4/9/2025 13:24:00,"$463,840.00"
3969,14622,4/10/2025 11:51:00,"$466,599.00"
3970,14628,4/15/2025 14:33:00,"$411,628.00"
3971,14633,4/5/2025 14:45:00,"$432,456.00"
3972,14636,4/8/2025 14:15:00,"$544,091.00"
3973,14637,4/7/2025 10:06:00,"$494,196.00"
3974,14648,4/14/2025 8:47:00,"$556,605.00"
3975,14649,4/10/2025 20:03:00,"$299,393.00"
3976,14650,4/2/2025 19:13:00,"$577,412.00"
3977,14651,4/3/2025 16:34:00,"$487,499.00"
3978,14656,4/4/2025 10:29:00,"$538,243.00"
3979,14657,4/6/2025 9:14:00,"$386,440.00"
3980,14664,4/9/2025 19:19:00,"$343,361.00"
3981,14666,4/8/2025 15:46:00,"$530,208.00"
3982,14680,4/10/2025 19:59:00,"$535,783.00"
3983,14683,4/9/2025 9:11:00,"$429,762.00"
3984,14684,4/15/2025 11:40:00,"$505,463.00"
3985,14685,4/8/2025 20:15:00,"$326,494.00"
3986,14687,4/7/2025 17:24:00,"$483,724.00"
3987,14688,4/9/2025 14:48:00,"$542,325.00"
3988,14692,4/6/2025 11:33:00,"$427,683.00"
3989,14698,4/5/2025 17:58:00,"$420,059.00"
3990,14699,4/7/2025 13:20:00,"$511,280.00"
3991,14702,4/5/2025 9:19:00,"$501,946.00"
3992,14703,4/8/2025 16:31:00,"$432,393.00"
3993,14704,4/13/2025 15:56:00,"$537,615.00"
3994,14706,4/6/2025 5:57:00,"$373,793.00"
3995,14715,4/5/2025 15:35:00,"$508,706.00"
3996,14722,4/3/2025 16:00:00,"$509,699.00"
3997,14725,4/7/2025 9:29:00,"$463,214.00"
3998,14736,4/7/2025 15:41:00,"$293,585.00"
3999,14742,4/8/2025 13:53:00,"$431,598.00"
4000,14749,4/3/2025 10:16:00,"$384,061.00"
4001,14763,4/4/2025 2:38:00,"$452,632.00"
4002,14766,4/9/2025 16:51:00,"$355,191.00"
4003,14768,4/9/2025 15:00:00,"$395,274.00"
4004,14773,4/13/2025 9:38:00,"$423,276.00"
4005,14785,4/12/2025 16:20:00,"$352,111.00"
4006,14789,4/6/2025 8:23:00,"$390,150.00"
4007,14790,4/9/2025 15:43:00,"$532,340.00"
4008,14792,4/15/2025 13:02:00,"$482,621.00"
4009,14799,4/7/2025 15:03:00,"$538,827.00"
4010,14805,4/6/2025 17:24:00,"$482,663.00"
4011,14806,4/8/2025 9:03:00,"$375,450.00"
4012,14808,4/7/2025 12:44:00,"$330,598.00"
4013,14812,4/7/2025 20:15:00,"$318,474.00"
4014,14821,4/10/2025 17:58:00,"$328,926.00"
4015,14824,4/6/2025 3:20:00,"$564,515.00"
4016,14828,4/8/2025 15:47:00,"$364,145.00"
4017,14830,4/10/2025 8:15:00,"$330,607.00"
4018,14831,4/5/2025 12:26:00,"$452,582.00"
4019,14832,4/6/2025 11:10:00,"$540,728.00"
4020,14838,4/4/2025 22:41:00,"$324,756.00"
4021,14840,4/14/2025 15:26:00,"$427,444.00"
4022,14846,4/8/2025 17:01:00,"$431,318.00"
4023,14847,4/14/2025 15:34:00,"$504,975.00"
4024,14852,4/5/2025 17:04:00,"$516,674.00"
4025,14853,4/9/2025 12:42:00,"$339,138.00"
4026,14855,4/9/2025 21:00:00,"$321,512.00"
4027,14859,4/7/2025 16:02:00,"$520,050.00"
4028,14863,4/9/2025 13:06:00,"$319,618.00"
4029,14869,4/12/2025 14:26:00,"$455,825.00"
4030,14873,4/13/2025 16:25:00,"$461,155.00"
4031,14875,4/10/2025 17:40:00,"$361,742.00"
4032,14877,4/9/2025 9:58:00,"$333,831.00"
4033,14878,4/12/2025 23:27:00,"$402,765.00"
4034,14880,4/5/2025 9:23:00,"$325,268.00"
4035,14882,4/15/2025 10:28:00,"$512,754.00"
4036,14888,4/4/2025 0:05:00,"$490,261.00"
4037,14890,4/9/2025 14:02:00,"$558,594.00"
4038,14897,4/8/2025 14:54:00,"$587,976.00"
4039,14900,4/6/2025 12:25:00,"$577,875.00"
4040,14902,4/8/2025 10:27:00,"$435,494.00"
4041,14906,4/14/2025 15:45:00,"$429,208.00"
4042,14909,4/12/2025 16:10:00,"$403,994.00"
4043,14910,4/5/2025 16:58:00,"$445,405.00"
4044,14911,4/10/2025 16:55:00,"$393,382.00"
4045,14915,4/10/2025 13:12:00,"$315,802.00"
4046,14916,4/9/2025 19:25:00,"$508,458.00"
4047,14917,4/7/2025 12:31:00,"$439,893.00"
4048,14918,4/6/2025 10:01:00,"$417,722.00"
4049,14926,4/17/2025 10:05:00,"$548,507.00"
4050,14936,4/9/2025 10:37:00,"$502,994.00"
4051,14937,4/10/2025 14:50:00,"$327,108.00"
4052,14940,4/7/2025 12:08:00,"$429,127.00"
4053,14943,4/16/2025 8:44:00,"$543,910.00"
4054,14946,4/14/2025 13:15:00,"$573,546.00"
4055,14955,4/4/2025 17:22:00,"$461,890.00"
4056,14956,4/7/2025 11:48:00,"$493,732.00"
4057,14963,4/7/2025 14:41:00,"$409,890.00"
4058,14967,4/5/2025 11:36:00,"$424,092.00"
4059,14972,4/7/2025 2:30:00,"$552,431.00"
4060,14977,4/8/2025 16:19:00,"$466,672.00"
4061,14985,4/13/2025 14:14:00,"$568,184.00"
4062,14987,4/16/2025 9:53:00,"$429,303.00"
4063,14988,4/9/2025 18:48:00,"$301,309.00"
4064,14993,4/15/2025 13:38:00,"$444,355.00"
4065,14994,4/15/2025 12:56:00,"$516,940.00"
4066,14997,4/6/2025 13:52:00,"$444,716.00"
4067,14999,4/13/2025 13:46:00,"$444,642.00"
4068,15000,4/5/2025 15:01:00,"$572,800.00"
4069,15008,4/8/2025 11:27:00,"$311,264.00"
4070,15009,4/9/2025 17:20:00,"$368,379.00"
4071,15012,4/8/2025 12:14:00,"$541,240.00"
4072,15021,4/11/2025 12:15:00,"$367,953.00"
4073,15034,4/8/2025 11:51:00,"$540,681.00"
4074,15042,4/6/2025 12:01:00,"$478,117.00"
4075,15048,4/10/2025 10:24:00,"$455,218.00"
4076,15049,4/11/2025 1:09:00,"$474,496.00"
4077,15057,4/12/2025 12:04:00,"$584,181.00"
4078,15065,4/13/2025 13:56:00,"$346,539.00"
4079,15066,4/9/2025 8:59:00,"$373,348.00"
4080,15068,4/14/2025 9:12:00,"$313,743.00"
4081,15070,4/9/2025 11:01:00,"$328,278.00"
4082,15072,4/5/2025 10:49:00,"$314,542.00"
4083,15074,4/6/2025 19:07:00,"$478,039.00"
4084,15081,4/9/2025 9:41:00,"$311,694.00"
4085,15082,4/12/2025 15:23:00,"$336,099.00"
4086,15084,4/6/2025 3:03:00,"$443,107.00"
4087,15094,4/12/2025 10:38:00,"$326,531.00"
4088,15097,4/13/2025 14:59:00,"$366,534.00"
4089,15108,4/7/2025 13:31:00,"$389,682.00"
4090,15121,4/10/2025 20:08:00,"$417,697.00"
4091,15126,4/9/2025 12:52:00,"$410,895.00"
4092,15136,4/14/2025 13:20:00,"$367,934.00"
4093,15138,4/14/2025 9:19:00,"$471,383.00"
4094,15144,4/7/2025 5:42:00,"$451,137.00"
4095,15145,4/9/2025 16:56:00,"$480,457.00"
4096,15149,4/9/2025 10:00:00,"$311,744.00"
4097,15159,4/9/2025 17:39:00,"$377,309.00"
4098,15160,4/9/2025 14:07:00,"$575,345.00"
4099,15165,4/13/2025 10:49:00,"$459,757.00"
4100,15166,4/8/2025 16:44:00,"$535,004.00"
4101,15169,4/17/2025 13:48:00,"$469,092.00"
4102,15174,4/7/2025 13:48:00,"$327,343.00"
4103,15176,4/19/2025 12:03:00,"$440,517.00"
4104,15177,4/6/2025 10:34:00,"$343,708.00"
4105,15178,4/19/2025 11:23:00,"$458,457.00"
4106,15179,4/13/2025 10:02:00,"$297,017.00"
4107,15188,4/6/2025 23:53:00,"$295,909.00"
4108,15191,4/13/2025 17:47:00,"$329,602.00"
4109,15195,4/8/2025 23:47:00,"$345,363.00"
4110,15199,4/6/2025 22:51:00,"$434,294.00"
4111,15200,4/10/2025 17:42:00,"$359,087.00"
4112,15201,4/9/2025 10:05:00,"$311,417.00"
4113,15202,4/10/2025 20:07:00,"$576,086.00"
4114,15206,4/6/2025 8:28:00,"$410,594.00"
4115,15210,4/8/2025 1:14:00,"$429,543.00"
4116,15212,4/10/2025 16:25:00,"$401,136.00"
4117,15215,4/14/2025 9:59:00,"$353,112.00"
4118,15216,4/9/2025 11:54:00,"$355,394.00"
4119,15220,4/19/2025 13:45:00,"$306,021.00"
4120,15222,4/9/2025 14:14:00,"$512,896.00"
4121,15223,4/12/2025 13:06:00,"$437,623.00"
4122,15224,4/15/2025 13:16:00,"$573,059.00"
4123,15229,4/14/2025 9:08:00,"$413,736.00"
4124,15231,4/10/2025 7:54:00,"$484,719.00"
4125,15232,4/7/2025 14:03:00,"$505,174.00"
4126,15237,4/20/2025 8:51:00,"$576,537.00"
4127,15248,4/16/2025 10:17:00,"$384,057.00"
4128,15249,4/13/2025 9:00:00,"$559,278.00"
4129,15250,4/12/2025 17:20:00,"$522,103.00"
4130,15253,4/12/2025 12:27:00,"$520,517.00"
4131,15254,4/14/2025 10:36:00,"$382,467.00"
4132,15258,4/7/2025 18:32:00,"$416,775.00"
4133,15264,4/12/2025 11:49:00,"$302,557.00"
4134,15273,4/10/2025 14:17:00,"$581,515.00"
4135,15274,4/7/2025 9:20:00,"$328,164.00"
4136,15276,4/20/2025 14:01:00,"$571,168.00"
4137,15280,4/9/2025 19:25:00,"$362,827.00"
4138,15282,4/6/2025 17:04:00,"$436,116.00"
4139,15290,4/15/2025 20:34:00,"$568,445.00"
4140,15300,4/12/2025 9:33:00,"$582,155.00"
4141,15305,4/8/2025 11:20:00,"$412,724.00"
4142,15306,4/9/2025 13:54:00,"$295,989.00"
4143,15307,4/9/2025 9:22:00,"$425,119.00"
4144,15311,4/7/2025 12:56:00,"$321,467.00"
4145,15313,4/7/2025 17:15:00,"$524,102.00"
4146,15314,4/12/2025 20:38:00,"$358,511.00"
4147,15316,4/6/2025 5:23:00,"$371,754.00"
4148,15319,4/9/2025 9:09:00,"$487,330.00"
4149,15329,4/8/2025 15:55:00,"$574,730.00"
4150,15333,4/10/2025 15:05:00,"$567,320.00"
4151,15334,4/9/2025 17:12:00,"$488,044.00"
4152,15335,4/12/2025 5:18:00,"$313,563.00"
4153,15338,4/8/2025 19:39:00,"$582,130.00"
4154,15341,4/8/2025 9:12:00,"$583,025.00"
4155,15351,4/9/2025 17:32:00,"$546,783.00"
4156,15352,4/10/2025 12:50:00,"$401,764.00"
4157,15353,4/8/2025 12:52:00,"$526,684.00"
4158,15356,4/10/2025 13:41:00,"$465,833.00"
4159,15357,4/12/2025 0:03:00,"$408,429.00"
4160,15361,4/14/2025 16:26:00,"$306,584.00"
4161,15364,4/19/2025 11:36:00,"$325,357.00"
4162,15367,4/7/2025 14:59:00,"$493,142.00"
4163,15372,4/16/2025 14:35:00,"$447,431.00"
4164,15377,4/11/2025 22:18:00,"$375,558.00"
4165,15378,4/10/2025 10:36:00,"$387,158.00"
4166,15383,4/15/2025 16:19:00,"$383,707.00"
4167,15387,4/12/2025 14:28:00,"$573,238.00"
4168,15398,4/14/2025 13:11:00,"$372,283.00"
4169,15400,4/11/2025 0:05:00,"$354,184.00"
4170,15402,4/7/2025 19:23:00,"$360,511.00"
4171,15404,4/7/2025 9:36:00,"$419,365.00"
4172,15406,4/6/2025 17:40:00,"$473,513.00"
4173,15414,4/14/2025 12:54:00,"$361,291.00"
4174,15416,4/12/2025 15:25:00,"$357,334.00"
4175,15419,4/11/2025 11:32:00,"$417,122.00"
4176,15425,4/12/2025 14:55:00,"$429,749.00"
4177,15431,4/7/2025 8:34:00,"$305,749.00"
4178,15436,4/8/2025 20:53:00,"$560,205.00"
4179,15443,4/17/2025 9:07:00,"$452,059.00"
4180,15448,4/7/2025 15:57:00,"$423,810.00"
4181,15455,4/8/2025 11:58:00,"$470,658.00"
4182,15464,4/10/2025 16:23:00,"$469,882.00"
4183,15467,4/9/2025 11:03:00,"$550,407.00"
4184,15474,4/8/2025 13:30:00,"$294,197.00"
4185,15476,4/9/2025 17:15:00,"$492,081.00"
4186,15488,4/15/2025 8:24:00,"$511,788.00"
4187,15490,4/10/2025 11:23:00,"$528,624.00"
4188,15491,4/9/2025 17:18:00,"$307,752.00"
4189,15497,4/12/2025 16:32:00,"$350,913.00"
4190,15500,4/20/2025 17:48:00,"$341,653.00"
4191,15501,4/16/2025 11:37:00,"$453,128.00"
4192,15502,4/19/2025 11:26:00,"$420,655.00"
4193,15503,4/8/2025 12:00:00,"$399,496.00"
4194,15505,4/8/2025 13:21:00,"$566,095.00"
4195,15507,4/11/2025 4:14:00,"$424,962.00"
4196,15515,4/17/2025 11:19:00,"$339,491.00"
4197,15516,4/20/2025 12:48:00,"$400,223.00"
4198,15522,4/12/2025 13:53:00,"$487,618.00"
4199,15523,4/9/2025 10:51:00,"$439,820.00"
4200,15524,4/16/2025 15:59:00,"$487,864.00"
4201,15529,4/14/2025 17:11:00,"$351,664.00"
4202,15530,4/8/2025 16:19:00,"$413,438.00"
4203,15534,4/9/2025 11:26:00,"$365,788.00"
4204,15537,4/12/2025 19:24:00,"$385,084.00"
4205,15543,4/12/2025 14:47:00,"$355,571.00"
4206,15545,4/13/2025 11:39:00,"$350,806.00"
4207,15547,4/9/2025 17:59:00,"$552,766.00"
4208,15551,4/12/2025 16:39:00,"$500,199.00"
4209,15562,4/15/2025 11:04:00,"$455,711.00"
4210,15577,4/15/2025 14:57:00,"$347,192.00"
4211,15585,4/8/2025 3:40:00,"$575,458.00"
4212,15592,4/7/2025 19:08:00,"$511,921.00"
4213,15593,4/7/2025 15:39:00,"$473,389.00"
4214,15596,4/13/2025 13:42:00,"$565,766.00"
4215,15599,4/15/2025 12:53:00,"$293,516.00"
4216,15601,4/11/2025 23:32:00,"$303,470.00"
4217,15602,4/24/2025 11:46:00,"$295,351.00"
4218,15608,4/18/2025 1:21:00,"$305,480.00"
4219,15617,4/8/2025 17:16:00,"$589,663.00"
4220,15624,4/23/2025 10:07:00,"$346,203.00"
4221,15629,4/12/2025 9:37:00,"$409,316.00"
4222,15635,4/16/2025 15:16:00,"$413,058.00"
4223,15641,4/24/2025 17:55:00,"$476,412.00"
4224,15646,4/15/2025 12:34:00,"$365,895.00"
4225,15652,4/13/2025 12:43:00,"$436,408.00"
4226,15656,4/14/2025 12:50:00,"$314,303.00"
4227,15657,4/16/2025 13:33:00,"$560,823.00"
4228,15659,4/14/2025 8:54:00,"$448,548.00"
4229,15663,4/14/2025 11:08:00,"$372,866.00"
4230,15665,4/15/2025 14:57:00,"$316,258.00"
4231,15667,4/14/2025 16:58:00,"$588,601.00"
4232,15674,4/17/2025 11:22:00,"$402,415.00"
4233,15675,4/8/2025 17:44:00,"$366,884.00"
4234,15679,4/17/2025 13:35:00,"$572,433.00"
4235,15680,4/17/2025 9:23:00,"$403,699.00"
4236,15682,4/20/2025 14:31:00,"$294,699.00"
4237,15688,4/13/2025 17:51:00,"$467,294.00"
4238,15692,4/17/2025 10:09:00,"$358,638.00"
4239,15695,4/20/2025 1:57:00,"$372,560.00"
4240,15696,4/15/2025 14:28:00,"$303,873.00"
4241,15698,4/14/2025 19:00:00,"$486,625.00"
4242,15701,4/10/2025 15:27:00,"$322,812.00"
4243,15702,4/14/2025 18:51:00,"$302,975.00"
4244,15704,4/14/2025 9:16:00,"$447,386.00"
4245,15708,4/10/2025 12:53:00,"$308,721.00"
4246,15710,4/17/2025 8:57:00,"$557,301.00"
4247,15714,4/15/2025 15:54:00,"$468,601.00"
4248,15715,4/10/2025 14:40:00,"$442,536.00"
4249,15716,4/16/2025 7:40:00,"$307,604.00"
4250,15718,4/14/2025 12:42:00,"$455,103.00"
4251,15720,4/11/2025 3:43:00,"$348,851.00"
4252,15726,4/21/2025 14:54:00,"$523,986.00"
4253,15732,4/12/2025 17:24:00,"$512,178.00"
4254,15734,4/17/2025 11:37:00,"$567,471.00"
4255,15736,4/15/2025 15:41:00,"$507,912.00"
4256,15737,4/17/2025 12:21:00,"$589,355.00"
4257,15745,4/18/2025 3:56:00,"$416,901.00"
4258,15747,4/8/2025 17:13:00,"$409,283.00"
4259,15749,4/13/2025 16:04:00,"$589,254.00"
4260,15751,4/16/2025 17:34:00,"$470,760.00"
4261,15754,4/8/2025 17:02:00,"$372,324.00"
4262,15755,4/19/2025 11:12:00,"$345,253.00"
4263,15757,4/15/2025 16:45:00,"$344,293.00"
4264,15758,4/14/2025 8:47:00,"$575,395.00"
4265,15759,4/10/2025 10:16:00,"$371,406.00"
4266,15762,4/13/2025 17:08:00,"$387,879.00"
4267,15763,4/12/2025 14:28:00,"$319,165.00"
4268,15764,4/17/2025 12:59:00,"$446,012.00"
4269,15769,4/21/2025 15:43:00,"$357,431.00"
4270,15772,4/13/2025 9:53:00,"$586,064.00"
4271,15777,4/13/2025 17:52:00,"$546,956.00"
4272,15778,4/13/2025 10:42:00,"$432,084.00"
4273,15781,4/10/2025 11:23:00,"$303,841.00"
4274,15782,4/19/2025 17:23:00,"$397,543.00"
4275,15783,4/13/2025 14:29:00,"$436,597.00"
4276,15792,4/20/2025 17:18:00,"$417,019.00"
4277,15796,4/14/2025 17:08:00,"$446,438.00"
4278,15806,4/14/2025 9:10:00,"$526,302.00"
4279,15819,4/19/2025 5:10:00,"$460,597.00"
4280,15821,4/21/2025 14:04:00,"$310,943.00"
4281,15826,4/24/2025 20:38:00,"$427,090.00"
4282,15836,4/10/2025 12:15:00,"$380,764.00"
4283,15845,4/15/2025 14:00:00,"$559,524.00"
4284,15847,4/14/2025 11:19:00,"$436,099.00"
4285,15848,4/19/2025 13:59:00,"$577,912.00"
4286,15850,4/16/2025 9:02:00,"$507,108.00"
4287,15851,4/12/2025 16:41:00,"$378,076.00"
4288,15854,4/19/2025 9:12:00,"$580,390.00"
4289,15858,4/17/2025 14:06:00,"$376,197.00"
4290,15867,4/12/2025 9:49:00,"$408,763.00"
4291,15872,4/19/2025 11:54:00,"$354,562.00"
4292,15876,4/9/2025 14:39:00,"$475,968.00"
4293,15877,4/22/2025 14:00:00,"$449,163.00"
4294,15878,4/13/2025 15:30:00,"$314,032.00"
4295,15883,4/15/2025 16:01:00,"$295,221.00"
4296,15885,4/22/2025 16:50:00,"$297,488.00"
4297,15886,4/10/2025 4:00:00,"$578,187.00"
4298,15890,4/22/2025 11:42:00,"$384,109.00"
4299,15892,4/10/2025 9:09:00,"$404,151.00"
4300,15894,4/19/2025 14:17:00,"$555,455.00"
4301,15895,4/14/2025 8:01:00,"$351,671.00"
4302,15896,4/20/2025 17:12:00,"$528,816.00"
4303,15900,4/14/2025 7:13:00,"$353,528.00"
4304,15910,4/14/2025 13:59:00,"$358,606.00"
4305,15914,4/19/2025 6:30:00,"$509,896.00"
4306,15917,4/17/2025 12:11:00,"$575,929.00"
4307,15919,4/12/2025 13:47:00,"$307,203.00"
4308,15922,4/20/2025 16:48:00,"$358,711.00"
4309,15925,4/19/2025 15:05:00,"$538,241.00"
4310,15928,4/14/2025 8:18:00,"$509,725.00"
4311,15929,4/13/2025 10:10:00,"$430,248.00"
4312,15932,4/15/2025 17:04:00,"$395,653.00"
4313,15935,4/10/2025 8:16:00,"$515,522.00"
4314,15940,4/17/2025 15:00:00,"$344,645.00"
4315,15944,4/13/2025 9:41:00,"$471,687.00"
4316,15950,4/12/2025 9:26:00,"$347,091.00"
4317,15953,4/14/2025 19:23:00,"$518,021.00"
4318,15954,4/16/2025 13:15:00,"$522,843.00"
4319,15956,4/21/2025 11:54:00,"$342,884.00"
4320,15959,4/16/2025 15:29:00,"$388,787.00"
4321,15961,4/13/2025 13:00:00,"$566,008.00"
4322,15965,4/14/2025 15:57:00,"$335,965.00"
4323,15966,4/16/2025 17:28:00,"$456,216.00"
4324,15968,4/16/2025 16:56:00,"$395,585.00"
4325,15969,4/16/2025 23:38:00,"$494,886.00"
4326,15973,4/17/2025 19:14:00,"$563,893.00"
4327,15976,4/13/2025 16:56:00,"$466,336.00"
4328,15977,4/21/2025 11:23:00,"$337,919.00"
4329,15978,4/16/2025 13:02:00,"$381,696.00"
4330,15984,4/10/2025 10:10:00,"$298,550.00"
4331,15985,4/13/2025 13:17:00,"$378,808.00"
4332,15987,4/17/2025 15:04:00,"$322,246.00"
4333,15988,4/13/2025 14:50:00,"$382,644.00"
4334,15989,4/14/2025 16:46:00,"$458,798.00"
4335,15990,4/23/2025 0:00:00,"$395,951.00"
4336,15992,4/14/2025 16:03:00,"$374,633.00"
4337,15994,4/13/2025 14:46:00,"$559,765.00"
4338,15999,4/21/2025 2:15:00,"$538,490.00"
4339,16003,4/12/2025 15:09:00,"$356,099.00"
4340,16008,4/19/2025 12:50:00,"$351,346.00"
4341,16010,4/17/2025 14:59:00,"$414,173.00"
4342,16011,4/10/2025 14:59:00,"$328,477.00"
4343,16012,4/23/2025 9:17:00,"$354,086.00"
4344,16018,4/17/2025 12:20:00,"$515,144.00"
4345,16022,4/15/2025 13:48:00,"$506,594.00"
4346,16026,4/19/2025 11:39:00,"$345,526.00"
4347,16027,4/19/2025 20:45:00,"$511,113.00"
4348,16028,4/12/2025 11:18:00,"$429,402.00"
4349,16035,4/12/2025 17:58:00,"$357,505.00"
4350,16036,4/20/2025 8:16:00,"$327,540.00"
4351,16037,4/13/2025 12:52:00,"$508,315.00"
4352,16039,4/21/2025 17:33:00,"$589,524.00"
4353,16045,4/22/2025 16:20:00,"$303,241.00"
4354,16058,4/20/2025 8:13:00,"$555,218.00"
4355,16059,4/10/2025 15:07:00,"$325,547.00"
4356,16060,4/12/2025 15:00:00,"$520,497.00"
4357,16061,4/15/2025 14:46:00,"$562,636.00"
4358,16065,4/18/2025 12:36:00,"$506,676.00"
4359,16066,4/17/2025 13:34:00,"$426,116.00"
4360,16072,4/17/2025 8:35:00,"$512,192.00"
4361,16083,4/14/2025 14:36:00,"$527,220.00"
4362,16085,4/13/2025 12:27:00,"$547,691.00"
4363,16087,4/15/2025 10:37:00,"$527,092.00"
4364,16097,4/14/2025 12:27:00,"$300,666.00"
4365,16098,4/13/2025 1:52:00,"$369,773.00"
4366,16102,4/14/2025 7:16:00,"$546,689.00"
4367,16105,4/16/2025 16:20:00,"$414,504.00"
4368,16107,4/16/2025 17:18:00,"$479,649.00"
4369,16111,4/13/2025 15:07:00,"$518,288.00"
4370,16112,4/19/2025 12:24:00,"$490,433.00"
4371,16116,4/16/2025 14:14:00,"$391,086.00"
4372,16117,4/19/2025 23:06:00,"$348,386.00"
4373,16122,4/16/2025 17:57:00,"$577,995.00"
4374,16124,4/21/2025 3:09:00,"$358,576.00"
4375,16125,4/24/2025 11:17:00,"$465,613.00"
4376,16127,4/19/2025 10:28:00,"$501,930.00"
4377,16128,4/16/2025 9:52:00,"$460,746.00"
4378,16129,4/16/2025 11:10:00,"$572,287.00"
4379,16130,4/15/2025 7:54:00,"$469,241.00"
4380,16132,4/28/2025 8:07:00,"$479,078.00"
4381,16133,4/15/2025 10:33:00,"$410,098.00"
4382,16134,4/19/2025 7:34:00,"$591,035.00"
4383,16136,4/17/2025 16:06:00,"$319,198.00"
4384,16137,4/14/2025 10:20:00,"$586,444.00"
4385,16140,4/15/2025 12:47:00,"$561,027.00"
4386,16143,4/21/2025 13:29:00,"$516,921.00"
4387,16144,4/15/2025 20:30:00,"$509,930.00"
4388,16146,4/15/2025 14:41:00,"$530,309.00"
4389,16154,4/15/2025 8:27:00,"$452,068.00"
4390,16156,4/14/2025 14:00:00,"$461,828.00"
4391,16157,4/21/2025 15:55:00,"$367,292.00"
4392,16162,4/15/2025 13:16:00,"$430,952.00"
4393,16165,4/15/2025 18:03:00,"$559,268.00"
4394,16170,4/17/2025 17:43:00,"$428,167.00"
4395,16172,4/13/2025 11:21:00,"$514,940.00"
4396,16174,4/19/2025 10:30:00,"$412,716.00"
4397,16179,4/17/2025 12:06:00,"$336,301.00"
4398,16187,4/23/2025 12:40:00,"$498,164.00"
4399,16190,4/23/2025 14:53:00,"$352,270.00"
4400,16193,4/20/2025 14:02:00,"$309,008.00"
4401,16195,4/15/2025 13:03:00,"$372,825.00"
4402,16197,4/21/2025 12:54:00,"$591,402.00"
4403,16198,4/23/2025 17:36:00,"$536,909.00"
4404,16200,4/13/2025 13:16:00,"$357,773.00"
4405,16203,4/15/2025 14:36:00,"$528,136.00"
4406,16204,4/23/2025 13:44:00,"$529,360.00"
4407,16205,4/15/2025 10:32:00,"$394,922.00"
4408,16206,4/18/2025 8:50:00,"$435,068.00"
4409,16209,4/19/2025 3:06:00,"$502,447.00"
4410,16210,4/16/2025 1:29:00,"$303,841.00"
4411,16213,4/19/2025 11:48:00,"$388,636.00"
4412,16215,4/16/2025 14:56:00,"$324,901.00"
4413,16218,4/18/2025 17:03:00,"$474,828.00"
4414,16221,4/19/2025 13:48:00,"$523,397.00"
4415,16222,4/18/2025 2:35:00,"$345,981.00"
4416,16244,4/17/2025 10:45:00,"$526,170.00"
4417,16245,4/14/2025 15:40:00,"$410,159.00"
4418,16247,4/15/2025 14:24:00,"$410,551.00"
4419,16250,4/17/2025 10:07:00,"$489,169.00"
4420,16252,4/17/2025 17:03:00,"$402,927.00"
4421,16254,4/20/2025 20:07:00,"$462,718.00"
4422,16257,4/16/2025 15:48:00,"$325,392.00"
4423,16258,4/15/2025 13:20:00,"$455,101.00"
4424,16259,4/14/2025 13:28:00,"$329,189.00"
4425,16261,4/17/2025 10:58:00,"$292,814.00"
4426,16264,4/13/2025 16:04:00,"$502,948.00"
4427,16269,4/15/2025 17:30:00,"$448,995.00"
4428,16278,4/23/2025 12:45:00,"$565,755.00"
4429,16279,4/16/2025 9:35:00,"$391,820.00"
4430,16281,4/13/2025 10:00:00,"$550,549.00"
4431,16282,4/21/2025 12:36:00,"$485,366.00"
4432,16283,4/23/2025 16:21:00,"$473,662.00"
4433,16284,4/12/2025 8:26:00,"$348,228.00"
4434,16294,4/16/2025 14:33:00,"$504,456.00"
4435,16295,4/12/2025 17:22:00,"$429,054.00"
4436,16296,4/21/2025 11:32:00,"$414,804.00"
4437,16303,4/24/2025 12:41:00,"$534,116.00"
4438,16305,4/22/2025 13:25:00,"$463,969.00"
4439,16308,4/24/2025 15:50:00,"$518,514.00"
4440,16317,4/16/2025 15:59:00,"$466,121.00"
4441,16324,4/13/2025 8:57:00,"$298,222.00"
4442,16326,4/22/2025 1:23:00,"$363,535.00"
4443,16328,4/16/2025 17:19:00,"$300,826.00"
4444,16348,4/15/2025 17:36:00,"$369,326.00"
4445,16350,4/16/2025 16:39:00,"$472,953.00"
4446,16351,4/19/2025 15:05:00,"$526,770.00"
4447,16355,4/20/2025 11:55:00,"$363,283.00"
4448,16361,4/12/2025 14:34:00,"$313,764.00"
4449,16362,4/20/2025 5:13:00,"$324,943.00"
4450,16364,4/13/2025 9:52:00,"$469,263.00"
4451,16366,4/16/2025 13:41:00,"$444,548.00"
4452,16373,4/12/2025 14:39:00,"$352,517.00"
4453,16375,4/17/2025 15:17:00,"$417,865.00"
4454,16377,4/15/2025 11:22:00,"$377,080.00"
4455,16388,4/22/2025 14:41:00,"$431,634.00"
4456,16389,4/16/2025 12:15:00,"$302,149.00"
4457,16390,4/20/2025 9:06:00,"$310,987.00"
4458,16392,4/22/2025 15:10:00,"$411,674.00"
4459,16395,4/22/2025 9:17:00,"$336,185.00"
4460,16397,4/14/2025 12:30:00,"$398,451.00"
4461,16399,4/24/2025 14:24:00,"$300,224.00"
4462,16401,4/15/2025 17:33:00,"$433,699.00"
4463,16406,4/19/2025 12:27:00,"$478,657.00"
4464,16415,4/20/2025 12:10:00,"$324,881.00"
4465,16417,4/13/2025 11:52:00,"$418,059.00"
4466,16420,4/19/2025 15:38:00,"$420,444.00"
4467,16423,4/15/2025 9:46:00,"$324,937.00"
4468,16426,4/23/2025 10:48:00,"$386,103.00"
4469,16432,4/21/2025 15:55:00,"$421,170.00"
4470,16433,4/20/2025 17:12:00,"$432,982.00"
4471,16436,4/16/2025 13:53:00,"$388,897.00"
4472,16446,4/17/2025 11:14:00,"$493,784.00"
4473,16447,4/13/2025 17:20:00,"$432,985.00"
4474,16449,4/15/2025 13:23:00,"$456,471.00"
4475,16452,4/13/2025 22:28:00,"$352,326.00"
4476,16459,4/24/2025 11:56:00,"$296,791.00"
4477,16461,4/15/2025 14:26:00,"$385,830.00"
4478,16463,4/19/2025 8:19:00,"$373,968.00"
4479,16465,4/20/2025 16:04:00,"$517,744.00"
4480,16468,4/19/2025 16:42:00,"$451,316.00"
4481,16473,4/19/2025 11:21:00,"$452,917.00"
4482,16478,4/28/2025 13:02:00,"$347,795.00"
4483,16479,4/20/2025 9:43:00,"$355,380.00"
4484,16483,4/18/2025 4:12:00,"$360,039.00"
4485,16486,4/21/2025 15:09:00,"$488,461.00"
4486,16488,4/16/2025 10:09:00,"$470,641.00"
4487,16492,4/17/2025 0:33:00,"$483,374.00"
4488,16494,4/22/2025 15:00:00,"$344,983.00"
4489,16496,4/22/2025 13:36:00,"$486,318.00"
4490,16500,4/21/2025 11:41:00,"$563,916.00"
4491,16504,4/18/2025 22:31:00,"$342,715.00"
4492,16505,4/17/2025 9:35:00,"$383,096.00"
4493,16507,4/21/2025 13:01:00,"$343,367.00"
4494,16510,4/15/2025 11:36:00,"$340,329.00"
4495,16513,4/26/2025 19:18:00,"$586,578.00"
4496,16518,4/20/2025 15:31:00,"$364,003.00"
4497,16530,4/21/2025 17:18:00,"$335,061.00"
4498,16531,4/24/2025 17:27:00,"$299,031.00"
4499,16538,4/14/2025 10:05:00,"$300,434.00"
4500,16539,4/17/2025 0:36:00,"$468,009.00"
4501,16542,4/19/2025 13:12:00,"$576,773.00"
4502,16545,4/13/2025 16:26:00,"$458,434.00"
4503,16550,4/28/2025 9:16:00,"$356,765.00"
4504,16556,4/23/2025 18:56:00,"$431,211.00"
4505,16557,4/23/2025 9:37:00,"$531,757.00"
4506,16559,4/19/2025 9:37:00,"$469,410.00"
4507,16561,4/19/2025 14:44:00,"$323,370.00"
4508,16572,4/16/2025 9:51:00,"$438,062.00"
4509,16575,4/15/2025 14:43:00,"$572,391.00"
4510,16576,4/21/2025 8:35:00,"$587,564.00"
4511,16582,4/21/2025 18:56:00,"$467,942.00"
4512,16587,4/23/2025 15:06:00,"$565,928.00"
4513,16589,4/19/2025 15:13:00,"$331,817.00"
4514,16590,4/15/2025 13:38:00,"$567,042.00"
4515,16593,4/22/2025 10:25:00,"$466,630.00"
4516,16595,4/19/2025 9:32:00,"$396,160.00"
4517,16601,4/21/2025 10:15:00,"$400,416.00"
4518,16604,4/19/2025 13:05:00,"$579,123.00"
4519,16605,4/26/2025 20:32:00,"$295,241.00"
4520,16614,4/19/2025 16:23:00,"$524,564.00"
4521,16615,4/21/2025 15:01:00,"$472,003.00"
4522,16623,4/27/2025 5:13:00,"$518,845.00"
4523,16624,4/24/2025 17:33:00,"$294,931.00"
4524,16627,4/23/2025 9:54:00,"$394,031.00"
4525,16631,4/15/2025 14:00:00,"$452,028.00"
4526,16653,4/19/2025 10:00:00,"$574,525.00"
4527,16654,4/28/2025 16:58:00,"$306,877.00"
4528,16665,4/23/2025 14:16:00,"$371,842.00"
4529,16666,4/19/2025 18:15:00,"$384,356.00"
4530,16668,4/19/2025 19:22:00,"$489,417.00"
4531,16671,4/17/2025 11:35:00,"$469,824.00"
4532,16672,4/18/2025 18:33:00,"$487,703.00"
4533,16678,4/21/2025 17:36:00,"$361,149.00"
4534,16679,4/16/2025 10:15:00,"$329,526.00"
4535,16681,4/19/2025 2:18:00,"$370,423.00"
4536,16682,4/20/2025 15:45:00,"$448,313.00"
4537,16684,4/16/2025 13:32:00,"$356,108.00"
4538,16689,4/17/2025 13:54:00,"$407,467.00"
4539,16692,4/16/2025 14:58:00,"$414,510.00"
4540,16699,4/14/2025 17:15:00,"$432,699.00"
4541,16703,4/22/2025 15:04:00,"$369,134.00"
4542,16708,4/21/2025 12:11:00,"$523,193.00"
4543,16709,4/22/2025 16:50:00,"$588,128.00"
4544,16712,4/24/2025 16:10:00,"$401,440.00"
4545,16720,4/27/2025 10:33:00,"$408,627.00"
4546,16728,4/26/2025 9:46:00,"$514,465.00"
4547,16731,4/15/2025 13:56:00,"$437,324.00"
4548,16735,4/23/2025 13:03:00,"$571,891.00"
4549,16737,4/20/2025 16:26:00,"$341,481.00"
4550,16739,4/23/2025 11:39:00,"$532,689.00"
4551,16744,4/21/2025 12:39:00,"$294,634.00"
4552,16753,4/22/2025 9:25:00,"$568,372.00"
4553,16754,4/25/2025 7:13:00,"$513,916.00"
4554,16755,4/19/2025 12:20:00,"$445,698.00"
4555,16757,4/22/2025 15:06:00,"$523,289.00"
4556,16758,4/16/2025 15:00:00,"$591,147.00"
4557,16759,4/22/2025 11:28:00,"$391,584.00"
4558,16761,4/17/2025 12:43:00,"$433,536.00"
4559,16764,4/22/2025 17:57:00,"$381,237.00"
4560,16765,4/16/2025 9:02:00,"$360,873.00"
4561,16766,4/23/2025 8:14:00,"$487,267.00"
4562,16769,4/21/2025 12:36:00,"$330,586.00"
4563,16770,4/21/2025 10:11:00,"$555,327.00"
4564,16772,4/21/2025 15:13:00,"$544,425.00"
4565,16775,4/19/2025 9:11:00,"$500,436.00"
4566,16776,4/21/2025 11:51:00,"$321,024.00"
4567,16778,4/20/2025 9:12:00,"$297,253.00"
4568,16780,4/16/2025 11:03:00,"$491,977.00"
4569,16784,4/20/2025 10:47:00,"$487,602.00"
4570,16792,4/17/2025 14:49:00,"$518,483.00"
4571,16800,4/20/2025 15:39:00,"$371,289.00"
4572,16802,4/29/2025 11:48:00,"$484,586.00"
4573,16805,4/20/2025 12:20:00,"$518,846.00"
4574,16807,4/17/2025 14:29:00,"$349,137.00"
4575,16808,4/30/2025 15:21:00,"$557,253.00"
4576,16810,4/20/2025 13:32:00,"$419,823.00"
4577,16811,4/19/2025 12:19:00,"$489,852.00"
4578,16813,4/25/2025 1:53:00,"$575,137.00"
4579,16814,4/22/2025 11:58:00,"$489,481.00"
4580,16815,4/17/2025 14:15:00,"$502,694.00"
4581,16820,4/20/2025 11:57:00,"$361,980.00"
4582,16822,4/19/2025 14:51:00,"$409,636.00"
4583,16835,4/24/2025 18:33:00,"$433,453.00"
4584,16837,4/22/2025 9:27:00,"$392,675.00"
4585,16839,4/22/2025 10:54:00,"$374,526.00"
4586,16840,4/17/2025 8:57:00,"$515,062.00"
4587,16841,4/23/2025 12:21:00,"$527,918.00"
4588,16843,4/16/2025 15:41:00,"$355,427.00"
4589,16848,4/22/2025 15:14:00,"$318,283.00"
4590,16852,4/15/2025 15:45:00,"$496,012.00"
4591,16854,4/23/2025 23:35:00,"$591,564.00"
4592,16860,4/21/2025 9:22:00,"$396,576.00"
4593,16865,4/27/2025 4:41:00,"$591,674.00"
4594,16868,4/24/2025 16:31:00,"$439,211.00"
4595,16876,4/20/2025 11:15:00,"$397,958.00"
4596,16878,4/26/2025 17:11:00,"$341,697.00"
4597,16886,4/19/2025 9:17:00,"$479,277.00"
4598,16887,4/28/2025 20:29:00,"$304,471.00"
4599,16890,4/21/2025 12:35:00,"$401,612.00"
4600,16895,4/26/2025 9:37:00,"$588,938.00"
4601,16898,4/17/2025 20:46:00,"$574,525.00"
4602,16899,4/22/2025 11:07:00,"$576,026.00"
4603,16902,4/17/2025 15:11:00,"$390,506.00"
4604,16905,4/19/2025 10:19:00,"$295,418.00"
4605,16914,4/19/2025 13:51:00,"$326,298.00"
4606,16927,4/24/2025 8:29:00,"$488,006.00"
4607,16929,4/24/2025 14:06:00,"$352,758.00"
4608,16931,4/20/2025 17:07:00,"$346,053.00"
4609,16934,4/20/2025 19:26:00,"$347,781.00"
4610,16936,4/16/2025 18:28:00,"$443,518.00"
4611,16938,4/22/2025 13:58:00,"$319,907.00"
4612,16942,4/23/2025 2:28:00,"$315,659.00"
4613,16946,4/24/2025 9:23:00,"$348,652.00"
4614,16947,4/28/2025 11:21:00,"$366,797.00"
4615,16950,4/27/2025 10:00:00,"$347,947.00"
4616,16971,4/19/2025 16:13:00,"$437,921.00"
4617,16972,4/24/2025 6:30:00,"$437,911.00"
4618,16973,4/27/2025 11:58:00,"$359,943.00"
4619,16975,4/23/2025 14:51:00,"$536,834.00"
4620,16977,4/21/2025 10:58:00,"$430,807.00"
4621,16983,4/22/2025 14:09:00,"$334,088.00"
4622,16984,4/18/2025 16:09:00,"$519,971.00"
4623,16991,4/26/2025 10:11:00,"$549,332.00"
4624,16999,4/23/2025 16:13:00,"$488,012.00"
4625,17004,4/23/2025 8:28:00,"$526,827.00"
4626,17005,4/23/2025 11:52:00,"$464,720.00"
4627,17010,4/28/2025 15:38:00,"$331,992.00"
4628,17011,5/1/2025 17:48:00,"$598,515.00"
4629,17015,4/20/2025 17:07:00,"$529,228.00"
4630,17018,4/23/2025 13:32:00,"$323,013.00"
4631,17022,4/18/2025 8:58:00,"$558,622.00"
4632,17025,4/26/2025 13:28:00,"$533,738.00"
4633,17032,4/22/2025 19:15:00,"$568,426.00"
4634,17039,4/23/2025 13:49:00,"$430,642.00"
4635,17048,4/29/2025 17:17:00,"$318,860.00"
4636,17051,4/24/2025 15:17:00,"$489,351.00"
4637,17059,4/23/2025 12:42:00,"$550,392.00"
4638,17067,4/22/2025 12:48:00,"$547,791.00"
4639,17068,4/30/2025 12:43:00,"$421,660.00"
4640,17070,4/24/2025 17:58:00,"$366,858.00"
4641,17072,4/20/2025 15:38:00,"$331,904.00"
4642,17075,4/19/2025 12:10:00,"$436,355.00"
4643,17080,4/21/2025 6:50:00,"$516,147.00"
4644,17092,4/20/2025 9:08:00,"$307,007.00"
4645,17095,4/22/2025 17:12:00,"$500,305.00"
4646,17112,4/28/2025 0:25:00,"$404,596.00"
4647,17113,4/20/2025 12:11:00,"$331,346.00"
4648,17119,4/22/2025 0:47:00,"$400,949.00"
4649,17120,4/20/2025 16:57:00,"$380,453.00"
4650,17121,4/29/2025 9:05:00,"$438,919.00"
4651,17125,4/22/2025 17:58:00,"$347,768.00"
4652,17127,4/22/2025 16:14:00,"$477,844.00"
4653,17130,5/1/2025 11:46:00,"$496,957.00"
4654,17131,4/29/2025 8:46:00,"$453,308.00"
4655,17132,4/26/2025 10:06:00,"$518,560.00"
4656,17137,4/24/2025 20:28:00,"$478,949.00"
4657,17139,4/29/2025 6:10:00,"$439,343.00"
4658,17141,4/21/2025 11:11:00,"$474,654.00"
4659,17142,4/20/2025 3:22:00,"$318,922.00"
4660,17145,4/23/2025 10:36:00,"$419,378.00"
4661,17146,4/27/2025 15:23:00,"$462,491.00"
4662,17147,4/28/2025 15:24:00,"$581,126.00"
4663,17149,4/21/2025 20:46:00,"$534,090.00"
4664,17152,4/27/2025 12:29:00,"$374,335.00"
4665,17154,4/24/2025 17:05:00,"$396,047.00"
4666,17155,4/19/2025 16:53:00,"$325,879.00"
4667,17158,4/23/2025 3:50:00,"$539,733.00"
4668,17160,4/21/2025 15:32:00,"$538,741.00"
4669,17163,4/26/2025 14:01:00,"$346,356.00"
4670,17166,4/26/2025 17:58:00,"$294,327.00"
4671,17167,4/29/2025 6:08:00,"$429,569.00"
4672,17181,4/28/2025 12:25:00,"$456,529.00"
4673,17185,4/20/2025 8:48:00,"$453,133.00"
4674,17192,4/20/2025 9:47:00,"$358,919.00"
4675,17193,4/21/2025 2:55:00,"$380,173.00"
4676,17194,4/20/2025 17:31:00,"$306,533.00"
4677,17202,4/20/2025 18:46:00,"$574,218.00"
4678,17204,4/20/2025 15:00:00,"$343,559.00"
4679,17205,4/22/2025 8:09:00,"$494,441.00"
4680,17207,4/19/2025 12:01:00,"$310,435.00"
4681,17208,4/25/2025 19:36:00,"$318,316.00"
4682,17214,4/19/2025 18:43:00,"$511,304.00"
4683,17215,4/22/2025 9:47:00,"$487,342.00"
4684,17230,4/22/2025 13:31:00,"$370,248.00"
4685,17231,4/21/2025 16:06:00,"$569,371.00"
4686,17232,4/21/2025 15:27:00,"$566,445.00"
4687,17239,4/25/2025 18:52:00,"$582,961.00"
4688,17241,5/3/2025 17:55:00,"$583,818.00"
4689,17244,4/27/2025 12:15:00,"$521,151.00"
4690,17245,4/19/2025 14:41:00,"$348,009.00"
4691,17250,4/29/2025 13:33:00,"$498,444.00"
4692,17255,4/20/2025 9:07:00,"$520,240.00"
4693,17257,4/22/2025 11:05:00,"$591,639.00"
4694,17264,4/22/2025 20:26:00,"$408,682.00"
4695,17273,4/22/2025 7:05:00,"$427,834.00"
4696,17274,4/27/2025 4:15:00,"$359,080.00"
4697,17278,4/29/2025 10:09:00,"$300,564.00"
4698,17284,4/21/2025 14:12:00,"$517,538.00"
4699,17285,4/23/2025 12:18:00,"$492,506.00"
4700,17286,4/27/2025 10:16:00,"$544,838.00"
4701,17288,4/29/2025 17:29:00,"$370,508.00"
4702,17290,4/19/2025 14:23:00,"$321,417.00"
4703,17291,4/18/2025 15:07:00,"$527,126.00"
4704,17296,4/24/2025 13:04:00,"$516,586.00"
4705,17298,4/29/2025 19:46:00,"$427,328.00"
4706,17309,4/26/2025 15:16:00,"$547,228.00"
4707,17310,4/26/2025 15:19:00,"$420,564.00"
4708,17312,4/24/2025 7:02:00,"$428,160.00"
4709,17313,4/20/2025 15:30:00,"$314,960.00"
4710,17319,4/25/2025 8:00:00,"$364,819.00"
4711,17325,4/20/2025 16:15:00,"$435,061.00"
4712,17327,4/21/2025 17:32:00,"$396,081.00"
4713,17328,4/25/2025 18:11:00,"$386,189.00"
4714,17332,4/27/2025 10:16:00,"$461,552.00"
4715,17341,4/23/2025 12:49:00,"$541,740.00"
4716,17343,4/22/2025 10:37:00,"$369,447.00"
4717,17351,5/1/2025 22:18:00,"$513,504.00"
4718,17352,4/27/2025 13:18:00,"$381,590.00"
4719,17353,4/22/2025 21:28:00,"$331,389.00"
4720,17360,4/21/2025 13:57:00,"$394,403.00"
4721,17362,4/29/2025 10:19:00,"$385,644.00"
4722,17363,4/28/2025 11:36:00,"$356,306.00"
4723,17364,4/21/2025 7:18:00,"$422,136.00"
4724,17365,4/24/2025 13:50:00,"$328,051.00"
4725,17366,4/30/2025 16:57:00,"$436,831.00"
4726,17368,4/22/2025 14:18:00,"$489,886.00"
4727,17374,4/21/2025 14:53:00,"$541,997.00"
4728,17376,4/19/2025 15:51:00,"$415,763.00"
4729,17377,4/29/2025 9:47:00,"$400,248.00"
4730,17388,4/27/2025 14:40:00,"$329,625.00"
4731,17389,4/22/2025 11:48:00,"$369,492.00"
4732,17390,4/26/2025 17:35:00,"$403,970.00"
4733,17391,4/28/2025 8:54:00,"$329,863.00"
4734,17398,4/26/2025 17:26:00,"$534,634.00"
4735,17399,4/19/2025 14:11:00,"$359,659.00"
4736,17407,4/19/2025 9:00:00,"$585,435.00"
4737,17408,4/19/2025 17:21:00,"$479,743.00"
4738,17413,4/28/2025 12:05:00,"$535,536.00"
4739,17423,4/22/2025 16:41:00,"$461,384.00"
4740,17429,4/19/2025 17:58:00,"$381,782.00"
4741,17430,4/28/2025 2:48:00,"$491,749.00"
4742,17437,4/22/2025 14:16:00,"$574,220.00"
4743,17440,4/20/2025 12:59:00,"$426,152.00"
4744,17443,4/23/2025 17:50:00,"$521,615.00"
4745,17448,4/24/2025 15:27:00,"$326,194.00"
4746,17454,4/26/2025 14:07:00,"$470,416.00"
4747,17458,4/23/2025 14:02:00,"$364,421.00"
4748,17469,4/22/2025 19:36:00,"$575,648.00"
4749,17470,4/30/2025 17:33:00,"$399,614.00"
4750,17471,4/20/2025 16:36:00,"$426,075.00"
4751,17472,4/30/2025 11:33:00,"$549,946.00"
4752,17473,4/26/2025 9:51:00,"$374,563.00"
4753,17477,4/25/2025 9:02:00,"$563,383.00"
4754,17480,5/4/2025 11:40:00,"$563,691.00"
4755,17481,4/24/2025 17:45:00,"$376,976.00"
4756,17482,4/26/2025 9:41:00,"$586,485.00"
4757,17485,5/1/2025 10:00:00,"$378,664.00"
4758,17496,5/4/2025 12:52:00,"$556,753.00"
4759,17501,4/21/2025 20:28:00,"$362,864.00"
4760,17502,4/22/2025 12:36:00,"$456,276.00"
4761,17504,4/28/2025 10:25:00,"$451,476.00"
4762,17509,4/21/2025 16:54:00,"$359,411.00"
4763,17510,4/29/2025 5:05:00,"$585,028.00"
4764,17512,4/28/2025 14:40:00,"$501,978.00"
4765,17515,4/26/2025 11:38:00,"$581,681.00"
4766,17528,5/1/2025 16:26:00,"$442,644.00"
4767,17533,5/1/2025 17:52:00,"$366,450.00"
4768,17535,4/23/2025 19:21:00,"$300,573.00"
4769,17536,4/20/2025 16:13:00,"$357,507.00"
4770,17538,4/26/2025 10:36:00,"$464,372.00"
4771,17541,5/1/2025 9:43:00,"$334,552.00"
4772,17548,4/22/2025 6:59:00,"$531,236.00"
4773,17551,4/21/2025 17:21:00,"$584,613.00"
4774,17552,4/22/2025 15:37:00,"$433,505.00"
4775,17562,4/28/2025 14:16:00,"$437,084.00"
4776,17570,4/28/2025 13:09:00,"$305,768.00"
4777,17578,4/21/2025 23:55:00,"$424,676.00"
4778,17579,4/21/2025 18:50:00,"$476,853.00"
4779,17580,4/26/2025 17:25:00,"$487,524.00"
4780,17582,4/23/2025 16:51:00,"$384,966.00"
4781,17586,4/24/2025 15:47:00,"$372,653.00"
4782,17587,4/21/2025 6:34:00,"$582,825.00"
4783,17592,4/29/2025 13:18:00,"$358,711.00"
4784,17596,4/26/2025 23:06:00,"$464,713.00"
4785,17603,4/21/2025 17:31:00,"$404,823.00"
4786,17606,4/23/2025 11:44:00,"$544,336.00"
4787,17612,5/3/2025 10:47:00,"$433,263.00"
4788,17615,4/27/2025 12:55:00,"$393,963.00"
4789,17617,5/3/2025 10:13:00,"$607,095.00"
4790,17618,4/27/2025 3:43:00,"$502,518.00"
4791,17619,4/28/2025 11:06:00,"$569,836.00"
4792,17620,4/30/2025 14:34:00,"$375,647.00"
4793,17623,4/21/2025 10:38:00,"$295,219.00"
4794,17630,4/29/2025 15:24:00,"$397,181.00"
4795,17633,4/26/2025 11:25:00,"$549,117.00"
4796,17634,4/23/2025 13:35:00,"$309,448.00"
4797,17649,4/23/2025 10:11:00,"$536,311.00"
4798,17650,4/25/2025 19:05:00,"$449,822.00"
4799,17651,4/21/2025 14:25:00,"$358,357.00"
4800,17652,4/24/2025 10:31:00,"$345,289.00"
4801,17653,4/25/2025 2:45:00,"$365,351.00"
4802,17657,4/27/2025 13:25:00,"$583,725.00"
4803,17667,4/23/2025 13:55:00,"$317,493.00"
4804,17672,4/21/2025 14:44:00,"$573,213.00"
4805,17678,5/1/2025 11:07:00,"$475,875.00"
4806,17686,5/3/2025 9:40:00,"$416,682.00"
4807,17687,4/28/2025 20:50:00,"$440,306.00"
4808,17688,4/27/2025 17:30:00,"$318,388.00"
4809,17689,4/26/2025 14:07:00,"$426,042.00"
4810,17695,4/28/2025 13:13:00,"$354,861.00"
4811,17700,4/28/2025 16:18:00,"$436,799.00"
4812,17701,4/26/2025 14:44:00,"$554,207.00"
4813,17703,4/27/2025 11:45:00,"$363,741.00"
4814,17709,4/30/2025 9:17:00,"$401,035.00"
4815,17710,5/1/2025 11:48:00,"$483,595.00"
4816,17714,4/23/2025 12:46:00,"$401,292.00"
4817,17715,4/28/2025 15:08:00,"$384,825.00"
4818,17722,5/6/2025 16:35:00,"$482,370.00"
4819,17725,4/27/2025 5:12:00,"$428,368.00"
4820,17729,4/21/2025 9:31:00,"$310,749.00"
4821,17732,4/25/2025 0:11:00,"$545,576.00"
4822,17737,4/22/2025 15:15:00,"$381,116.00"
4823,17738,4/29/2025 12:51:00,"$316,004.00"
4824,17742,4/28/2025 15:51:00,"$348,326.00"
4825,17746,4/29/2025 14:52:00,"$506,708.00"
4826,17747,4/30/2025 9:39:00,"$312,647.00"
4827,17754,4/26/2025 13:33:00,"$324,945.00"
4828,17755,4/26/2025 13:08:00,"$554,062.00"
4829,17756,4/25/2025 15:51:00,"$504,083.00"
4830,17761,5/4/2025 11:52:00,"$563,309.00"
4831,17762,4/29/2025 12:11:00,"$552,088.00"
4832,17766,4/27/2025 17:26:00,"$430,122.00"
4833,17776,4/24/2025 12:27:00,"$404,046.00"
4834,17778,4/28/2025 10:04:00,"$473,685.00"
4835,17780,4/30/2025 20:56:00,"$456,931.00"
4836,17787,4/24/2025 16:23:00,"$575,458.00"
4837,17790,5/1/2025 13:55:00,"$465,893.00"
4838,17796,4/29/2025 12:33:00,"$402,229.00"
4839,17798,4/30/2025 16:32:00,"$299,871.00"
4840,17802,4/24/2025 11:22:00,"$381,144.00"
4841,17805,4/29/2025 12:53:00,"$478,256.00"
4842,17806,5/3/2025 10:13:00,"$418,074.00"
4843,17809,4/22/2025 19:15:00,"$467,055.00"
4844,17811,4/22/2025 14:01:00,"$570,255.00"
4845,17821,4/23/2025 17:54:00,"$299,647.00"
4846,17823,4/28/2025 9:27:00,"$565,172.00"
4847,17826,5/1/2025 12:12:00,"$542,941.00"
4848,17827,4/26/2025 14:06:00,"$526,755.00"
4849,17839,4/26/2025 11:57:00,"$503,635.00"
4850,17844,5/4/2025 12:33:00,"$514,811.00"
4851,17848,4/22/2025 15:55:00,"$436,189.00"
4852,17853,4/24/2025 9:35:00,"$375,055.00"
4853,17856,5/7/2025 9:01:00,"$564,659.00"
4854,17857,4/27/2025 12:48:00,"$319,489.00"
4855,17860,5/4/2025 16:55:00,"$587,019.00"
4856,17863,4/24/2025 10:43:00,"$391,042.00"
4857,17865,5/7/2025 11:08:00,"$456,952.00"
4858,17868,4/26/2025 11:34:00,"$315,105.00"
4859,17873,4/29/2025 9:07:00,"$310,941.00"
4860,17875,4/29/2025 14:15:00,"$361,546.00"
4861,17877,4/25/2025 12:07:00,"$425,223.00"
4862,17879,4/28/2025 14:31:00,"$318,383.00"
4863,17881,4/28/2025 17:56:00,"$373,187.00"
4864,17887,4/28/2025 13:35:00,"$497,411.00"
4865,17888,5/1/2025 13:09:00,"$535,619.00"
4866,17901,4/26/2025 9:58:00,"$429,057.00"
4867,17904,4/29/2025 14:45:00,"$295,511.00"
4868,17907,5/4/2025 12:26:00,"$456,642.00"
4869,17908,4/29/2025 10:05:00,"$293,457.00"
4870,17909,4/29/2025 7:53:00,"$495,256.00"
4871,17911,5/6/2025 12:10:00,"$556,967.00"
4872,17916,4/28/2025 10:06:00,"$360,822.00"
4873,17917,4/29/2025 10:35:00,"$564,222.00"
4874,17918,5/1/2025 9:53:00,"$582,498.00"
4875,17919,4/28/2025 15:58:00,"$548,945.00"
4876,17923,4/29/2025 14:49:00,"$503,689.00"
4877,17926,5/1/2025 16:01:00,"$523,144.00"
4878,17927,4/29/2025 15:41:00,"$380,867.00"
4879,17929,4/24/2025 12:38:00,"$579,181.00"
4880,17945,4/30/2025 7:56:00,"$586,488.00"
4881,17946,4/26/2025 11:03:00,"$548,352.00"
4882,17947,4/26/2025 15:07:00,"$469,883.00"
4883,17955,5/2/2025 19:10:00,"$411,514.00"
4884,17956,4/29/2025 0:52:00,"$401,477.00"
4885,17957,4/29/2025 15:02:00,"$361,044.00"
4886,17961,4/28/2025 16:22:00,"$557,008.00"
4887,17962,5/3/2025 18:19:00,"$478,470.00"
4888,17963,4/28/2025 3:46:00,"$520,880.00"
4889,17964,5/5/2025 17:39:00,"$523,629.00"
4890,17973,5/6/2025 11:46:00,"$497,264.00"
4891,17976,4/26/2025 9:11:00,"$530,179.00"
4892,17977,4/24/2025 15:26:00,"$499,363.00"
4893,17979,4/28/2025 17:06:00,"$576,885.00"
4894,17987,4/24/2025 7:39:00,"$375,155.00"
4895,17990,4/27/2025 10:12:00,"$448,536.00"
4896,17995,4/27/2025 10:07:00,"$381,550.00"
4897,17998,4/29/2025 12:10:00,"$513,616.00"
4898,18007,4/26/2025 17:40:00,"$590,594.00"
4899,18008,4/29/2025 15:21:00,"$423,341.00"
4900,18012,4/30/2025 15:25:00,"$335,798.00"
4901,18017,4/29/2025 10:50:00,"$580,067.00"
4902,18018,4/23/2025 12:29:00,"$514,112.00"
4903,18022,5/4/2025 10:44:00,"$551,046.00"
4904,18023,4/27/2025 16:24:00,"$407,794.00"
4905,18027,4/28/2025 11:27:00,"$428,128.00"
4906,18030,4/30/2025 7:43:00,"$537,747.00"
4907,18035,5/1/2025 16:38:00,"$361,501.00"
4908,18036,4/30/2025 18:19:00,"$446,736.00"
4909,18037,4/26/2025 13:23:00,"$563,682.00"
4910,18039,4/30/2025 17:59:00,"$332,111.00"
4911,18043,5/8/2025 12:10:00,"$411,499.00"
4912,18050,4/28/2025 12:54:00,"$562,645.00"
4913,18054,5/3/2025 18:13:00,"$563,374.00"
4914,18056,4/28/2025 10:43:00,"$522,039.00"
4915,18069,5/1/2025 17:49:00,"$481,569.00"
4916,18073,5/7/2025 13:09:00,"$323,570.00"
4917,18076,5/6/2025 12:45:00,"$479,349.00"
4918,18078,5/1/2025 9:14:00,"$542,632.00"
4919,18089,4/26/2025 10:49:00,"$560,880.00"
4920,18090,4/26/2025 12:04:00,"$471,203.00"
4921,18092,5/5/2025 17:28:00,"$393,000.00"
4922,18094,5/3/2025 9:20:00,"$343,732.00"
4923,18095,4/26/2025 12:51:00,"$304,504.00"
4924,18100,5/1/2025 11:33:00,"$514,843.00"
4925,18107,4/28/2025 15:31:00,"$506,639.00"
4926,18108,5/4/2025 12:59:00,"$439,669.00"
4927,18109,4/23/2025 16:21:00,"$540,979.00"
4928,18110,5/1/2025 16:05:00,"$538,488.00"
4929,18112,5/5/2025 20:05:00,"$427,705.00"
4930,18116,4/30/2025 21:03:00,"$498,758.00"
4931,18126,4/27/2025 10:56:00,"$410,835.00"
4932,18128,4/27/2025 12:44:00,"$579,372.00"
4933,18129,4/30/2025 20:22:00,"$525,619.00"
4934,18133,4/27/2025 9:49:00,"$364,844.00"
4935,18134,4/28/2025 11:17:00,"$363,157.00"
4936,18138,4/25/2025 22:10:00,"$426,985.00"
4937,18141,4/28/2025 13:24:00,"$544,357.00"
4938,18143,4/26/2025 15:42:00,"$414,972.00"
4939,18145,4/27/2025 16:06:00,"$351,290.00"
4940,18154,4/24/2025 9:52:00,"$402,964.00"
4941,18155,5/3/2025 12:40:00,"$606,578.00"
4942,18156,5/1/2025 17:54:00,"$563,969.00"
4943,18159,4/26/2025 15:22:00,"$362,642.00"
4944,18164,4/30/2025 1:25:00,"$544,928.00"
4945,18170,5/5/2025 13:13:00,"$543,325.00"
4946,18172,5/4/2025 18:10:00,"$387,211.00"
4947,18174,4/27/2025 12:22:00,"$497,466.00"
4948,18180,5/3/2025 14:11:00,"$597,293.00"
4949,18181,4/29/2025 11:24:00,"$554,776.00"
4950,18182,4/27/2025 8:15:00,"$561,462.00"
4951,18189,4/26/2025 10:25:00,"$550,847.00"
4952,18192,4/27/2025 8:43:00,"$312,696.00"
4953,18195,4/30/2025 16:41:00,"$563,502.00"
4954,18198,4/24/2025 15:45:00,"$587,721.00"
4955,18200,4/28/2025 14:59:00,"$574,108.00"
4956,18201,5/1/2025 13:45:00,"$402,982.00"
4957,18204,5/4/2025 10:51:00,"$573,961.00"
4958,18209,4/27/2025 11:26:00,"$512,823.00"
4959,18212,5/8/2025 11:08:00,"$474,458.00"
4960,18213,5/4/2025 17:46:00,"$445,270.00"
4961,18215,5/1/2025 15:43:00,"$368,898.00"
4962,18220,4/27/2025 17:18:00,"$581,921.00"
4963,18226,5/1/2025 17:29:00,"$606,939.00"
4964,18234,5/6/2025 16:20:00,"$489,482.00"
4965,18237,4/29/2025 9:57:00,"$317,141.00"
4966,18238,4/26/2025 14:43:00,"$426,536.00"
4967,18242,5/4/2025 13:25:00,"$431,636.00"
4968,18247,4/28/2025 12:29:00,"$353,862.00"
4969,18248,5/3/2025 13:16:00,"$526,975.00"
4970,18256,4/27/2025 14:24:00,"$460,336.00"
4971,18260,5/4/2025 19:57:00,"$461,875.00"
4972,18262,4/29/2025 14:32:00,"$371,755.00"
4973,18264,4/30/2025 8:09:00,"$392,953.00"
4974,18265,5/6/2025 6:41:00,"$579,781.00"
4975,18273,4/29/2025 10:43:00,"$408,916.00"
4976,18279,4/28/2025 18:10:00,"$325,049.00"
4977,18289,5/4/2025 22:00:00,"$328,418.00"
4978,18295,4/27/2025 13:50:00,"$359,117.00"
4979,18300,4/29/2025 6:27:00,"$496,443.00"
4980,18303,5/5/2025 9:23:00,"$384,671.00"
4981,18304,4/29/2025 11:47:00,"$507,597.00"
4982,18306,5/6/2025 9:43:00,"$545,672.00"
4983,18307,4/27/2025 14:50:00,"$514,385.00"
4984,18309,5/1/2025 14:22:00,"$327,474.00"
4985,18314,4/26/2025 14:30:00,"$515,277.00"
4986,18316,4/29/2025 8:07:00,"$477,965.00"
4987,18319,5/3/2025 11:57:00,"$416,280.00"
4988,18322,4/28/2025 10:47:00,"$487,932.00"
4989,18325,5/5/2025 17:05:00,"$474,750.00"
4990,18330,4/27/2025 17:44:00,"$350,048.00"
4991,18333,4/26/2025 14:29:00,"$303,981.00"
4992,18338,4/28/2025 13:19:00,"$407,555.00"
4993,18339,4/30/2025 19:28:00,"$360,034.00"
4994,18343,4/28/2025 6:32:00,"$392,988.00"
4995,18344,5/8/2025 13:57:00,"$354,054.00"
4996,18345,4/28/2025 17:07:00,"$377,125.00"
4997,18346,5/3/2025 16:36:00,"$517,043.00"
4998,18350,4/26/2025 10:01:00,"$479,239.00"
4999,18351,4/28/2025 15:25:00,"$413,758.00"
5000,18352,5/5/2025 17:25:00,"$530,401.00"
5001,18358,4/27/2025 13:32:00,"$494,444.00"
5002,18361,5/2/2025 20:01:00,"$456,763.00"
5003,18362,4/28/2025 0:00:00,"$465,272.00"
5004,18364,4/30/2025 19:50:00,"$385,895.00"
5005,18365,4/27/2025 10:35:00,"$330,470.00"
5006,18366,5/6/2025 0:20:00,"$471,548.00"
5007,18368,4/29/2025 12:57:00,"$510,667.00"
5008,18378,4/30/2025 18:25:00,"$542,981.00"
5009,18380,5/1/2025 20:44:00,"$379,813.00"
5010,18387,4/27/2025 12:29:00,"$410,647.00"
5011,18388,4/28/2025 16:22:00,"$458,054.00"
5012,18390,5/2/2025 14:14:00,"$434,457.00"
5013,18392,4/27/2025 14:26:00,"$434,696.00"
5014,18407,5/6/2025 13:28:00,"$321,137.00"
5015,18410,5/6/2025 9:40:00,"$590,555.00"
5016,18413,4/30/2025 10:18:00,"$571,568.00"
5017,18416,4/27/2025 15:38:00,"$557,380.00"
5018,18418,4/30/2025 18:48:00,"$423,976.00"
5019,18421,5/3/2025 15:40:00,"$327,174.00"
5020,18426,5/6/2025 17:29:00,"$484,767.00"
5021,18428,5/5/2025 16:40:00,"$435,009.00"
5022,18429,4/27/2025 11:15:00,"$448,368.00"
5023,18431,4/27/2025 15:52:00,"$554,197.00"
5024,18437,4/28/2025 17:47:00,"$564,210.00"
5025,18438,4/29/2025 20:57:00,"$444,516.00"
5026,18439,5/4/2025 12:17:00,"$391,269.00"
5027,18444,5/1/2025 11:40:00,"$445,429.00"
5028,18447,4/29/2025 4:34:00,"$432,806.00"
5029,18453,4/28/2025 15:31:00,"$441,060.00"
5030,18460,4/29/2025 9:43:00,"$427,665.00"
5031,18469,5/8/2025 17:05:00,"$481,208.00"
5032,18472,5/6/2025 10:58:00,"$558,123.00"
5033,18476,5/7/2025 11:18:00,"$465,191.00"
5034,18478,4/30/2025 14:52:00,"$469,962.00"
5035,18488,4/29/2025 11:54:00,"$550,908.00"
5036,18495,5/6/2025 3:15:00,"$334,942.00"
5037,18496,4/28/2025 19:42:00,"$334,549.00"
5038,18498,5/7/2025 14:00:00,"$323,268.00"
5039,18499,4/26/2025 1:34:00,"$545,877.00"
5040,18500,4/27/2025 12:23:00,"$462,092.00"
5041,18503,4/29/2025 14:22:00,"$360,456.00"
5042,18506,5/5/2025 7:33:00,"$375,353.00"
5043,18507,4/26/2025 11:55:00,"$479,109.00"
5044,18508,4/27/2025 10:49:00,"$420,134.00"
5045,18510,5/8/2025 18:33:00,"$376,459.00"
5046,18512,5/8/2025 15:29:00,"$328,792.00"
5047,18513,4/29/2025 17:48:00,"$575,385.00"
5048,18518,5/2/2025 2:36:00,"$429,627.00"
5049,18527,4/27/2025 9:45:00,"$482,524.00"
5050,18532,4/27/2025 22:17:00,"$451,975.00"
5051,18539,4/27/2025 7:37:00,"$538,317.00"
5052,18541,4/30/2025 15:30:00,"$307,684.00"
5053,18542,5/4/2025 17:21:00,"$508,444.00"
5054,18545,5/4/2025 13:46:00,"$485,599.00"
5055,18546,4/30/2025 18:26:00,"$383,095.00"
5056,18550,4/29/2025 8:57:00,"$397,858.00"
5057,18552,4/30/2025 13:55:00,"$325,601.00"
5058,18553,4/28/2025 9:23:00,"$539,340.00"
5059,18557,5/1/2025 14:58:00,"$356,549.00"
5060,18558,5/3/2025 19:30:00,"$449,880.00"
5061,18559,4/27/2025 18:54:00,"$446,660.00"
5062,18563,4/27/2025 14:16:00,"$321,774.00"
5063,18565,5/4/2025 11:15:00,"$456,825.00"
5064,18567,4/30/2025 9:14:00,"$560,527.00"
5065,18569,4/27/2025 15:46:00,"$535,025.00"
5066,18571,5/4/2025 9:30:00,"$416,291.00"
5067,18573,5/3/2025 17:34:00,"$336,790.00"
5068,18579,5/4/2025 9:15:00,"$515,675.00"
5069,18590,4/29/2025 16:50:00,"$381,399.00"
5070,18593,4/28/2025 10:48:00,"$401,797.00"
5071,18599,5/8/2025 9:45:00,"$549,245.00"
5072,18605,4/28/2025 3:24:00,"$365,907.00"
5073,18609,5/1/2025 11:59:00,"$341,400.00"
5074,18617,4/28/2025 19:41:00,"$346,350.00"
5075,18624,5/1/2025 19:06:00,"$331,123.00"
5076,18625,5/1/2025 13:56:00,"$449,361.00"
5077,18626,5/5/2025 18:21:00,"$480,972.00"
5078,18630,4/30/2025 10:25:00,"$318,430.00"
5079,18634,5/8/2025 9:33:00,"$406,057.00"
5080,18636,5/1/2025 14:04:00,"$493,675.00"
5081,18637,5/9/2025 1:17:00,"$476,811.00"
5082,18643,4/27/2025 1:08:00,"$497,233.00"
5083,18644,5/6/2025 9:24:00,"$379,698.00"
5084,18645,4/30/2025 9:17:00,"$505,070.00"
5085,18647,4/30/2025 14:42:00,"$540,969.00"
5086,18649,5/5/2025 12:57:00,"$600,757.00"
5087,18651,5/4/2025 11:02:00,"$595,061.00"
5088,18652,5/1/2025 7:54:00,"$414,366.00"
5089,18660,4/28/2025 17:44:00,"$521,586.00"
5090,18665,5/1/2025 9:22:00,"$560,269.00"
5091,18671,5/4/2025 12:07:00,"$555,696.00"
5092,18674,4/27/2025 13:16:00,"$293,183.00"
5093,18677,5/1/2025 10:48:00,"$500,830.00"
5094,18679,5/3/2025 13:03:00,"$474,466.00"
5095,18686,5/6/2025 8:57:00,"$613,438.00"
5096,18690,4/30/2025 17:42:00,"$407,212.00"
5097,18694,4/29/2025 15:18:00,"$344,810.00"
5098,18697,5/6/2025 14:03:00,"$555,765.00"
5099,18698,4/30/2025 13:28:00,"$530,719.00"
5100,18702,4/27/2025 13:57:00,"$507,617.00"
5101,18704,5/1/2025 20:13:00,"$465,474.00"
5102,18707,5/3/2025 9:52:00,"$569,442.00"
5103,18712,5/3/2025 11:53:00,"$576,499.00"
5104,18713,5/2/2025 0:01:00,"$353,361.00"
5105,18714,5/8/2025 13:35:00,"$431,259.00"
5106,18721,5/4/2025 5:53:00,"$480,530.00"
5107,18722,5/5/2025 16:17:00,"$530,075.00"
5108,18725,4/30/2025 8:14:00,"$343,494.00"
5109,18727,4/30/2025 17:35:00,"$564,139.00"
5110,18728,5/4/2025 20:41:00,"$390,990.00"
5111,18729,4/28/2025 12:29:00,"$544,186.00"
5112,18731,5/1/2025 16:02:00,"$543,961.00"
5113,18732,5/1/2025 13:35:00,"$467,152.00"
5114,18740,5/7/2025 14:04:00,"$381,365.00"
5115,18744,4/28/2025 11:45:00,"$310,259.00"
5116,18747,5/5/2025 16:04:00,"$364,896.00"
5117,18748,5/7/2025 9:47:00,"$334,369.00"
5118,18749,5/1/2025 14:50:00,"$429,947.00"
5119,18752,5/13/2025 12:27:00,"$358,311.00"
5120,18757,5/6/2025 15:50:00,"$378,838.00"
5121,18759,4/30/2025 14:31:00,"$328,419.00"
5122,18760,5/1/2025 12:03:00,"$429,919.00"
5123,18761,5/3/2025 9:19:00,"$579,737.00"
5124,18762,5/3/2025 20:58:00,"$598,457.00"
5125,18764,5/3/2025 8:06:00,"$346,470.00"
5126,18769,5/3/2025 14:47:00,"$448,426.00"
5127,18771,5/5/2025 4:12:00,"$411,367.00"
5128,18775,5/4/2025 17:13:00,"$604,568.00"
5129,18776,5/6/2025 13:58:00,"$407,452.00"
5130,18779,5/5/2025 13:06:00,"$593,985.00"
5131,18782,4/28/2025 13:53:00,"$422,802.00"
5132,18783,5/6/2025 15:43:00,"$395,345.00"
5133,18785,4/27/2025 16:49:00,"$470,675.00"
5134,18788,4/28/2025 12:18:00,"$578,966.00"
5135,18789,4/30/2025 4:56:00,"$405,786.00"
5136,18791,5/6/2025 20:50:00,"$461,231.00"
5137,18793,5/3/2025 12:25:00,"$339,146.00"
5138,18796,5/11/2025 8:01:00,"$487,034.00"
5139,18803,5/1/2025 16:21:00,"$329,259.00"
5140,18804,5/7/2025 13:13:00,"$446,023.00"
5141,18805,5/8/2025 13:49:00,"$421,485.00"
5142,18806,5/6/2025 9:42:00,"$396,634.00"
5143,18816,5/1/2025 13:08:00,"$573,551.00"
5144,18819,5/4/2025 11:41:00,"$412,119.00"
5145,18822,5/6/2025 11:29:00,"$426,564.00"
5146,18826,5/4/2025 9:56:00,"$540,986.00"
5147,18827,4/30/2025 15:20:00,"$430,179.00"
5148,18834,5/3/2025 17:54:00,"$573,429.00"
5149,18841,5/4/2025 12:43:00,"$613,498.00"
5150,18842,5/1/2025 10:28:00,"$612,365.00"
5151,18844,5/4/2025 9:32:00,"$594,412.00"
5152,18847,4/29/2025 11:39:00,"$372,804.00"
5153,18853,5/7/2025 16:53:00,"$424,661.00"
5154,18856,5/7/2025 14:49:00,"$535,256.00"
5155,18857,5/3/2025 8:09:00,"$316,517.00"
5156,18861,5/4/2025 15:51:00,"$356,920.00"
5157,18864,5/1/2025 9:32:00,"$466,627.00"
5158,18866,5/6/2025 19:23:00,"$435,183.00"
5159,18868,5/7/2025 13:38:00,"$567,950.00"
5160,18869,5/3/2025 14:48:00,"$536,202.00"
5161,18876,4/29/2025 19:50:00,"$401,120.00"
5162,18883,5/6/2025 10:38:00,"$526,060.00"
5163,18885,5/2/2025 22:48:00,"$576,314.00"
5164,18889,5/12/2025 12:10:00,"$610,517.00"
5165,18890,4/29/2025 16:29:00,"$384,978.00"
5166,18895,5/3/2025 12:49:00,"$407,969.00"
5167,18897,5/6/2025 11:58:00,"$335,153.00"
5168,18909,5/4/2025 17:46:00,"$560,447.00"
5169,18910,4/29/2025 10:20:00,"$367,146.00"
5170,18911,5/8/2025 15:43:00,"$355,206.00"
5171,18917,5/5/2025 15:40:00,"$388,640.00"
5172,18919,5/3/2025 17:21:00,"$499,089.00"
5173,18922,5/7/2025 12:05:00,"$344,186.00"
5174,18924,4/29/2025 16:31:00,"$519,515.00"
5175,18926,5/6/2025 9:14:00,"$375,063.00"
5176,18932,5/6/2025 14:34:00,"$389,071.00"
5177,18937,5/3/2025 9:26:00,"$525,475.00"
5178,18941,5/3/2025 12:11:00,"$512,234.00"
5179,18942,5/5/2025 17:43:00,"$487,702.00"
5180,18945,5/4/2025 11:53:00,"$471,789.00"
5181,18954,5/1/2025 17:04:00,"$503,639.00"
5182,18955,4/28/2025 15:17:00,"$493,820.00"
5183,18956,5/10/2025 14:57:00,"$473,204.00"
5184,18958,4/30/2025 12:50:00,"$562,647.00"
5185,18960,5/8/2025 16:14:00,"$564,931.00"
5186,18968,5/6/2025 13:15:00,"$365,684.00"
5187,18970,5/3/2025 13:49:00,"$371,383.00"
5188,18972,5/4/2025 11:03:00,"$411,762.00"
5189,18979,5/8/2025 16:39:00,"$528,741.00"
5190,18980,5/12/2025 17:44:00,"$521,070.00"
5191,18981,4/30/2025 15:38:00,"$507,365.00"
5192,18983,5/8/2025 9:43:00,"$575,488.00"
5193,18986,5/1/2025 10:56:00,"$611,960.00"
5194,18988,5/3/2025 15:56:00,"$560,633.00"
5195,18993,5/14/2025 11:12:00,"$546,785.00"
5196,18995,5/1/2025 8:50:00,"$372,041.00"
5197,18997,5/5/2025 11:36:00,"$521,764.00"
5198,18998,5/8/2025 4:13:00,"$338,626.00"
5199,19000,5/9/2025 16:54:00,"$460,377.00"
5200,19005,5/6/2025 17:43:00,"$542,584.00"
5201,19006,5/10/2025 17:22:00,"$511,257.00"
5202,19013,5/11/2025 12:42:00,"$544,036.00"
5203,19014,5/6/2025 12:42:00,"$502,589.00"
5204,19017,5/11/2025 13:38:00,"$416,786.00"
5205,19022,5/8/2025 17:42:00,"$389,416.00"
5206,19024,5/3/2025 11:04:00,"$320,769.00"
5207,19025,5/7/2025 23:42:00,"$389,706.00"
5208,19029,5/7/2025 8:45:00,"$585,536.00"
5209,19031,5/1/2025 11:43:00,"$477,077.00"
5210,19035,4/30/2025 12:55:00,"$319,955.00"
5211,19041,5/1/2025 10:03:00,"$329,154.00"
5212,19044,5/6/2025 0:58:00,"$483,601.00"
5213,19046,5/7/2025 1:25:00,"$436,178.00"
5214,19052,5/12/2025 18:09:00,"$433,536.00"
5215,19053,5/12/2025 17:45:00,"$491,631.00"
5216,19061,5/1/2025 17:12:00,"$464,838.00"
5217,19070,5/12/2025 9:57:00,"$393,052.00"
5218,19077,5/12/2025 21:08:00,"$476,768.00"
5219,19079,5/12/2025 15:23:00,"$598,515.00"
5220,19083,5/7/2025 10:40:00,"$578,813.00"
5221,19091,5/8/2025 9:38:00,"$577,541.00"
5222,19094,5/11/2025 9:09:00,"$587,088.00"
5223,19098,5/4/2025 14:14:00,"$366,308.00"
5224,19100,5/5/2025 14:05:00,"$421,756.00"
5225,19101,5/3/2025 15:05:00,"$520,270.00"
5226,19105,5/4/2025 10:58:00,"$593,521.00"
5227,19106,5/3/2025 20:59:00,"$341,349.00"
5228,19110,5/3/2025 21:01:00,"$496,596.00"
5229,19115,4/30/2025 0:50:00,"$411,972.00"
5230,19119,5/7/2025 15:50:00,"$363,096.00"
5231,19134,4/30/2025 9:01:00,"$565,969.00"
5232,19135,5/10/2025 15:10:00,"$450,089.00"
5233,19137,5/3/2025 12:10:00,"$327,765.00"
5234,19139,5/3/2025 9:18:00,"$349,713.00"
5235,19140,5/3/2025 2:20:00,"$463,830.00"
5236,19144,5/5/2025 5:25:00,"$367,959.00"
5237,19145,4/30/2025 8:13:00,"$579,595.00"
5238,19149,5/3/2025 11:44:00,"$396,173.00"
5239,19151,5/6/2025 13:15:00,"$330,262.00"
5240,19153,5/3/2025 15:03:00,"$390,393.00"
5241,19155,5/1/2025 9:09:00,"$411,171.00"
5242,19159,5/8/2025 12:45:00,"$496,640.00"
5243,19163,5/11/2025 10:15:00,"$519,728.00"
5244,19169,5/5/2025 15:44:00,"$525,576.00"
5245,19173,5/13/2025 17:42:00,"$411,225.00"
5246,19181,5/6/2025 20:21:00,"$481,022.00"
5247,19184,5/1/2025 15:27:00,"$492,814.00"
5248,19191,5/8/2025 14:11:00,"$358,617.00"
5249,19193,5/3/2025 8:35:00,"$530,304.00"
5250,19197,5/13/2025 14:00:00,"$486,969.00"
5251,19199,5/5/2025 14:35:00,"$316,859.00"
5252,19200,5/5/2025 9:19:00,"$551,073.00"
5253,19202,5/10/2025 12:44:00,"$613,912.00"
5254,19205,5/12/2025 5:23:00,"$605,412.00"
5255,19207,5/11/2025 17:17:00,"$530,586.00"
5256,19212,5/8/2025 15:01:00,"$390,535.00"
5257,19213,5/6/2025 18:32:00,"$398,294.00"
5258,19215,5/8/2025 16:17:00,"$413,546.00"
5259,19217,5/6/2025 17:16:00,"$333,306.00"
5260,19222,5/3/2025 18:39:00,"$429,723.00"
5261,19227,5/16/2025 22:32:00,"$401,442.00"
5262,19228,5/5/2025 9:41:00,"$503,074.00"
5263,19230,5/4/2025 1:42:00,"$356,072.00"
5264,19231,5/10/2025 15:21:00,"$564,144.00"
5265,19232,5/6/2025 14:34:00,"$568,551.00"
5266,19246,5/3/2025 1:36:00,"$580,559.00"
5267,19247,5/10/2025 20:28:00,"$356,503.00"
5268,19249,5/4/2025 16:48:00,"$564,937.00"
5269,19250,5/5/2025 14:54:00,"$346,467.00"
5270,19251,5/7/2025 10:30:00,"$337,058.00"
5271,19255,5/2/2025 19:50:00,"$441,849.00"
5272,19258,5/13/2025 10:27:00,"$450,209.00"
5273,19261,5/1/2025 20:14:00,"$406,983.00"
5274,19263,5/12/2025 15:01:00,"$531,300.00"
5275,19264,5/3/2025 14:32:00,"$357,764.00"
5276,19265,5/4/2025 16:23:00,"$395,405.00"
5277,19273,5/4/2025 8:17:00,"$349,617.00"
5278,19276,5/8/2025 13:16:00,"$577,948.00"
5279,19280,5/5/2025 9:18:00,"$557,396.00"
5280,19282,5/7/2025 12:42:00,"$330,309.00"
5281,19284,5/8/2025 8:34:00,"$417,797.00"
5282,19295,5/5/2025 11:08:00,"$320,234.00"
5283,19297,5/12/2025 10:09:00,"$568,200.00"
5284,19302,5/11/2025 10:17:00,"$587,336.00"
5285,19303,5/10/2025 15:46:00,"$510,590.00"
5286,19304,5/4/2025 20:55:00,"$581,680.00"
5287,19307,5/3/2025 6:40:00,"$405,087.00"
5288,19309,5/6/2025 10:50:00,"$581,063.00"
5289,19311,5/4/2025 15:46:00,"$612,952.00"
5290,19314,5/5/2025 16:13:00,"$377,806.00"
5291,19321,5/5/2025 15:14:00,"$425,591.00"
5292,19325,5/13/2025 12:47:00,"$506,297.00"
5293,19330,5/3/2025 5:21:00,"$538,200.00"
5294,19332,5/5/2025 15:12:00,"$573,124.00"
5295,19337,5/7/2025 15:29:00,"$595,461.00"
5296,19338,5/4/2025 9:35:00,"$459,714.00"
5297,19339,5/1/2025 15:34:00,"$456,116.00"
5298,19341,5/2/2025 9:10:00,"$460,570.00"
5299,19345,5/13/2025 18:11:00,"$535,109.00"
5300,19348,5/4/2025 15:45:00,"$520,357.00"
5301,19349,5/7/2025 23:30:00,"$393,933.00"
5302,19352,5/5/2025 11:06:00,"$524,598.00"
5303,19353,5/14/2025 15:46:00,"$485,441.00"
5304,19356,5/14/2025 18:02:00,"$600,298.00"
5305,19358,5/11/2025 9:45:00,"$365,691.00"
5306,19364,5/5/2025 17:37:00,"$540,248.00"
5307,19366,5/7/2025 20:54:00,"$473,927.00"
5308,19371,5/7/2025 14:25:00,"$336,350.00"
5309,19384,5/10/2025 10:05:00,"$482,908.00"
5310,19389,5/12/2025 11:32:00,"$336,738.00"
5311,19390,5/6/2025 10:32:00,"$432,842.00"
5312,19394,5/3/2025 14:05:00,"$561,992.00"
5313,19401,5/6/2025 16:47:00,"$444,113.00"
5314,19412,5/11/2025 12:21:00,"$551,365.00"
5315,19416,5/3/2025 3:37:00,"$427,345.00"
5316,19419,5/8/2025 10:07:00,"$396,562.00"
5317,19428,5/5/2025 9:35:00,"$611,038.00"
5318,19433,5/5/2025 17:23:00,"$513,625.00"
5319,19437,5/14/2025 15:21:00,"$436,205.00"
5320,19457,5/12/2025 15:22:00,"$382,041.00"
5321,19458,5/4/2025 9:23:00,"$374,152.00"
5322,19459,5/3/2025 6:00:00,"$459,949.00"
5323,19460,5/6/2025 13:41:00,"$335,596.00"
5324,19465,5/5/2025 16:13:00,"$521,278.00"
5325,19472,5/12/2025 0:20:00,"$446,000.00"
5326,19473,5/8/2025 18:33:00,"$563,673.00"
5327,19475,5/5/2025 8:48:00,"$394,427.00"
5328,19489,5/8/2025 10:31:00,"$464,822.00"
5329,19493,5/12/2025 14:42:00,"$612,042.00"
5330,19496,5/11/2025 10:20:00,"$523,548.00"
5331,19497,5/7/2025 12:10:00,"$319,473.00"
5332,19498,5/6/2025 13:26:00,"$578,836.00"
5333,19500,5/4/2025 17:17:00,"$476,746.00"
5334,19502,5/15/2025 12:31:00,"$420,282.00"
5335,19505,5/6/2025 23:20:00,"$370,807.00"
5336,19508,5/14/2025 13:39:00,"$447,545.00"
5337,19509,5/10/2025 19:10:00,"$493,243.00"
5338,19510,5/10/2025 14:31:00,"$386,079.00"
5339,19513,5/11/2025 18:46:00,"$363,280.00"
5340,19514,5/7/2025 0:41:00,"$462,597.00"
5341,19517,5/6/2025 22:36:00,"$382,167.00"
5342,19519,5/5/2025 11:30:00,"$597,939.00"
5343,19526,5/7/2025 17:38:00,"$526,329.00"
5344,19527,5/12/2025 13:36:00,"$557,879.00"
5345,19528,5/13/2025 13:33:00,"$603,647.00"
5346,19536,5/4/2025 15:53:00,"$362,993.00"
5347,19543,5/14/2025 17:26:00,"$504,243.00"
5348,19544,5/7/2025 19:15:00,"$574,278.00"
5349,19547,5/8/2025 12:11:00,"$551,178.00"
5350,19552,5/4/2025 9:25:00,"$456,366.00"
5351,19555,5/8/2025 17:54:00,"$395,583.00"
5352,19557,5/5/2025 18:00:00,"$332,840.00"
5353,19559,5/8/2025 14:00:00,"$487,335.00"
5354,19560,5/4/2025 8:28:00,"$447,001.00"
5355,19561,5/8/2025 18:33:00,"$509,607.00"
5356,19562,5/12/2025 14:11:00,"$474,877.00"
5357,19575,5/12/2025 16:56:00,"$332,014.00"
5358,19579,5/5/2025 9:20:00,"$356,799.00"
5359,19583,5/6/2025 14:27:00,"$343,828.00"
5360,19587,5/3/2025 14:03:00,"$480,447.00"
5361,19593,5/8/2025 14:18:00,"$347,574.00"
5362,19594,5/8/2025 8:19:00,"$457,574.00"
5363,19596,5/4/2025 9:14:00,"$335,475.00"
5364,19600,5/10/2025 11:55:00,"$344,071.00"
5365,19601,5/4/2025 10:49:00,"$318,513.00"
5366,19602,5/6/2025 12:29:00,"$587,134.00"
5367,19609,5/10/2025 10:41:00,"$602,623.00"
5368,19612,5/6/2025 1:32:00,"$520,513.00"
5369,19623,5/10/2025 11:42:00,"$393,413.00"
5370,19624,5/11/2025 11:01:00,"$392,693.00"
5371,19627,5/7/2025 17:57:00,"$404,312.00"
5372,19634,5/16/2025 7:37:00,"$604,307.00"
5373,19636,5/12/2025 17:03:00,"$500,742.00"
5374,19637,5/4/2025 13:47:00,"$571,307.00"
5375,19638,5/11/2025 16:48:00,"$561,613.00"
5376,19640,5/7/2025 17:54:00,"$589,492.00"
5377,19643,5/6/2025 9:38:00,"$422,622.00"
5378,19646,5/8/2025 16:10:00,"$557,035.00"
5379,19648,5/6/2025 16:28:00,"$376,441.00"
5380,19649,5/13/2025 3:36:00,"$612,943.00"
5381,19650,5/12/2025 10:46:00,"$545,752.00"
5382,19651,5/8/2025 12:33:00,"$400,102.00"
5383,19656,5/14/2025 12:47:00,"$352,138.00"
5384,19659,5/6/2025 16:10:00,"$494,272.00"
5385,19661,5/8/2025 15:23:00,"$587,417.00"
5386,19665,5/3/2025 10:04:00,"$578,026.00"
5387,19667,5/8/2025 10:11:00,"$528,538.00"
5388,19669,5/7/2025 19:53:00,"$497,279.00"
5389,19671,5/9/2025 12:01:00,"$588,026.00"
5390,19672,5/6/2025 7:48:00,"$407,570.00"
5391,19675,5/12/2025 16:17:00,"$427,814.00"
5392,19678,5/7/2025 13:40:00,"$352,032.00"
5393,19679,5/6/2025 20:36:00,"$604,508.00"
5394,19691,5/14/2025 17:25:00,"$449,652.00"
5395,19692,5/14/2025 10:30:00,"$595,693.00"
5396,19693,5/11/2025 13:30:00,"$462,113.00"
5397,19698,5/11/2025 16:46:00,"$545,870.00"
5398,19700,5/5/2025 15:56:00,"$600,019.00"
5399,19702,5/15/2025 17:10:00,"$385,207.00"
5400,19706,5/6/2025 13:22:00,"$558,384.00"
5401,19707,5/6/2025 3:15:00,"$567,272.00"
5402,19708,5/6/2025 14:11:00,"$533,057.00"
5403,19709,5/10/2025 10:55:00,"$582,191.00"
5404,19717,5/9/2025 1:16:00,"$566,200.00"
5405,19718,5/11/2025 13:21:00,"$507,231.00"
5406,19719,5/8/2025 11:16:00,"$454,104.00"
5407,19722,5/8/2025 14:48:00,"$465,935.00"
5408,19725,5/12/2025 12:36:00,"$323,450.00"
5409,19727,5/17/2025 11:58:00,"$536,113.00"
5410,19734,5/3/2025 17:42:00,"$374,060.00"
5411,19735,5/6/2025 10:17:00,"$341,607.00"
5412,19740,5/12/2025 16:48:00,"$366,216.00"
5413,19743,5/12/2025 15:50:00,"$427,055.00"
5414,19744,5/12/2025 12:54:00,"$529,787.00"
5415,19749,5/4/2025 10:15:00,"$462,726.00"
5416,19754,5/19/2025 13:50:00,"$559,466.00"
5417,19755,5/14/2025 11:03:00,"$568,808.00"
5418,19761,5/8/2025 8:45:00,"$408,465.00"
5419,19764,5/12/2025 15:30:00,"$600,813.00"
5420,19766,5/14/2025 6:56:00,"$525,787.00"
5421,19773,5/12/2025 11:04:00,"$378,194.00"
5422,19776,5/8/2025 9:44:00,"$564,589.00"
5423,19778,5/4/2025 13:14:00,"$327,444.00"
5424,19784,5/6/2025 9:41:00,"$532,907.00"
5425,19785,5/7/2025 10:02:00,"$539,160.00"
5426,19796,5/8/2025 10:45:00,"$484,966.00"
5427,19802,5/17/2025 11:26:00,"$349,216.00"
5428,19809,5/5/2025 17:12:00,"$554,777.00"
5429,19813,5/11/2025 10:29:00,"$431,339.00"
5430,19817,5/8/2025 15:50:00,"$574,037.00"
5431,19819,5/8/2025 10:53:00,"$508,229.00"
5432,19821,5/6/2025 19:27:00,"$570,153.00"
5433,19822,5/8/2025 4:17:00,"$430,806.00"
5434,19824,5/17/2025 16:02:00,"$494,572.00"
5435,19825,5/13/2025 9:32:00,"$412,501.00"
5436,19832,5/10/2025 8:26:00,"$381,790.00"
5437,19835,5/10/2025 10:30:00,"$323,271.00"
5438,19843,5/7/2025 15:50:00,"$481,970.00"
5439,19844,5/17/2025 11:17:00,"$397,772.00"
5440,19845,5/10/2025 10:59:00,"$395,041.00"
5441,19846,5/7/2025 16:27:00,"$597,686.00"
5442,19855,5/11/2025 13:43:00,"$339,253.00"
5443,19859,5/6/2025 8:58:00,"$366,993.00"
5444,19863,5/6/2025 16:10:00,"$493,855.00"
5445,19864,5/10/2025 16:59:00,"$399,924.00"
5446,19866,5/8/2025 13:30:00,"$317,958.00"
5447,19868,5/12/2025 14:55:00,"$364,152.00"
5448,19870,5/12/2025 10:54:00,"$493,418.00"
5449,19871,5/12/2025 9:39:00,"$505,380.00"
5450,19874,5/8/2025 11:49:00,"$457,654.00"
5451,19875,5/11/2025 21:51:00,"$478,528.00"
5452,19879,5/11/2025 14:46:00,"$613,743.00"
5453,19880,5/13/2025 17:15:00,"$372,581.00"
5454,19881,5/8/2025 17:26:00,"$467,992.00"
5455,19882,5/7/2025 17:18:00,"$340,436.00"
5456,19884,5/7/2025 10:23:00,"$348,772.00"
5457,19890,5/7/2025 9:13:00,"$508,698.00"
5458,19893,5/10/2025 7:47:00,"$400,724.00"
5459,19897,5/10/2025 9:56:00,"$433,030.00"
5460,19899,5/7/2025 12:05:00,"$600,673.00"
5461,19904,5/11/2025 12:45:00,"$317,171.00"
5462,19905,5/5/2025 16:23:00,"$580,255.00"
5463,19907,5/8/2025 15:47:00,"$571,224.00"
5464,19910,5/20/2025 9:47:00,"$476,242.00"
5465,19912,5/12/2025 17:42:00,"$575,660.00"
5466,19913,5/14/2025 14:44:00,"$545,495.00"
5467,19917,5/15/2025 10:24:00,"$539,541.00"
5468,19919,5/13/2025 15:52:00,"$397,139.00"
5469,19924,5/6/2025 13:09:00,"$442,201.00"
5470,19926,5/13/2025 12:22:00,"$462,693.00"
5471,19930,5/10/2025 13:26:00,"$408,033.00"
5472,19935,5/7/2025 9:51:00,"$530,348.00"
5473,19937,5/10/2025 7:23:00,"$383,727.00"
5474,19939,5/6/2025 11:49:00,"$464,474.00"
5475,19943,5/14/2025 17:28:00,"$379,843.00"
5476,19944,5/11/2025 10:40:00,"$425,488.00"
5477,19945,5/7/2025 12:18:00,"$340,391.00"
5478,19947,5/15/2025 13:44:00,"$513,991.00"
5479,19949,5/9/2025 3:44:00,"$583,695.00"
5480,19952,5/6/2025 13:25:00,"$470,659.00"
5481,19955,5/14/2025 12:58:00,"$541,185.00"
5482,19956,5/13/2025 17:04:00,"$387,527.00"
5483,19958,5/6/2025 17:53:00,"$447,171.00"
5484,19963,5/12/2025 10:15:00,"$353,262.00"
5485,19966,5/10/2025 14:56:00,"$430,810.00"
5486,19972,5/10/2025 10:34:00,"$521,217.00"
5487,19974,5/12/2025 11:34:00,"$385,310.00"
5488,19984,5/7/2025 14:46:00,"$399,216.00"
5489,19986,5/15/2025 13:12:00,"$575,056.00"
5490,19998,5/18/2025 0:23:00,"$326,219.00"
5491,20000,5/6/2025 16:31:00,"$352,029.00"
5492,20002,5/20/2025 19:38:00,"$364,051.00"
5493,20003,5/8/2025 11:18:00,"$396,826.00"
5494,20004,5/8/2025 9:12:00,"$429,147.00"
5495,20005,5/11/2025 10:45:00,"$432,774.00"
5496,20006,5/7/2025 2:51:00,"$614,133.00"
5497,20016,5/12/2025 15:44:00,"$472,984.00"
5498,20018,5/11/2025 9:11:00,"$406,369.00"
5499,20024,5/11/2025 14:06:00,"$324,583.00"
5500,20036,5/10/2025 17:46:00,"$377,307.00"
5501,20038,5/18/2025 9:34:00,"$455,385.00"
5502,20045,5/10/2025 14:00:00,"$509,502.00"
5503,20047,5/11/2025 17:01:00,"$337,985.00"
5504,20048,5/15/2025 17:11:00,"$513,827.00"
5505,20049,5/7/2025 12:05:00,"$549,015.00"
5506,20051,5/6/2025 12:25:00,"$438,962.00"
5507,20052,5/10/2025 18:26:00,"$398,853.00"
5508,20054,5/6/2025 13:28:00,"$505,890.00"
5509,20058,5/13/2025 17:20:00,"$593,961.00"
5510,20060,5/18/2025 9:24:00,"$360,165.00"
5511,20061,5/15/2025 13:17:00,"$570,238.00"
5512,20062,5/6/2025 9:21:00,"$397,746.00"
5513,20063,5/13/2025 13:33:00,"$343,034.00"
5514,20066,5/10/2025 10:48:00,"$378,996.00"
5515,20071,5/14/2025 11:26:00,"$440,382.00"
5516,20075,5/6/2025 11:46:00,"$325,200.00"
5517,20078,5/12/2025 17:45:00,"$409,829.00"
5518,20081,5/6/2025 8:36:00,"$497,025.00"
5519,20084,5/12/2025 15:31:00,"$454,926.00"
5520,20090,5/12/2025 15:06:00,"$360,608.00"
5521,20094,5/8/2025 12:34:00,"$543,776.00"
5522,20095,5/13/2025 13:05:00,"$363,682.00"
5523,20096,5/11/2025 13:32:00,"$363,558.00"
5524,20100,5/13/2025 20:27:00,"$576,470.00"
5525,20105,5/8/2025 11:56:00,"$522,972.00"
5526,20111,5/12/2025 9:04:00,"$402,581.00"
5527,20112,5/14/2025 2:20:00,"$450,624.00"
5528,20115,5/10/2025 14:54:00,"$443,932.00"
5529,20118,5/8/2025 9:56:00,"$602,150.00"
5530,20126,5/15/2025 9:47:00,"$512,105.00"
5531,20127,5/6/2025 17:35:00,"$503,388.00"
5532,20133,5/10/2025 15:33:00,"$534,356.00"
5533,20136,5/8/2025 7:33:00,"$374,417.00"
5534,20137,5/7/2025 11:47:00,"$478,941.00"
5535,20139,5/10/2025 17:52:00,"$393,525.00"
5536,20140,5/6/2025 11:52:00,"$407,657.00"
5537,20142,5/14/2025 15:00:00,"$421,505.00"
5538,20144,5/12/2025 11:16:00,"$506,350.00"
5539,20145,5/14/2025 9:08:00,"$330,376.00"
5540,20150,5/11/2025 15:01:00,"$502,624.00"
5541,20151,5/21/2025 13:23:00,"$468,915.00"
5542,20153,5/15/2025 17:56:00,"$590,567.00"
5543,20158,5/15/2025 8:17:00,"$516,257.00"
5544,20159,5/14/2025 15:58:00,"$419,326.00"
5545,20162,5/14/2025 9:30:00,"$590,855.00"
5546,20165,5/6/2025 12:01:00,"$316,111.00"
5547,20166,5/6/2025 12:27:00,"$361,497.00"
5548,20168,5/10/2025 8:49:00,"$439,642.00"
5549,20170,5/15/2025 10:27:00,"$472,397.00"
5550,20171,5/12/2025 10:42:00,"$409,494.00"
5551,20174,5/17/2025 8:18:00,"$513,551.00"
5552,20176,5/11/2025 6:56:00,"$582,336.00"
5553,20182,5/12/2025 12:55:00,"$446,175.00"
5554,20184,5/7/2025 15:33:00,"$542,481.00"
5555,20186,5/22/2025 16:49:00,"$488,540.00"
5556,20187,5/10/2025 3:48:00,"$362,990.00"
5557,20189,5/17/2025 15:23:00,"$575,693.00"
5558,20195,5/10/2025 17:44:00,"$445,330.00"
5559,20203,5/13/2025 14:00:00,"$486,641.00"
5560,20204,5/11/2025 12:15:00,"$527,113.00"
5561,20205,5/7/2025 14:17:00,"$586,159.00"
5562,20206,5/11/2025 11:54:00,"$458,958.00"
5563,20209,5/22/2025 3:14:00,"$480,935.00"
5564,20218,5/6/2025 15:37:00,"$529,682.00"
5565,20223,5/11/2025 9:46:00,"$372,369.00"
5566,20227,5/12/2025 9:44:00,"$430,137.00"
5567,20229,5/14/2025 15:03:00,"$379,510.00"
5568,20230,5/11/2025 15:23:00,"$385,369.00"
5569,20231,5/8/2025 15:53:00,"$573,821.00"
5570,20232,5/10/2025 12:31:00,"$364,100.00"
5571,20237,5/13/2025 15:09:00,"$609,907.00"
5572,20240,5/11/2025 13:58:00,"$428,533.00"
5573,20244,5/8/2025 15:33:00,"$462,629.00"
5574,20246,5/11/2025 23:02:00,"$500,009.00"
5575,20250,5/10/2025 14:56:00,"$398,474.00"
5576,20253,5/14/2025 14:50:00,"$364,918.00"
5577,20254,5/18/2025 16:33:00,"$345,183.00"
5578,20265,5/15/2025 13:31:00,"$533,537.00"
5579,20266,5/18/2025 13:31:00,"$401,395.00"
5580,20267,5/15/2025 2:31:00,"$504,830.00"
5581,20273,5/8/2025 12:27:00,"$347,787.00"
5582,20287,5/10/2025 10:11:00,"$542,672.00"
5583,20292,5/19/2025 17:14:00,"$390,857.00"
5584,20294,5/13/2025 6:28:00,"$338,783.00"
5585,20295,5/18/2025 16:14:00,"$333,350.00"
5586,20301,5/10/2025 10:05:00,"$473,745.00"
5587,20303,5/18/2025 15:37:00,"$461,083.00"
5588,20308,5/11/2025 12:44:00,"$565,290.00"
5589,20309,5/18/2025 10:10:00,"$478,656.00"
5590,20313,5/12/2025 10:39:00,"$331,602.00"
5591,20324,5/18/2025 10:56:00,"$522,449.00"
5592,20325,5/12/2025 10:15:00,"$328,671.00"
5593,20328,5/11/2025 13:18:00,"$354,630.00"
5594,20329,5/19/2025 17:28:00,"$461,796.00"
5595,20331,5/12/2025 16:00:00,"$480,314.00"
5596,20337,5/15/2025 12:18:00,"$614,170.00"
5597,20341,5/10/2025 10:55:00,"$403,357.00"
5598,20342,5/12/2025 11:39:00,"$502,735.00"
5599,20344,5/13/2025 7:42:00,"$584,421.00"
5600,20347,5/11/2025 15:11:00,"$354,567.00"
5601,20352,5/21/2025 15:41:00,"$354,534.00"
5602,20356,5/18/2025 14:01:00,"$607,673.00"
5603,20359,5/15/2025 19:20:00,"$356,659.00"
5604,20361,5/12/2025 17:44:00,"$386,848.00"
5605,20363,5/11/2025 11:20:00,"$479,707.00"
5606,20364,5/8/2025 1:12:00,"$431,074.00"
5607,20368,5/14/2025 10:55:00,"$556,665.00"
5608,20376,5/10/2025 14:49:00,"$538,948.00"
5609,20384,5/17/2025 18:07:00,"$431,567.00"
5610,20385,5/15/2025 3:10:00,"$523,417.00"
5611,20392,5/10/2025 14:34:00,"$589,580.00"
5612,20401,5/12/2025 5:51:00,"$593,026.00"
5613,20402,5/12/2025 9:00:00,"$401,235.00"
5614,20408,5/14/2025 13:21:00,"$569,017.00"
5615,20410,5/14/2025 9:55:00,"$368,594.00"
5616,20411,5/18/2025 16:36:00,"$422,191.00"
5617,20412,5/20/2025 10:13:00,"$485,102.00"
5618,20417,5/22/2025 12:03:00,"$550,254.00"
5619,20419,5/13/2025 12:54:00,"$595,377.00"
5620,20423,5/13/2025 9:18:00,"$516,337.00"
5621,20425,5/12/2025 17:24:00,"$461,437.00"
5622,20426,5/13/2025 11:35:00,"$322,740.00"
5623,20428,5/8/2025 19:48:00,"$572,952.00"
5624,20433,5/13/2025 17:52:00,"$414,249.00"
5625,20435,5/11/2025 13:53:00,"$472,039.00"
5626,20436,5/18/2025 17:31:00,"$335,010.00"
5627,20437,5/14/2025 1:35:00,"$390,570.00"
5628,20439,5/20/2025 10:53:00,"$382,121.00"
5629,20442,5/12/2025 11:01:00,"$343,431.00"
5630,20445,5/13/2025 20:23:00,"$499,339.00"
5631,20446,5/12/2025 1:50:00,"$453,373.00"
5632,20448,5/12/2025 2:34:00,"$551,871.00"
5633,20449,5/21/2025 12:03:00,"$458,858.00"
5634,20451,5/13/2025 11:14:00,"$436,102.00"
5635,20452,5/19/2025 9:13:00,"$349,569.00"
5636,20472,5/17/2025 19:28:00,"$588,214.00"
5637,20473,5/10/2025 4:50:00,"$370,997.00"
5638,20474,5/21/2025 8:04:00,"$377,679.00"
5639,20477,5/11/2025 11:55:00,"$357,572.00"
5640,20480,5/12/2025 10:42:00,"$508,279.00"
5641,20487,5/11/2025 15:23:00,"$414,579.00"
5642,20488,5/12/2025 15:00:00,"$467,946.00"
5643,20489,5/17/2025 8:43:00,"$497,196.00"
5644,20490,5/14/2025 9:36:00,"$554,021.00"
5645,20491,5/19/2025 9:02:00,"$430,578.00"
5646,20492,5/11/2025 12:23:00,"$577,012.00"
5647,20493,5/11/2025 17:51:00,"$602,135.00"
5648,20494,5/20/2025 20:30:00,"$610,860.00"
5649,20495,5/19/2025 15:04:00,"$585,488.00"
5650,20496,5/22/2025 12:13:00,"$494,059.00"
5651,20498,5/12/2025 14:20:00,"$609,721.00"
5652,20500,5/12/2025 11:09:00,"$483,728.00"
5653,20502,5/20/2025 9:36:00,"$380,336.00"
5654,20504,5/15/2025 3:29:00,"$568,693.00"
5655,20505,5/14/2025 9:23:00,"$608,303.00"
5656,20506,5/19/2025 10:08:00,"$547,247.00"
5657,20507,5/25/2025 9:41:00,"$540,970.00"
5658,20510,5/13/2025 15:08:00,"$501,200.00"
5659,20518,5/14/2025 10:58:00,"$456,623.00"
5660,20519,5/12/2025 12:08:00,"$404,077.00"
5661,20523,5/19/2025 18:06:00,"$441,301.00"
5662,20525,5/14/2025 20:27:00,"$432,116.00"
5663,20527,5/13/2025 16:08:00,"$464,588.00"
5664,20541,5/13/2025 10:40:00,"$446,755.00"
5665,20542,5/20/2025 7:14:00,"$589,067.00"
5666,20549,5/18/2025 16:38:00,"$593,743.00"
5667,20550,5/14/2025 17:22:00,"$333,416.00"
5668,20553,5/12/2025 9:36:00,"$425,700.00"
5669,20555,5/19/2025 5:46:00,"$459,670.00"
5670,20557,5/14/2025 9:10:00,"$332,943.00"
5671,20558,5/8/2025 17:19:00,"$366,790.00"
5672,20560,5/13/2025 15:52:00,"$422,310.00"
5673,20564,5/18/2025 13:38:00,"$483,191.00"
5674,20565,5/17/2025 16:49:00,"$468,669.00"
5675,20568,5/16/2025 7:50:00,"$487,103.00"
5676,20578,5/15/2025 13:43:00,"$391,745.00"
5677,20583,5/11/2025 4:47:00,"$525,449.00"
5678,20586,5/15/2025 11:55:00,"$564,481.00"
5679,20588,5/12/2025 11:09:00,"$390,734.00"
5680,20590,5/14/2025 16:16:00,"$436,663.00"
5681,20595,5/13/2025 1:00:00,"$496,604.00"
5682,20596,5/14/2025 8:47:00,"$513,691.00"
5683,20597,5/15/2025 8:31:00,"$333,205.00"
5684,20599,5/14/2025 0:36:00,"$417,435.00"
5685,20601,5/21/2025 11:57:00,"$333,016.00"
5686,20605,5/19/2025 11:10:00,"$526,695.00"
5687,20610,5/18/2025 17:12:00,"$351,764.00"
5688,20612,5/12/2025 13:06:00,"$598,715.00"
5689,20613,5/18/2025 13:00:00,"$481,672.00"
5690,20615,5/15/2025 16:40:00,"$372,854.00"
5691,20617,5/20/2025 16:41:00,"$403,288.00"
5692,20620,5/15/2025 14:05:00,"$609,609.00"
5693,20622,5/12/2025 11:18:00,"$412,910.00"
5694,20627,5/12/2025 4:34:00,"$417,784.00"
5695,20632,5/17/2025 14:55:00,"$357,982.00"
5696,20636,5/16/2025 22:42:00,"$556,510.00"
5697,20638,5/19/2025 14:41:00,"$342,957.00"
5698,20639,5/21/2025 14:26:00,"$351,220.00"
5699,20640,5/19/2025 11:03:00,"$422,304.00"
5700,20643,5/14/2025 9:20:00,"$420,551.00"
5701,20644,5/20/2025 15:30:00,"$367,509.00"
5702,20646,5/17/2025 15:55:00,"$327,672.00"
5703,20649,5/15/2025 22:30:00,"$348,416.00"
5704,20653,5/13/2025 20:37:00,"$346,974.00"
5705,20654,5/15/2025 11:31:00,"$339,145.00"
5706,20658,5/20/2025 15:42:00,"$549,033.00"
5707,20659,5/10/2025 14:17:00,"$590,604.00"
5708,20660,5/12/2025 12:12:00,"$509,790.00"
5709,20664,5/19/2025 1:19:00,"$480,741.00"
5710,20666,5/19/2025 11:29:00,"$556,904.00"
5711,20667,5/20/2025 9:40:00,"$550,171.00"
5712,20668,5/10/2025 10:47:00,"$475,401.00"
5713,20670,5/16/2025 22:21:00,"$507,795.00"
5714,20678,5/13/2025 13:39:00,"$566,922.00"
5715,20682,5/10/2025 11:13:00,"$438,415.00"
5716,20684,5/13/2025 11:20:00,"$599,081.00"
5717,20693,5/12/2025 8:19:00,"$603,272.00"
5718,20698,5/14/2025 16:51:00,"$339,554.00"
5719,20706,5/12/2025 14:18:00,"$523,713.00"
5720,20707,5/20/2025 13:47:00,"$445,134.00"
5721,20709,5/12/2025 15:03:00,"$434,434.00"
5722,20714,5/14/2025 9:44:00,"$450,016.00"
5723,20719,5/21/2025 18:50:00,"$410,201.00"
5724,20724,5/17/2025 17:43:00,"$512,674.00"
5725,20727,5/17/2025 13:43:00,"$360,258.00"
5726,20735,5/14/2025 10:22:00,"$577,226.00"
5727,20736,5/14/2025 12:35:00,"$382,258.00"
5728,20738,5/21/2025 19:32:00,"$601,187.00"
5729,20740,5/13/2025 9:03:00,"$473,783.00"
5730,20743,5/20/2025 21:05:00,"$343,074.00"
5731,20745,5/14/2025 17:27:00,"$593,579.00"
5732,20752,5/13/2025 11:29:00,"$435,120.00"
5733,20754,5/20/2025 16:00:00,"$582,281.00"
5734,20763,5/14/2025 17:45:00,"$591,741.00"
5735,20770,5/12/2025 15:28:00,"$607,233.00"
5736,20778,5/19/2025 15:20:00,"$351,271.00"
5737,20783,5/14/2025 7:56:00,"$396,332.00"
5738,20784,5/17/2025 13:27:00,"$377,755.00"
5739,20786,5/18/2025 8:45:00,"$327,846.00"
5740,20790,5/14/2025 9:18:00,"$538,199.00"
5741,20794,5/13/2025 15:19:00,"$428,953.00"
5742,20796,5/23/2025 7:36:00,"$331,405.00"
5743,20798,5/22/2025 10:44:00,"$569,600.00"
5744,20799,5/17/2025 12:00:00,"$335,163.00"
5745,20800,5/14/2025 15:17:00,"$327,353.00"
5746,20802,5/14/2025 14:52:00,"$383,100.00"
5747,20805,5/19/2025 0:02:00,"$495,661.00"
5748,20807,5/14/2025 12:26:00,"$476,016.00"
5749,20808,5/20/2025 20:05:00,"$599,891.00"
5750,20812,5/20/2025 10:50:00,"$604,850.00"
5751,20815,5/20/2025 13:20:00,"$575,517.00"
5752,20817,5/19/2025 11:45:00,"$510,515.00"
5753,20821,5/22/2025 16:02:00,"$351,880.00"
5754,20822,5/20/2025 12:38:00,"$505,749.00"
5755,20825,5/20/2025 8:12:00,"$463,754.00"
5756,20826,5/20/2025 0:18:00,"$570,531.00"
5757,20830,5/21/2025 13:34:00,"$559,164.00"
5758,20831,5/18/2025 8:42:00,"$500,810.00"
5759,20834,5/15/2025 22:54:00,"$521,634.00"
5760,20836,5/21/2025 9:34:00,"$375,772.00"
5761,20839,5/15/2025 11:05:00,"$597,176.00"
5762,20844,5/18/2025 13:56:00,"$394,874.00"
5763,20845,5/23/2025 3:39:00,"$329,791.00"
5764,20849,5/14/2025 9:59:00,"$507,189.00"
5765,20850,5/14/2025 12:54:00,"$469,956.00"
5766,20852,5/17/2025 13:11:00,"$587,944.00"
5767,20854,5/12/2025 16:02:00,"$559,275.00"
5768,20855,5/24/2025 14:20:00,"$365,545.00"
5769,20857,5/20/2025 14:03:00,"$436,208.00"
5770,20863,5/17/2025 13:45:00,"$328,689.00"
5771,20864,5/18/2025 12:55:00,"$348,091.00"
5772,20865,5/13/2025 8:26:00,"$604,230.00"
5773,20869,5/18/2025 9:25:00,"$511,615.00"
5774,20870,5/14/2025 11:28:00,"$519,890.00"
5775,20880,5/18/2025 15:41:00,"$345,136.00"
5776,20883,5/15/2025 10:57:00,"$401,458.00"
5777,20887,5/15/2025 9:04:00,"$434,715.00"
5778,20888,5/11/2025 12:12:00,"$412,565.00"
5779,20896,5/14/2025 12:23:00,"$548,434.00"
5780,20897,5/15/2025 13:48:00,"$569,509.00"
5781,20901,5/14/2025 11:28:00,"$415,801.00"
5782,20905,5/15/2025 11:50:00,"$374,280.00"
5783,20906,5/15/2025 9:56:00,"$469,600.00"
5784,20909,5/11/2025 13:49:00,"$553,810.00"
5785,20918,5/13/2025 13:43:00,"$401,139.00"
5786,20926,5/13/2025 10:28:00,"$612,976.00"
5787,20932,5/14/2025 0:45:00,"$363,054.00"
5788,20935,5/11/2025 10:42:00,"$496,155.00"
5789,20939,5/22/2025 20:46:00,"$438,346.00"
5790,20942,5/17/2025 14:26:00,"$430,752.00"
5791,20944,5/18/2025 19:19:00,"$500,509.00"
5792,20959,5/11/2025 16:18:00,"$327,931.00"
5793,20964,5/24/2025 13:54:00,"$551,535.00"
5794,20966,5/15/2025 10:39:00,"$509,969.00"
5795,20974,5/19/2025 17:34:00,"$577,746.00"
5796,20978,5/21/2025 11:06:00,"$570,305.00"
5797,20979,5/17/2025 13:50:00,"$410,716.00"
5798,20984,5/24/2025 15:15:00,"$495,406.00"
5799,20985,5/17/2025 9:28:00,"$490,624.00"
5800,20988,5/13/2025 6:48:00,"$583,779.00"
5801,20989,5/17/2025 12:13:00,"$416,621.00"
5802,20993,5/20/2025 10:47:00,"$437,529.00"
5803,20996,5/17/2025 23:53:00,"$374,467.00"
5804,21001,5/19/2025 16:01:00,"$327,454.00"
5805,21005,5/28/2025 10:57:00,"$613,793.00"
5806,21007,5/17/2025 13:53:00,"$459,687.00"
5807,21008,5/14/2025 10:27:00,"$504,261.00"
5808,21009,5/15/2025 12:06:00,"$541,770.00"
5809,21012,5/18/2025 19:35:00,"$466,597.00"
5810,21021,5/17/2025 18:40:00,"$564,578.00"
5811,21024,5/21/2025 17:56:00,"$599,780.00"
5812,21031,5/15/2025 9:15:00,"$557,099.00"
5813,21034,5/19/2025 11:53:00,"$342,473.00"
5814,21036,5/25/2025 13:58:00,"$575,045.00"
5815,21039,5/18/2025 9:17:00,"$496,409.00"
5816,21040,5/19/2025 14:40:00,"$396,131.00"
5817,21048,5/14/2025 14:14:00,"$497,678.00"
5818,21050,5/22/2025 9:31:00,"$392,875.00"
5819,21053,5/17/2025 0:08:00,"$367,198.00"
5820,21057,5/14/2025 20:43:00,"$512,893.00"
5821,21066,5/13/2025 12:25:00,"$578,721.00"
5822,21068,5/15/2025 13:22:00,"$468,314.00"
5823,21072,5/15/2025 10:03:00,"$544,453.00"
5824,21073,5/17/2025 11:18:00,"$460,387.00"
5825,21078,5/19/2025 10:08:00,"$315,267.00"
5826,21081,5/12/2025 10:01:00,"$528,369.00"
5827,21082,5/21/2025 20:12:00,"$317,051.00"
5828,21083,5/18/2025 14:16:00,"$391,771.00"
5829,21087,5/17/2025 13:40:00,"$375,664.00"
5830,21090,5/17/2025 8:45:00,"$484,985.00"
5831,21091,5/16/2025 13:33:00,"$572,055.00"
5832,21092,5/18/2025 10:39:00,"$508,651.00"
5833,21096,5/22/2025 16:39:00,"$348,139.00"
5834,21097,5/13/2025 18:24:00,"$402,049.00"
5835,21101,5/18/2025 15:45:00,"$420,474.00"
5836,21103,5/24/2025 9:13:00,"$370,947.00"
5837,21105,5/17/2025 10:54:00,"$590,298.00"
5838,21108,5/24/2025 7:00:00,"$479,588.00"
5839,21138,5/15/2025 10:16:00,"$586,302.00"
5840,21143,5/19/2025 19:03:00,"$358,207.00"
5841,21146,5/26/2025 15:06:00,"$362,719.00"
5842,21148,5/13/2025 18:12:00,"$547,677.00"
5843,21151,5/20/2025 4:17:00,"$513,554.00"
5844,21153,5/19/2025 13:32:00,"$376,375.00"
5845,21155,5/15/2025 7:58:00,"$413,529.00"
5846,21157,5/21/2025 7:16:00,"$609,502.00"
5847,21158,5/14/2025 16:26:00,"$359,951.00"
5848,21159,5/19/2025 6:42:00,"$509,225.00"
5849,21163,5/14/2025 16:08:00,"$524,587.00"
5850,21179,5/15/2025 19:21:00,"$389,064.00"
5851,21180,5/14/2025 14:35:00,"$546,917.00"
5852,21181,5/24/2025 14:50:00,"$598,738.00"
5853,21182,5/15/2025 11:08:00,"$335,972.00"
5854,21187,5/15/2025 12:56:00,"$422,747.00"
5855,21196,5/15/2025 7:23:00,"$351,852.00"
5856,21198,5/21/2025 1:05:00,"$581,657.00"
5857,21201,5/20/2025 6:33:00,"$545,384.00"
5858,21217,5/17/2025 5:16:00,"$602,554.00"
5859,21218,5/17/2025 9:09:00,"$406,037.00"
5860,21219,5/19/2025 18:45:00,"$394,823.00"
5861,21225,5/21/2025 13:28:00,"$416,741.00"
5862,21229,5/22/2025 12:56:00,"$443,642.00"
5863,21231,5/14/2025 17:17:00,"$514,249.00"
5864,21236,5/22/2025 11:48:00,"$511,387.00"
5865,21242,5/21/2025 14:52:00,"$540,967.00"
5866,21243,5/21/2025 2:19:00,"$470,366.00"
5867,21253,5/24/2025 9:44:00,"$321,120.00"
5868,21254,5/21/2025 1:38:00,"$487,383.00"
5869,21255,5/18/2025 21:37:00,"$380,583.00"
5870,21274,5/17/2025 8:09:00,"$352,911.00"
5871,21281,5/22/2025 0:19:00,"$371,957.00"
5872,21287,5/21/2025 14:29:00,"$589,185.00"
5873,21294,5/14/2025 11:13:00,"$369,231.00"
5874,21297,5/19/2025 20:20:00,"$557,436.00"
5875,21300,5/14/2025 15:39:00,"$491,140.00"
5876,21301,5/25/2025 11:56:00,"$585,199.00"
5877,21307,5/20/2025 13:33:00,"$342,236.00"
5878,21309,5/22/2025 18:11:00,"$361,611.00"
5879,21313,5/20/2025 15:22:00,"$369,002.00"
5880,21325,5/18/2025 22:11:00,"$507,440.00"
5881,21327,5/18/2025 10:29:00,"$441,194.00"
5882,21328,5/13/2025 17:52:00,"$589,365.00"
5883,21329,5/18/2025 12:18:00,"$369,814.00"
5884,21331,5/14/2025 16:10:00,"$428,264.00"
5885,21333,5/20/2025 14:40:00,"$554,821.00"
5886,21339,5/17/2025 12:56:00,"$389,989.00"
5887,21342,5/18/2025 10:21:00,"$366,352.00"
5888,21345,5/21/2025 16:25:00,"$579,846.00"
5889,21347,5/21/2025 14:01:00,"$380,622.00"
5890,21351,5/21/2025 12:46:00,"$597,765.00"
5891,21353,5/19/2025 3:55:00,"$608,256.00"
5892,21354,5/22/2025 12:19:00,"$412,570.00"
5893,21357,5/26/2025 4:41:00,"$539,865.00"
5894,21359,5/28/2025 12:00:00,"$384,812.00"
5895,21361,5/18/2025 12:19:00,"$356,310.00"
5896,21366,5/14/2025 5:13:00,"$602,267.00"
5897,21369,5/20/2025 15:39:00,"$555,254.00"
5898,21372,5/24/2025 10:36:00,"$592,525.00"
5899,21374,5/14/2025 12:03:00,"$366,565.00"
5900,21377,5/22/2025 14:17:00,"$352,411.00"
5901,21382,5/19/2025 17:32:00,"$485,849.00"
5902,21384,5/19/2025 10:27:00,"$458,966.00"
5903,21388,5/15/2025 13:50:00,"$330,264.00"
5904,21395,5/19/2025 9:36:00,"$587,298.00"
5905,21397,5/22/2025 19:06:00,"$575,590.00"
5906,21405,5/19/2025 12:42:00,"$431,634.00"
5907,21418,5/27/2025 16:55:00,"$441,182.00"
5908,21419,5/17/2025 7:21:00,"$488,103.00"
5909,21421,5/25/2025 12:38:00,"$529,911.00"
5910,21427,5/22/2025 20:55:00,"$367,151.00"
5911,21430,5/24/2025 14:48:00,"$559,114.00"
5912,21432,5/20/2025 15:27:00,"$379,470.00"
5913,21436,5/17/2025 15:04:00,"$411,418.00"
5914,21439,5/25/2025 15:06:00,"$377,923.00"
5915,21442,5/18/2025 11:52:00,"$557,195.00"
5916,21446,5/20/2025 11:59:00,"$491,400.00"
5917,21455,5/22/2025 17:42:00,"$367,242.00"
5918,21458,5/16/2025 5:59:00,"$424,915.00"
5919,21464,5/20/2025 14:01:00,"$352,126.00"
5920,21467,5/17/2025 12:58:00,"$590,809.00"
5921,21471,5/23/2025 3:05:00,"$600,077.00"
5922,21473,5/19/2025 9:49:00,"$571,527.00"
5923,21477,5/17/2025 16:01:00,"$597,213.00"
5924,21480,5/22/2025 18:33:00,"$471,053.00"
5925,21483,5/18/2025 15:27:00,"$513,377.00"
5926,21484,5/28/2025 14:48:00,"$578,694.00"
5927,21493,5/26/2025 15:13:00,"$428,303.00"
5928,21495,5/17/2025 14:15:00,"$487,896.00"
5929,21496,5/19/2025 17:49:00,"$576,226.00"
5930,21508,5/20/2025 17:56:00,"$382,413.00"
5931,21513,5/18/2025 7:25:00,"$551,906.00"
5932,21518,5/20/2025 10:53:00,"$513,631.00"
5933,21522,5/26/2025 15:58:00,"$335,105.00"
5934,21527,5/20/2025 18:56:00,"$318,096.00"
5935,21532,5/24/2025 12:35:00,"$392,806.00"
5936,21536,5/18/2025 23:48:00,"$442,739.00"
5937,21537,5/22/2025 2:37:00,"$551,895.00"
5938,21540,5/17/2025 6:58:00,"$592,282.00"
5939,21542,5/23/2025 19:24:00,"$473,129.00"
5940,21545,5/21/2025 12:32:00,"$499,547.00"
5941,21546,5/17/2025 15:41:00,"$531,051.00"
5942,21550,5/22/2025 16:07:00,"$482,686.00"
5943,21552,5/19/2025 17:46:00,"$360,873.00"
5944,21554,5/22/2025 17:57:00,"$376,328.00"
5945,21560,5/22/2025 16:02:00,"$483,440.00"
5946,21561,5/22/2025 9:03:00,"$395,171.00"
5947,21564,5/19/2025 7:19:00,"$498,922.00"
5948,21566,5/24/2025 13:34:00,"$569,587.00"
5949,21573,5/20/2025 16:19:00,"$383,677.00"
5950,21574,5/26/2025 13:55:00,"$505,437.00"
5951,21575,5/18/2025 9:24:00,"$468,072.00"
5952,21578,5/15/2025 17:12:00,"$462,413.00"
5953,21579,5/20/2025 16:28:00,"$416,547.00"
5954,21580,5/19/2025 11:32:00,"$515,276.00"
5955,21582,5/18/2025 3:54:00,"$556,173.00"
5956,21586,5/26/2025 18:33:00,"$567,275.00"
5957,21589,5/21/2025 18:03:00,"$469,061.00"
5958,21592,5/20/2025 17:21:00,"$357,743.00"
5959,21593,5/17/2025 11:17:00,"$518,075.00"
5960,21596,5/24/2025 14:17:00,"$484,961.00"
5961,21600,5/19/2025 18:49:00,"$520,631.00"
5962,21601,5/29/2025 10:39:00,"$500,611.00"
5963,21611,5/27/2025 17:29:00,"$325,955.00"
5964,21621,5/21/2025 19:59:00,"$361,125.00"
5965,21623,5/22/2025 8:42:00,"$484,059.00"
5966,21626,5/29/2025 11:03:00,"$386,400.00"
5967,21627,5/17/2025 15:24:00,"$475,756.00"
5968,21630,5/24/2025 16:20:00,"$540,316.00"
5969,21633,5/29/2025 15:22:00,"$418,342.00"
5970,21634,5/21/2025 15:09:00,"$439,791.00"
5971,21638,5/17/2025 13:50:00,"$535,890.00"
5972,21639,5/27/2025 13:00:00,"$553,829.00"
5973,21640,5/21/2025 8:33:00,"$415,222.00"
5974,21650,5/25/2025 17:30:00,"$320,135.00"
5975,21653,5/21/2025 10:25:00,"$614,633.00"
5976,21654,5/19/2025 4:13:00,"$328,366.00"
5977,21663,5/20/2025 13:46:00,"$419,462.00"
5978,21664,5/25/2025 10:56:00,"$428,624.00"
5979,21668,5/24/2025 17:41:00,"$521,177.00"
5980,21671,5/17/2025 10:57:00,"$460,827.00"
5981,21672,5/24/2025 12:37:00,"$591,356.00"
5982,21675,5/25/2025 11:14:00,"$545,275.00"
5983,21678,5/16/2025 14:16:00,"$411,359.00"
5984,21679,5/15/2025 15:50:00,"$384,329.00"
5985,21684,5/26/2025 9:07:00,"$494,436.00"
5986,21692,5/17/2025 12:45:00,"$596,045.00"
5987,21693,5/19/2025 3:47:00,"$331,549.00"
5988,21699,5/25/2025 11:33:00,"$486,840.00"
5989,21702,5/19/2025 15:31:00,"$571,647.00"
5990,21704,5/17/2025 14:39:00,"$517,161.00"
5991,21709,5/21/2025 10:26:00,"$381,675.00"
5992,21713,5/20/2025 23:24:00,"$548,776.00"
5993,21714,5/19/2025 4:55:00,"$419,403.00"
5994,21717,5/18/2025 9:23:00,"$566,888.00"
5995,21721,5/22/2025 1:08:00,"$406,370.00"
5996,21722,5/21/2025 9:55:00,"$438,354.00"
5997,21726,5/21/2025 9:05:00,"$508,687.00"
5998,21732,5/28/2025 15:20:00,"$424,872.00"
5999,21736,5/24/2025 9:15:00,"$444,710.00"
6000,21747,5/27/2025 17:17:00,"$562,388.00"
6001,21750,5/20/2025 8:12:00,"$368,154.00"
6002,21753,5/20/2025 16:23:00,"$399,413.00"
6003,21756,5/21/2025 13:36:00,"$512,504.00"
6004,21757,5/25/2025 10:07:00,"$360,498.00"
6005,21758,5/20/2025 16:38:00,"$391,089.00"
6006,21760,5/17/2025 16:29:00,"$522,824.00"
6007,21761,5/20/2025 15:28:00,"$413,920.00"
6008,21762,5/21/2025 6:09:00,"$428,968.00"
6009,21764,5/20/2025 10:35:00,"$451,055.00"
6010,21768,5/20/2025 9:22:00,"$586,131.00"
6011,21775,5/24/2025 14:50:00,"$587,570.00"
6012,21786,5/19/2025 20:49:00,"$501,373.00"
6013,21791,5/18/2025 17:20:00,"$347,248.00"
6014,21792,5/19/2025 15:39:00,"$486,869.00"
6015,21793,5/22/2025 2:24:00,"$336,858.00"
6016,21795,5/25/2025 9:19:00,"$524,236.00"
6017,21797,5/20/2025 14:27:00,"$340,845.00"
6018,21798,5/28/2025 13:19:00,"$569,203.00"
6019,21799,5/28/2025 14:22:00,"$362,861.00"
6020,21800,5/21/2025 13:21:00,"$393,194.00"
6021,21808,5/26/2025 12:03:00,"$465,433.00"
6022,21809,5/17/2025 8:49:00,"$385,088.00"
6023,21810,5/20/2025 10:58:00,"$397,037.00"
6024,21816,5/20/2025 13:07:00,"$469,305.00"
6025,21818,5/25/2025 15:13:00,"$598,944.00"
6026,21823,5/24/2025 13:17:00,"$563,598.00"
6027,21825,5/28/2025 16:19:00,"$449,586.00"
6028,21826,5/22/2025 9:44:00,"$386,453.00"
6029,21828,5/27/2025 13:10:00,"$350,099.00"
6030,21831,6/1/2025 13:45:00,"$555,054.00"
6031,21834,5/21/2025 14:50:00,"$380,140.00"
6032,21836,5/21/2025 17:35:00,"$412,579.00"
6033,21837,5/20/2025 9:16:00,"$393,780.00"
6034,21839,5/18/2025 15:05:00,"$347,377.00"
6035,21840,5/24/2025 19:10:00,"$342,888.00"
6036,21841,5/18/2025 14:36:00,"$576,327.00"
6037,21844,5/21/2025 19:43:00,"$524,438.00"
6038,21845,5/25/2025 9:26:00,"$386,602.00"
6039,21847,5/22/2025 9:22:00,"$429,346.00"
6040,21858,5/17/2025 10:29:00,"$535,365.00"
6041,21863,5/24/2025 16:21:00,"$354,591.00"
6042,21865,5/21/2025 17:32:00,"$454,429.00"
6043,21867,5/20/2025 8:40:00,"$491,328.00"
6044,21875,5/26/2025 12:15:00,"$607,888.00"
6045,21877,5/21/2025 11:41:00,"$395,414.00"
6046,21878,5/17/2025 16:33:00,"$325,399.00"
6047,21879,5/27/2025 18:31:00,"$431,777.00"
6048,21881,5/22/2025 11:39:00,"$387,194.00"
6049,21887,5/18/2025 8:53:00,"$589,509.00"
6050,21888,5/21/2025 12:35:00,"$445,824.00"
6051,21890,5/25/2025 10:42:00,"$561,511.00"
6052,21893,5/21/2025 17:10:00,"$345,796.00"
6053,21896,5/20/2025 11:07:00,"$381,988.00"
6054,21902,5/20/2025 12:58:00,"$342,251.00"
6055,21905,5/24/2025 9:10:00,"$350,605.00"
6056,21921,5/26/2025 0:17:00,"$352,048.00"
6057,21925,5/24/2025 13:40:00,"$510,993.00"
6058,21926,6/2/2025 11:33:00,"$559,839.00"
6059,21930,5/24/2025 9:23:00,"$543,152.00"
6060,21932,5/22/2025 14:44:00,"$532,783.00"
6061,21933,5/25/2025 16:24:00,"$320,963.00"
6062,21936,5/26/2025 12:02:00,"$371,790.00"
6063,21939,5/24/2025 8:45:00,"$500,034.00"
6064,21943,5/20/2025 14:58:00,"$493,323.00"
6065,21944,5/25/2025 14:09:00,"$517,167.00"
6066,21950,5/31/2025 7:36:00,"$498,555.00"
6067,21955,5/24/2025 10:05:00,"$336,118.00"
6068,21960,5/26/2025 3:18:00,"$568,367.00"
6069,21965,5/29/2025 10:38:00,"$501,912.00"
6070,21967,5/18/2025 9:46:00,"$578,282.00"
6071,21970,5/22/2025 10:46:00,"$376,626.00"
6072,21971,5/24/2025 15:11:00,"$346,017.00"
6073,21978,5/22/2025 9:01:00,"$395,134.00"
6074,21979,5/21/2025 13:01:00,"$330,246.00"
6075,21980,5/19/2025 17:48:00,"$456,393.00"
6076,21983,6/2/2025 10:26:00,"$438,848.00"
6077,21985,5/19/2025 17:05:00,"$386,060.00"
6078,21986,5/24/2025 16:23:00,"$439,909.00"
6079,21989,5/24/2025 8:45:00,"$482,549.00"
6080,21992,5/22/2025 10:06:00,"$570,724.00"
6081,21995,5/25/2025 15:23:00,"$568,065.00"
6082,22001,5/20/2025 12:21:00,"$412,369.00"
6083,22003,5/21/2025 15:18:00,"$453,261.00"
6084,22006,5/20/2025 10:37:00,"$533,597.00"
6085,22007,5/25/2025 9:37:00,"$370,568.00"
6086,22008,5/19/2025 10:52:00,"$434,933.00"
6087,22010,5/22/2025 13:46:00,"$391,419.00"
6088,22015,5/27/2025 20:38:00,"$570,973.00"
6089,22017,5/21/2025 9:43:00,"$595,135.00"
6090,22020,5/22/2025 12:12:00,"$442,830.00"
6091,22022,5/18/2025 19:21:00,"$435,731.00"
6092,22023,5/21/2025 5:30:00,"$427,057.00"
6093,22025,6/1/2025 17:12:00,"$449,211.00"
6094,22027,5/22/2025 17:22:00,"$522,647.00"
6095,22028,5/22/2025 13:24:00,"$478,679.00"
6096,22031,6/1/2025 10:16:00,"$493,909.00"
6097,22039,5/25/2025 15:38:00,"$319,188.00"
6098,22047,5/26/2025 3:55:00,"$340,108.00"
6099,22048,5/23/2025 0:11:00,"$414,983.00"
6100,22051,5/22/2025 15:21:00,"$360,969.00"
6101,22057,5/18/2025 12:52:00,"$518,612.00"
6102,22060,5/20/2025 7:46:00,"$432,431.00"
6103,22064,5/28/2025 9:47:00,"$488,140.00"
6104,22067,5/26/2025 23:10:00,"$346,463.00"
6105,22071,5/22/2025 13:07:00,"$388,897.00"
6106,22072,5/20/2025 9:54:00,"$346,732.00"
6107,22073,5/28/2025 10:46:00,"$499,057.00"
6108,22076,5/28/2025 15:57:00,"$332,939.00"
6109,22080,5/22/2025 9:17:00,"$538,602.00"
6110,22081,5/20/2025 13:29:00,"$323,216.00"
6111,22085,5/24/2025 11:05:00,"$464,059.00"
6112,22088,5/24/2025 11:46:00,"$367,368.00"
6113,22093,5/20/2025 23:58:00,"$553,109.00"
6114,22100,5/21/2025 11:03:00,"$582,568.00"
6115,22102,5/20/2025 13:21:00,"$319,845.00"
6116,22105,5/29/2025 17:05:00,"$339,770.00"
6117,22106,5/22/2025 9:28:00,"$593,562.00"
6118,22108,5/26/2025 13:30:00,"$425,771.00"
6119,22111,5/18/2025 13:18:00,"$593,731.00"
6120,22117,5/27/2025 14:38:00,"$493,463.00"
6121,22121,5/24/2025 16:20:00,"$360,306.00"
6122,22129,5/19/2025 12:22:00,"$550,323.00"
6123,22135,5/29/2025 13:04:00,"$492,981.00"
6124,22139,5/26/2025 17:18:00,"$363,159.00"
6125,22140,5/20/2025 12:26:00,"$567,194.00"
6126,22145,5/24/2025 17:45:00,"$447,705.00"
6127,22146,5/20/2025 9:37:00,"$608,174.00"
6128,22148,5/22/2025 12:19:00,"$499,514.00"
6129,22150,5/28/2025 17:55:00,"$320,577.00"
6130,22155,5/19/2025 20:44:00,"$319,366.00"
6131,22160,5/25/2025 13:47:00,"$490,357.00"
6132,22161,5/18/2025 17:13:00,"$534,242.00"
6133,22167,5/29/2025 17:25:00,"$533,081.00"
6134,22172,5/18/2025 19:33:00,"$398,074.00"
6135,22176,6/1/2025 14:25:00,"$621,727.00"
6136,22178,5/19/2025 0:57:00,"$321,839.00"
6137,22182,5/27/2025 8:33:00,"$582,701.00"
6138,22183,5/21/2025 14:58:00,"$574,730.00"
6139,22186,5/25/2025 8:32:00,"$422,265.00"
6140,22187,5/26/2025 11:12:00,"$400,173.00"
6141,22191,5/22/2025 9:21:00,"$491,874.00"
6142,22194,6/1/2025 16:23:00,"$576,472.00"
6143,22198,5/22/2025 12:22:00,"$438,256.00"
6144,22199,5/25/2025 18:04:00,"$475,597.00"
6145,22202,5/28/2025 14:01:00,"$516,595.00"
6146,22205,5/20/2025 20:50:00,"$524,784.00"
6147,22213,5/20/2025 14:00:00,"$332,222.00"
6148,22215,5/26/2025 1:15:00,"$507,624.00"
6149,22216,5/23/2025 16:01:00,"$410,816.00"
6150,22223,6/3/2025 6:25:00,"$395,256.00"
6151,22231,5/22/2025 13:34:00,"$383,811.00"
6152,22239,5/26/2025 16:51:00,"$564,374.00"
6153,22241,5/24/2025 11:16:00,"$390,213.00"
6154,22244,5/27/2025 9:26:00,"$517,037.00"
6155,22245,5/21/2025 8:25:00,"$503,779.00"
6156,22247,5/29/2025 9:08:00,"$589,703.00"
6157,22250,5/25/2025 15:44:00,"$472,203.00"
6158,22256,5/25/2025 6:12:00,"$428,167.00"
6159,22260,5/26/2025 8:51:00,"$434,094.00"
6160,22261,5/31/2025 12:37:00,"$601,202.00"
6161,22267,5/21/2025 13:33:00,"$537,386.00"
6162,22268,5/22/2025 17:06:00,"$488,596.00"
6163,22269,5/22/2025 17:08:00,"$409,670.00"
6164,22280,5/19/2025 18:58:00,"$392,184.00"
6165,22283,5/27/2025 7:20:00,"$536,499.00"
6166,22293,5/20/2025 0:26:00,"$577,882.00"
6167,22296,5/24/2025 13:18:00,"$549,292.00"
6168,22297,5/20/2025 11:52:00,"$555,799.00"
6169,22298,5/19/2025 16:27:00,"$358,674.00"
6170,22307,5/24/2025 13:55:00,"$320,605.00"
6171,22308,5/28/2025 11:08:00,"$569,756.00"
6172,22309,5/27/2025 5:38:00,"$577,787.00"
6173,22311,5/22/2025 16:58:00,"$394,648.00"
6174,22315,5/27/2025 14:04:00,"$445,634.00"
6175,22316,5/26/2025 9:59:00,"$534,184.00"
6176,22318,5/24/2025 9:41:00,"$494,543.00"
6177,22319,5/27/2025 13:10:00,"$496,441.00"
6178,22320,5/25/2025 9:34:00,"$473,061.00"
6179,22328,5/24/2025 9:18:00,"$358,439.00"
6180,22331,5/31/2025 11:09:00,"$525,614.00"
6181,22332,5/25/2025 11:05:00,"$401,363.00"
6182,22333,5/24/2025 16:26:00,"$416,988.00"
6183,22345,5/22/2025 9:22:00,"$554,109.00"
6184,22349,5/27/2025 10:14:00,"$515,128.00"
6185,22351,5/24/2025 16:03:00,"$379,067.00"
6186,22354,5/28/2025 16:16:00,"$542,021.00"
6187,22356,5/29/2025 13:28:00,"$514,581.00"
6188,22359,5/29/2025 13:08:00,"$325,798.00"
6189,22361,5/28/2025 15:35:00,"$463,782.00"
6190,22362,5/24/2025 16:02:00,"$366,573.00"
6191,22365,5/28/2025 13:15:00,"$455,160.00"
6192,22367,5/29/2025 16:22:00,"$380,231.00"
6193,22374,5/29/2025 9:44:00,"$431,409.00"
6194,22378,5/25/2025 0:51:00,"$348,753.00"
6195,22379,5/24/2025 11:09:00,"$503,189.00"
6196,22382,5/21/2025 16:18:00,"$338,178.00"
6197,22385,5/28/2025 17:37:00,"$539,504.00"
6198,22386,5/22/2025 11:10:00,"$515,153.00"
6199,22387,5/23/2025 10:53:00,"$463,119.00"
6200,22391,5/24/2025 15:02:00,"$543,449.00"
6201,22405,5/29/2025 9:41:00,"$510,129.00"
6202,22411,5/31/2025 17:19:00,"$511,341.00"
6203,22415,5/25/2025 14:27:00,"$359,261.00"
6204,22417,5/31/2025 17:03:00,"$440,020.00"
6205,22428,5/25/2025 13:04:00,"$372,914.00"
6206,22430,5/25/2025 11:35:00,"$595,588.00"
6207,22432,5/24/2025 6:49:00,"$543,267.00"
6208,22436,5/26/2025 13:43:00,"$575,168.00"
6209,22439,5/24/2025 10:00:00,"$544,002.00"
6210,22440,5/21/2025 16:12:00,"$368,134.00"
6211,22441,5/26/2025 15:27:00,"$372,635.00"
6212,22446,5/31/2025 14:58:00,"$476,710.00"
6213,22450,6/3/2025 16:41:00,"$512,412.00"
6214,22460,5/27/2025 14:18:00,"$330,040.00"
6215,22461,5/26/2025 20:41:00,"$316,904.00"
6216,22469,5/27/2025 15:53:00,"$539,794.00"
6217,22473,5/25/2025 12:19:00,"$577,724.00"
6218,22490,5/25/2025 13:55:00,"$562,592.00"
6219,22493,5/21/2025 7:40:00,"$450,585.00"
6220,22497,5/31/2025 16:19:00,"$429,567.00"
6221,22499,5/21/2025 9:11:00,"$588,054.00"
6222,22505,5/23/2025 11:29:00,"$578,433.00"
6223,22507,5/22/2025 16:20:00,"$440,526.00"
6224,22509,5/27/2025 8:27:00,"$566,372.00"
6225,22511,5/26/2025 18:44:00,"$481,006.00"
6226,22514,5/22/2025 14:23:00,"$370,785.00"
6227,22519,5/27/2025 13:51:00,"$467,749.00"
6228,22525,5/29/2025 4:01:00,"$531,144.00"
6229,22527,5/28/2025 10:35:00,"$435,779.00"
6230,22530,5/22/2025 16:40:00,"$579,519.00"
6231,22536,6/1/2025 10:56:00,"$378,815.00"
6232,22538,5/22/2025 12:34:00,"$363,491.00"
6233,22549,5/27/2025 17:58:00,"$412,522.00"
6234,22550,5/23/2025 21:56:00,"$569,783.00"
6235,22551,5/25/2025 14:43:00,"$577,874.00"
6236,22558,5/25/2025 13:48:00,"$464,528.00"
6237,22560,5/22/2025 15:00:00,"$584,396.00"
6238,22561,5/25/2025 17:53:00,"$451,815.00"
6239,22566,5/26/2025 12:07:00,"$516,310.00"
6240,22567,5/27/2025 15:30:00,"$596,452.00"
6241,22570,5/24/2025 9:28:00,"$355,944.00"
6242,22573,5/29/2025 8:10:00,"$337,761.00"
6243,22574,5/22/2025 10:14:00,"$600,140.00"
6244,22575,6/1/2025 14:20:00,"$423,873.00"
6245,22577,5/28/2025 16:12:00,"$456,744.00"
6246,22579,5/25/2025 19:52:00,"$591,541.00"
6247,22581,5/29/2025 18:36:00,"$441,043.00"
6248,22590,5/28/2025 10:08:00,"$523,541.00"
6249,22593,5/24/2025 16:37:00,"$502,256.00"
6250,22599,5/31/2025 18:31:00,"$539,766.00"
6251,22600,5/21/2025 17:32:00,"$486,926.00"
6252,22613,5/24/2025 10:36:00,"$396,498.00"
6253,22614,6/2/2025 11:11:00,"$480,342.00"
6254,22615,6/1/2025 15:35:00,"$580,957.00"
6255,22616,5/24/2025 7:23:00,"$552,400.00"
6256,22620,5/24/2025 15:34:00,"$371,298.00"
6257,22623,5/25/2025 8:00:00,"$336,801.00"
6258,22625,5/26/2025 6:29:00,"$591,946.00"
6259,22626,5/23/2025 15:29:00,"$453,998.00"
6260,22627,5/29/2025 12:47:00,"$535,539.00"
6261,22636,5/29/2025 14:05:00,"$338,493.00"
6262,22650,5/29/2025 11:29:00,"$436,011.00"
6263,22653,5/22/2025 9:06:00,"$504,887.00"
6264,22656,5/31/2025 9:32:00,"$598,120.00"
6265,22658,5/27/2025 17:48:00,"$513,100.00"
6266,22664,5/25/2025 21:40:00,"$381,775.00"
6267,22668,6/1/2025 12:45:00,"$487,375.00"
6268,22672,5/26/2025 16:22:00,"$410,337.00"
6269,22676,6/1/2025 12:39:00,"$534,458.00"
6270,22677,5/26/2025 12:49:00,"$483,207.00"
6271,22679,5/29/2025 6:53:00,"$557,535.00"
6272,22680,5/28/2025 2:54:00,"$472,599.00"
6273,22681,6/1/2025 13:04:00,"$636,976.00"
6274,22682,6/3/2025 1:20:00,"$358,197.00"
6275,22683,5/24/2025 11:29:00,"$352,600.00"
6276,22684,6/2/2025 12:13:00,"$359,108.00"
6277,22687,5/28/2025 8:29:00,"$580,218.00"
6278,22690,5/25/2025 10:02:00,"$490,109.00"
6279,22696,5/31/2025 16:17:00,"$425,640.00"
6280,22697,6/1/2025 19:09:00,"$459,680.00"
6281,22698,5/27/2025 12:44:00,"$492,073.00"
6282,22702,5/24/2025 10:55:00,"$591,751.00"
6283,22704,5/27/2025 10:31:00,"$580,702.00"
6284,22705,5/26/2025 15:20:00,"$572,091.00"
6285,22715,5/28/2025 8:18:00,"$588,718.00"
6286,22721,6/7/2025 15:59:00,"$515,915.00"
6287,22724,6/4/2025 16:41:00,"$513,137.00"
6288,22730,5/26/2025 12:46:00,"$555,001.00"
6289,22731,5/28/2025 10:47:00,"$436,413.00"
6290,22735,6/3/2025 14:34:00,"$593,384.00"
6291,22737,5/27/2025 16:30:00,"$611,491.00"
6292,22738,5/29/2025 13:15:00,"$537,922.00"
6293,22740,6/2/2025 17:34:00,"$403,124.00"
6294,22744,5/29/2025 13:00:00,"$559,363.00"
6295,22746,5/28/2025 14:53:00,"$517,140.00"
6296,22747,5/29/2025 9:06:00,"$376,916.00"
6297,22756,5/27/2025 13:26:00,"$345,175.00"
6298,22761,5/25/2025 11:57:00,"$368,042.00"
6299,22763,5/25/2025 16:59:00,"$514,952.00"
6300,22765,5/31/2025 15:21:00,"$588,430.00"
6301,22766,5/28/2025 11:46:00,"$371,901.00"
6302,22768,5/28/2025 12:58:00,"$565,234.00"
6303,22769,5/25/2025 14:52:00,"$446,981.00"
6304,22776,5/24/2025 14:26:00,"$401,870.00"
6305,22781,5/24/2025 16:41:00,"$465,379.00"
6306,22794,6/4/2025 15:34:00,"$473,867.00"
6307,22795,5/26/2025 14:07:00,"$538,864.00"
6308,22797,5/31/2025 19:02:00,"$455,992.00"
6309,22798,6/2/2025 12:40:00,"$635,121.00"
6310,22804,5/31/2025 9:02:00,"$577,656.00"
6311,22808,5/29/2025 13:13:00,"$409,993.00"
6312,22812,5/28/2025 21:35:00,"$526,436.00"
6313,22814,6/2/2025 9:36:00,"$576,522.00"
6314,22817,5/29/2025 17:09:00,"$585,557.00"
6315,22824,5/24/2025 14:25:00,"$566,139.00"
6316,22828,5/27/2025 3:07:00,"$380,091.00"
6317,22830,5/24/2025 4:57:00,"$521,587.00"
6318,22831,5/26/2025 13:58:00,"$538,424.00"
6319,22832,5/24/2025 16:27:00,"$564,029.00"
6320,22833,5/25/2025 9:31:00,"$386,529.00"
6321,22835,6/5/2025 15:16:00,"$617,893.00"
6322,22842,5/26/2025 21:39:00,"$442,006.00"
6323,22845,5/26/2025 15:06:00,"$398,712.00"
6324,22848,5/27/2025 15:00:00,"$424,998.00"
6325,22849,5/24/2025 16:48:00,"$340,646.00"
6326,22852,5/29/2025 15:48:00,"$592,122.00"
6327,22866,5/24/2025 12:32:00,"$453,042.00"
6328,22867,5/24/2025 20:47:00,"$509,182.00"
6329,22869,5/28/2025 13:40:00,"$509,883.00"
6330,22871,6/4/2025 16:16:00,"$591,508.00"
6331,22880,5/26/2025 12:03:00,"$605,318.00"
6332,22881,5/28/2025 9:48:00,"$317,821.00"
6333,22886,6/7/2025 10:52:00,"$357,689.00"
6334,22888,6/3/2025 14:39:00,"$385,228.00"
6335,22897,6/7/2025 10:00:00,"$519,637.00"
6336,22900,5/24/2025 15:49:00,"$544,695.00"
6337,22901,5/28/2025 12:52:00,"$511,179.00"
6338,22905,5/25/2025 17:37:00,"$495,647.00"
6339,22906,5/27/2025 9:08:00,"$568,345.00"
6340,22907,6/5/2025 11:30:00,"$487,999.00"
6341,22910,6/2/2025 9:50:00,"$386,432.00"
6342,22917,5/28/2025 14:35:00,"$426,450.00"
6343,22919,5/29/2025 12:57:00,"$344,520.00"
6344,22926,6/2/2025 15:21:00,"$413,078.00"
6345,22930,6/3/2025 15:13:00,"$525,788.00"
6346,22931,5/31/2025 15:46:00,"$598,449.00"
6347,22935,5/31/2025 12:03:00,"$408,820.00"
6348,22941,6/3/2025 8:31:00,"$431,111.00"
6349,22942,5/31/2025 13:48:00,"$539,437.00"
6350,22946,5/24/2025 11:44:00,"$337,840.00"
6351,22947,5/26/2025 12:33:00,"$497,505.00"
6352,22950,5/27/2025 12:18:00,"$318,283.00"
6353,22957,5/31/2025 10:00:00,"$558,981.00"
6354,22960,5/27/2025 13:57:00,"$412,730.00"
6355,22963,5/24/2025 9:30:00,"$526,082.00"
6356,22966,5/26/2025 16:44:00,"$458,921.00"
6357,22972,6/5/2025 11:18:00,"$387,617.00"
6358,22976,5/31/2025 14:59:00,"$402,455.00"
6359,22977,5/31/2025 9:41:00,"$600,944.00"
6360,22978,5/29/2025 16:08:00,"$485,377.00"
6361,22985,6/5/2025 9:40:00,"$584,212.00"
6362,22986,5/31/2025 9:50:00,"$595,221.00"
6363,22989,5/29/2025 16:51:00,"$509,904.00"
6364,22990,6/2/2025 12:29:00,"$425,759.00"
6365,22991,5/25/2025 7:58:00,"$395,308.00"
6366,22992,5/26/2025 13:06:00,"$450,381.00"
6367,23003,6/2/2025 15:15:00,"$577,236.00"
6368,23012,5/26/2025 16:40:00,"$503,056.00"
6369,23027,5/26/2025 11:39:00,"$323,015.00"
6370,23028,5/26/2025 13:55:00,"$505,279.00"
6371,23038,5/29/2025 16:39:00,"$434,833.00"
6372,23039,5/27/2025 10:28:00,"$511,675.00"
6373,23041,5/25/2025 13:42:00,"$451,487.00"
6374,23052,5/31/2025 14:04:00,"$388,068.00"
6375,23054,5/31/2025 16:38:00,"$522,794.00"
6376,23057,6/2/2025 9:05:00,"$397,663.00"
6377,23062,5/31/2025 17:43:00,"$334,067.00"
6378,23066,6/1/2025 12:59:00,"$524,022.00"
6379,23067,6/2/2025 7:59:00,"$504,565.00"
6380,23069,5/28/2025 2:28:00,"$344,367.00"
6381,23070,6/1/2025 11:49:00,"$466,565.00"
6382,23071,5/24/2025 17:40:00,"$455,568.00"
6383,23073,5/28/2025 13:51:00,"$534,768.00"
6384,23075,5/25/2025 15:54:00,"$366,827.00"
6385,23079,5/28/2025 20:30:00,"$586,806.00"
6386,23080,5/28/2025 15:04:00,"$405,959.00"
6387,23084,5/28/2025 23:33:00,"$524,332.00"
6388,23085,5/28/2025 16:09:00,"$334,169.00"
6389,23086,6/5/2025 13:33:00,"$547,796.00"
6390,23088,6/4/2025 13:16:00,"$522,778.00"
6391,23096,6/5/2025 9:56:00,"$625,447.00"
6392,23100,5/28/2025 9:41:00,"$588,285.00"
6393,23101,6/8/2025 11:21:00,"$463,103.00"
6394,23108,6/4/2025 19:51:00,"$374,631.00"
6395,23110,6/4/2025 12:53:00,"$425,835.00"
6396,23111,6/2/2025 17:54:00,"$569,868.00"
6397,23113,5/24/2025 13:46:00,"$531,138.00"
6398,23118,6/5/2025 10:10:00,"$598,269.00"
6399,23120,5/27/2025 17:07:00,"$323,281.00"
6400,23123,5/31/2025 12:42:00,"$526,492.00"
6401,23124,5/27/2025 19:32:00,"$402,112.00"
6402,23125,6/5/2025 11:05:00,"$572,799.00"
6403,23133,5/28/2025 17:01:00,"$557,524.00"
6404,23138,6/2/2025 4:42:00,"$432,249.00"
6405,23140,5/31/2025 15:58:00,"$598,753.00"
6406,23147,6/2/2025 3:43:00,"$466,778.00"
6407,23151,5/31/2025 16:37:00,"$403,749.00"
6408,23156,6/2/2025 9:34:00,"$358,833.00"
6409,23157,5/26/2025 10:00:00,"$362,586.00"
6410,23158,6/3/2025 10:14:00,"$402,092.00"
6411,23161,6/1/2025 11:05:00,"$615,139.00"
6412,23162,5/26/2025 16:23:00,"$550,258.00"
6413,23167,5/29/2025 11:46:00,"$346,262.00"
6414,23168,6/1/2025 16:06:00,"$589,187.00"
6415,23169,5/29/2025 13:04:00,"$457,485.00"
6416,23171,5/25/2025 9:52:00,"$379,258.00"
6417,23172,5/29/2025 14:59:00,"$492,683.00"
6418,23174,5/26/2025 10:47:00,"$447,045.00"
6419,23176,5/31/2025 4:16:00,"$458,960.00"
6420,23182,5/26/2025 12:07:00,"$559,482.00"
6421,23194,5/26/2025 8:26:00,"$483,420.00"
6422,23198,6/1/2025 14:50:00,"$512,282.00"
6423,23206,5/26/2025 15:30:00,"$456,528.00"
6424,23208,5/27/2025 15:43:00,"$496,519.00"
6425,23212,5/27/2025 9:41:00,"$487,254.00"
6426,23216,5/27/2025 10:29:00,"$322,065.00"
6427,23228,5/28/2025 12:52:00,"$385,129.00"
6428,23231,6/3/2025 10:21:00,"$552,220.00"
6429,23233,5/28/2025 17:27:00,"$500,666.00"
6430,23237,5/29/2025 13:24:00,"$472,770.00"
6431,23242,5/29/2025 9:15:00,"$419,119.00"
6432,23245,6/1/2025 19:22:00,"$373,230.00"
6433,23246,6/1/2025 18:50:00,"$362,287.00"
6434,23248,6/3/2025 12:46:00,"$464,149.00"
6435,23255,5/25/2025 14:47:00,"$478,298.00"
6436,23257,5/27/2025 12:35:00,"$447,669.00"
6437,23259,6/8/2025 10:13:00,"$352,220.00"
6438,23262,6/4/2025 15:06:00,"$635,731.00"
6439,23265,6/3/2025 5:27:00,"$595,576.00"
6440,23267,5/29/2025 14:30:00,"$431,565.00"
6441,23270,5/31/2025 11:07:00,"$326,546.00"
6442,23282,5/26/2025 13:54:00,"$493,935.00"
6443,23286,6/8/2025 12:19:00,"$404,621.00"
6444,23294,5/27/2025 14:20:00,"$597,176.00"
6445,23297,6/2/2025 9:11:00,"$588,917.00"
6446,23309,6/4/2025 16:08:00,"$389,020.00"
6447,23311,5/31/2025 7:36:00,"$405,755.00"
6448,23313,5/29/2025 20:25:00,"$477,091.00"
6449,23316,5/26/2025 9:03:00,"$494,055.00"
6450,23318,6/7/2025 15:43:00,"$625,846.00"
6451,23326,5/26/2025 15:19:00,"$560,201.00"
6452,23327,5/26/2025 11:56:00,"$613,123.00"
6453,23331,6/4/2025 14:45:00,"$595,940.00"
6454,23336,6/4/2025 18:31:00,"$579,624.00"
6455,23343,5/26/2025 7:23:00,"$462,922.00"
6456,23349,5/28/2025 20:21:00,"$361,504.00"
6457,23354,5/31/2025 13:37:00,"$387,609.00"
6458,23366,6/4/2025 8:53:00,"$558,922.00"
6459,23368,6/5/2025 14:53:00,"$456,970.00"
6460,23369,6/5/2025 11:40:00,"$522,206.00"
6461,23382,5/29/2025 15:14:00,"$442,805.00"
6462,23383,5/28/2025 11:39:00,"$515,288.00"
6463,23385,6/6/2025 3:33:00,"$523,416.00"
6464,23387,5/26/2025 20:21:00,"$607,526.00"
6465,23389,6/2/2025 11:35:00,"$555,106.00"
6466,23392,6/3/2025 11:47:00,"$508,123.00"
6467,23394,6/1/2025 12:12:00,"$350,766.00"
6468,23396,5/30/2025 10:32:00,"$401,843.00"
6469,23401,6/2/2025 15:26:00,"$506,782.00"
6470,23404,5/30/2025 13:51:00,"$538,467.00"
6471,23405,5/27/2025 16:37:00,"$592,432.00"
6472,23406,6/1/2025 13:59:00,"$372,096.00"
6473,23410,5/29/2025 5:07:00,"$500,005.00"
6474,23416,6/1/2025 9:24:00,"$584,358.00"
6475,23417,5/31/2025 8:58:00,"$316,690.00"
6476,23419,5/29/2025 19:26:00,"$459,066.00"
6477,23420,5/29/2025 8:53:00,"$526,026.00"
6478,23422,6/7/2025 20:02:00,"$530,080.00"
6479,23426,6/3/2025 11:30:00,"$425,452.00"
6480,23428,6/5/2025 15:28:00,"$468,244.00"
6481,23435,5/31/2025 15:28:00,"$318,933.00"
6482,23436,6/4/2025 10:35:00,"$409,995.00"
6483,23437,6/12/2025 21:30:00,"$515,648.00"
6484,23447,6/1/2025 10:24:00,"$466,827.00"
6485,23448,6/8/2025 14:11:00,"$401,269.00"
6486,23449,6/1/2025 15:38:00,"$637,111.00"
6487,23456,6/2/2025 10:20:00,"$442,427.00"
6488,23463,6/7/2025 11:52:00,"$544,649.00"
6489,23466,6/3/2025 14:22:00,"$412,683.00"
6490,23476,6/2/2025 14:06:00,"$408,345.00"
6491,23477,6/10/2025 15:52:00,"$415,917.00"
6492,23478,6/2/2025 11:56:00,"$565,796.00"
6493,23479,5/31/2025 8:38:00,"$540,683.00"
6494,23480,6/5/2025 16:44:00,"$436,968.00"
6495,23481,6/1/2025 6:26:00,"$401,877.00"
6496,23482,6/4/2025 9:47:00,"$591,251.00"
6497,23483,6/12/2025 11:53:00,"$449,596.00"
6498,23487,6/7/2025 8:47:00,"$507,307.00"
6499,23490,6/5/2025 10:06:00,"$435,927.00"
6500,23491,5/31/2025 17:39:00,"$324,017.00"
6501,23502,6/2/2025 17:41:00,"$584,086.00"
6502,23504,5/31/2025 13:03:00,"$518,166.00"
6503,23505,6/1/2025 9:56:00,"$421,319.00"
6504,23507,5/28/2025 8:24:00,"$397,184.00"
6505,23512,6/5/2025 9:32:00,"$556,066.00"
6506,23520,5/27/2025 16:42:00,"$561,911.00"
6507,23521,6/1/2025 11:27:00,"$456,492.00"
6508,23528,5/29/2025 9:12:00,"$517,563.00"
6509,23531,6/5/2025 13:54:00,"$628,329.00"
6510,23534,6/2/2025 20:54:00,"$630,517.00"
6511,23535,6/2/2025 20:25:00,"$504,656.00"
6512,23540,5/29/2025 13:42:00,"$431,418.00"
6513,23541,5/28/2025 14:17:00,"$444,095.00"
6514,23544,6/7/2025 15:17:00,"$351,387.00"
6515,23546,6/3/2025 16:04:00,"$615,598.00"
6516,23549,5/31/2025 15:17:00,"$321,255.00"
6517,23550,5/27/2025 14:03:00,"$400,252.00"
6518,23551,6/7/2025 16:07:00,"$586,203.00"
6519,23556,6/4/2025 19:43:00,"$588,139.00"
6520,23561,5/31/2025 17:31:00,"$446,653.00"
6521,23563,6/1/2025 17:33:00,"$574,604.00"
6522,23564,6/2/2025 13:40:00,"$444,976.00"
6523,23567,6/5/2025 14:25:00,"$607,411.00"
6524,23570,5/29/2025 10:39:00,"$362,443.00"
6525,23571,5/31/2025 17:20:00,"$356,322.00"
6526,23578,5/28/2025 17:07:00,"$367,220.00"
6527,23579,6/3/2025 13:49:00,"$447,909.00"
6528,23588,6/3/2025 13:01:00,"$433,626.00"
6529,23592,5/31/2025 13:51:00,"$348,289.00"
6530,23602,6/5/2025 15:52:00,"$546,503.00"
6531,23603,6/9/2025 12:37:00,"$459,387.00"
6532,23608,6/7/2025 13:19:00,"$355,791.00"
6533,23612,5/29/2025 10:16:00,"$606,556.00"
6534,23616,6/7/2025 17:46:00,"$586,026.00"
6535,23617,6/2/2025 19:30:00,"$542,876.00"
6536,23624,6/5/2025 14:10:00,"$350,811.00"
6537,23629,5/28/2025 13:51:00,"$376,869.00"
6538,23632,6/2/2025 20:23:00,"$482,112.00"
6539,23636,6/5/2025 10:16:00,"$373,730.00"
6540,23637,6/2/2025 9:35:00,"$356,716.00"
6541,23640,6/5/2025 15:34:00,"$480,777.00"
6542,23642,5/29/2025 18:58:00,"$380,103.00"
6543,23643,6/1/2025 12:06:00,"$572,750.00"
6544,23656,5/30/2025 19:36:00,"$570,847.00"
6545,23657,6/2/2025 15:09:00,"$482,336.00"
6546,23660,5/29/2025 17:04:00,"$511,511.00"
6547,23661,5/31/2025 14:35:00,"$354,697.00"
6548,23665,6/10/2025 13:28:00,"$412,014.00"
6549,23667,6/2/2025 4:24:00,"$607,479.00"
6550,23669,5/31/2025 9:42:00,"$555,712.00"
6551,23670,5/31/2025 16:13:00,"$573,801.00"
6552,23679,5/31/2025 12:38:00,"$387,871.00"
6553,23689,6/3/2025 16:39:00,"$396,427.00"
6554,23691,6/3/2025 15:29:00,"$457,860.00"
6555,23693,5/31/2025 15:51:00,"$606,384.00"
6556,23696,6/9/2025 11:43:00,"$584,686.00"
6557,23701,6/3/2025 14:32:00,"$381,764.00"
6558,23705,5/31/2025 13:13:00,"$346,548.00"
6559,23712,5/31/2025 13:08:00,"$488,783.00"
6560,23715,6/1/2025 14:39:00,"$415,279.00"
6561,23717,6/5/2025 11:48:00,"$553,519.00"
6562,23718,6/9/2025 11:04:00,"$545,657.00"
6563,23720,6/10/2025 19:11:00,"$498,416.00"
6564,23723,5/31/2025 10:09:00,"$489,482.00"
6565,23724,6/3/2025 9:35:00,"$454,358.00"
6566,23732,6/1/2025 11:57:00,"$482,257.00"
6567,23740,6/2/2025 20:12:00,"$601,420.00"
6568,23741,6/3/2025 16:55:00,"$626,251.00"
6569,23744,6/4/2025 20:17:00,"$629,700.00"
6570,23757,6/4/2025 13:01:00,"$473,717.00"
6571,23762,6/3/2025 20:53:00,"$602,662.00"
6572,23765,6/10/2025 13:02:00,"$514,181.00"
6573,23766,6/1/2025 17:37:00,"$417,393.00"
6574,23772,6/4/2025 13:35:00,"$442,310.00"
6575,23773,6/1/2025 20:42:00,"$486,359.00"
6576,23776,6/7/2025 17:04:00,"$415,570.00"
6577,23778,6/3/2025 15:02:00,"$625,152.00"
6578,23781,6/1/2025 17:34:00,"$548,284.00"
6579,23791,6/4/2025 15:36:00,"$356,812.00"
6580,23792,6/3/2025 14:14:00,"$347,761.00"
6581,23797,6/9/2025 9:02:00,"$623,607.00"
6582,23798,6/3/2025 9:40:00,"$436,271.00"
6583,23799,6/5/2025 11:59:00,"$478,213.00"
6584,23801,6/5/2025 16:05:00,"$394,276.00"
6585,23802,5/31/2025 13:18:00,"$533,750.00"
6586,23803,5/29/2025 8:04:00,"$346,094.00"
6587,23804,6/3/2025 11:48:00,"$447,040.00"
6588,23806,6/9/2025 17:46:00,"$346,101.00"
6589,23810,6/2/2025 15:21:00,"$421,057.00"
6590,23811,5/31/2025 11:34:00,"$374,160.00"
6591,23814,6/7/2025 14:40:00,"$597,982.00"
6592,23815,6/9/2025 19:06:00,"$421,067.00"
6593,23816,5/31/2025 14:36:00,"$325,479.00"
6594,23820,6/2/2025 9:35:00,"$566,462.00"
6595,23825,6/2/2025 5:58:00,"$451,348.00"
6596,23828,6/1/2025 13:31:00,"$429,589.00"
6597,23831,6/3/2025 13:26:00,"$453,557.00"
6598,23836,6/1/2025 16:41:00,"$451,491.00"
6599,23845,6/7/2025 13:33:00,"$497,233.00"
6600,23854,6/1/2025 1:42:00,"$383,403.00"
6601,23855,6/11/2025 11:12:00,"$556,707.00"
6602,23862,5/31/2025 14:02:00,"$533,640.00"
6603,23863,6/9/2025 17:00:00,"$420,496.00"
6604,23864,6/2/2025 16:07:00,"$402,419.00"
6605,23868,6/8/2025 14:09:00,"$450,729.00"
6606,23874,6/3/2025 0:35:00,"$343,201.00"
6607,23876,5/29/2025 11:23:00,"$490,186.00"
6608,23877,6/2/2025 16:13:00,"$546,864.00"
6609,23886,6/3/2025 7:28:00,"$530,296.00"
6610,23887,5/31/2025 17:24:00,"$440,361.00"
6611,23891,6/1/2025 14:41:00,"$461,136.00"
6612,23893,6/2/2025 14:17:00,"$430,594.00"
6613,23895,5/31/2025 15:57:00,"$395,662.00"
6614,23898,6/3/2025 13:31:00,"$481,213.00"
6615,23899,6/8/2025 13:13:00,"$482,045.00"
6616,23903,6/5/2025 20:25:00,"$514,574.00"
6617,23906,6/3/2025 20:28:00,"$378,180.00"
6618,23909,6/2/2025 16:23:00,"$618,242.00"
6619,23910,6/5/2025 10:49:00,"$367,130.00"
6620,23911,6/2/2025 12:18:00,"$557,968.00"
6621,23916,6/3/2025 10:31:00,"$623,131.00"
6622,23920,5/29/2025 17:44:00,"$518,295.00"
6623,23928,6/9/2025 10:41:00,"$397,875.00"
6624,23932,6/3/2025 16:32:00,"$379,895.00"
6625,23948,6/1/2025 20:02:00,"$452,510.00"
6626,23956,5/31/2025 13:26:00,"$374,585.00"
6627,23957,6/3/2025 15:30:00,"$571,836.00"
6628,23962,6/4/2025 10:18:00,"$362,603.00"
6629,23966,6/6/2025 8:00:00,"$492,176.00"
6630,23967,6/9/2025 11:30:00,"$608,899.00"
6631,23971,6/2/2025 19:23:00,"$601,269.00"
6632,23974,6/2/2025 9:47:00,"$604,263.00"
6633,23977,6/7/2025 9:41:00,"$401,446.00"
6634,23978,5/30/2025 22:41:00,"$347,265.00"
6635,23984,6/5/2025 9:28:00,"$355,663.00"
6636,23987,6/1/2025 10:54:00,"$372,283.00"
6637,23990,6/5/2025 11:40:00,"$393,470.00"
6638,23993,6/4/2025 10:31:00,"$587,644.00"
6639,23994,6/4/2025 15:20:00,"$503,908.00"
6640,23996,6/2/2025 12:38:00,"$484,727.00"
6641,23999,6/1/2025 12:17:00,"$450,762.00"
6642,24002,6/2/2025 10:19:00,"$364,579.00"
6643,24005,6/8/2025 15:26:00,"$570,409.00"
6644,24009,6/7/2025 11:33:00,"$589,503.00"
6645,24013,6/9/2025 15:57:00,"$617,775.00"
6646,24023,5/31/2025 15:08:00,"$582,920.00"
6647,24027,6/7/2025 15:56:00,"$355,494.00"
6648,24033,6/8/2025 1:13:00,"$493,544.00"
6649,24034,6/5/2025 15:31:00,"$589,187.00"
6650,24035,6/3/2025 16:44:00,"$601,048.00"
6651,24044,6/9/2025 13:44:00,"$359,455.00"
6652,24046,6/8/2025 9:33:00,"$437,966.00"
6653,24047,6/2/2025 11:49:00,"$519,396.00"
6654,24051,6/2/2025 10:30:00,"$379,645.00"
6655,24052,6/5/2025 16:07:00,"$385,440.00"
6656,24054,6/7/2025 13:19:00,"$409,202.00"
6657,24062,6/9/2025 17:06:00,"$511,039.00"
6658,24065,6/4/2025 9:15:00,"$487,223.00"
6659,24068,6/3/2025 9:57:00,"$616,413.00"
6660,24069,6/8/2025 19:33:00,"$614,185.00"
6661,24073,6/8/2025 14:46:00,"$475,229.00"
6662,24076,6/4/2025 14:38:00,"$548,357.00"
6663,24079,6/3/2025 8:46:00,"$347,217.00"
6664,24084,6/10/2025 16:05:00,"$500,942.00"
6665,24085,6/2/2025 14:36:00,"$571,056.00"
6666,24087,6/4/2025 13:46:00,"$477,716.00"
6667,24090,6/5/2025 17:59:00,"$583,388.00"
6668,24097,6/5/2025 1:50:00,"$516,133.00"
6669,24104,6/9/2025 15:38:00,"$482,306.00"
6670,24106,6/6/2025 8:06:00,"$562,879.00"
6671,24110,6/3/2025 13:26:00,"$559,943.00"
6672,24113,6/2/2025 13:31:00,"$379,152.00"
6673,24124,6/3/2025 8:36:00,"$595,005.00"
6674,24125,6/3/2025 14:04:00,"$547,388.00"
6675,24126,6/3/2025 11:16:00,"$541,682.00"
6676,24128,6/4/2025 13:24:00,"$489,958.00"
6677,24131,6/3/2025 14:15:00,"$563,126.00"
6678,24134,6/7/2025 15:53:00,"$463,340.00"
6679,24138,6/7/2025 15:28:00,"$431,803.00"
6680,24140,6/12/2025 16:16:00,"$466,151.00"
6681,24144,6/10/2025 11:46:00,"$381,442.00"
6682,24147,6/1/2025 11:18:00,"$380,425.00"
6683,24152,6/8/2025 14:30:00,"$396,764.00"
6684,24153,5/31/2025 15:55:00,"$525,965.00"
6685,24164,5/31/2025 7:35:00,"$600,338.00"
6686,24167,6/7/2025 11:54:00,"$571,412.00"
6687,24171,6/2/2025 19:11:00,"$396,574.00"
6688,24173,6/4/2025 8:01:00,"$498,651.00"
6689,24180,6/5/2025 0:06:00,"$619,098.00"
6690,24181,6/7/2025 20:33:00,"$564,793.00"
6691,24187,6/12/2025 14:58:00,"$439,935.00"
6692,24188,6/8/2025 17:20:00,"$606,627.00"
6693,24191,6/3/2025 11:59:00,"$587,836.00"
6694,24195,6/1/2025 11:10:00,"$499,278.00"
6695,24196,6/4/2025 10:39:00,"$352,471.00"
6696,24198,6/10/2025 10:55:00,"$446,064.00"
6697,24200,6/13/2025 3:47:00,"$493,241.00"
6698,24202,6/12/2025 4:24:00,"$411,313.00"
6699,24203,6/5/2025 9:20:00,"$513,271.00"
6700,24204,6/15/2025 7:40:00,"$598,368.00"
6701,24206,6/2/2025 11:36:00,"$415,943.00"
6702,24207,6/11/2025 12:15:00,"$482,477.00"
6703,24208,6/11/2025 14:39:00,"$599,272.00"
6704,24209,6/5/2025 15:34:00,"$445,964.00"
6705,24217,6/1/2025 17:31:00,"$522,985.00"
6706,24220,6/1/2025 19:04:00,"$466,939.00"
6707,24221,6/3/2025 11:03:00,"$347,745.00"
6708,24222,6/16/2025 17:13:00,"$587,880.00"
6709,24223,6/9/2025 11:44:00,"$457,841.00"
6710,24224,6/5/2025 8:50:00,"$437,282.00"
6711,24226,6/5/2025 13:59:00,"$626,279.00"
6712,24227,6/10/2025 5:00:00,"$576,768.00"
6713,24229,6/9/2025 15:38:00,"$478,549.00"
6714,24233,6/12/2025 17:43:00,"$600,153.00"
6715,24235,6/4/2025 8:14:00,"$631,344.00"
6716,24236,6/2/2025 8:17:00,"$404,489.00"
6717,24238,6/5/2025 20:55:00,"$632,783.00"
6718,24240,6/11/2025 15:01:00,"$358,540.00"
6719,24243,6/3/2025 10:20:00,"$587,884.00"
6720,24250,6/9/2025 11:52:00,"$381,136.00"
6721,24253,6/12/2025 9:38:00,"$385,144.00"
6722,24255,6/8/2025 8:23:00,"$588,184.00"
6723,24257,6/2/2025 10:02:00,"$451,392.00"
6724,24264,6/10/2025 17:21:00,"$542,011.00"
6725,24265,6/15/2025 16:34:00,"$612,586.00"
6726,24267,6/5/2025 15:09:00,"$514,268.00"
6727,24269,6/4/2025 13:14:00,"$529,184.00"
6728,24271,6/3/2025 21:10:00,"$552,747.00"
6729,24272,6/16/2025 16:07:00,"$527,640.00"
6730,24280,6/1/2025 17:10:00,"$575,627.00"
6731,24284,6/3/2025 20:06:00,"$439,666.00"
6732,24285,6/11/2025 15:32:00,"$388,087.00"
6733,24288,6/8/2025 11:03:00,"$486,062.00"
6734,24289,6/8/2025 15:29:00,"$603,722.00"
6735,24291,6/15/2025 14:58:00,"$485,926.00"
6736,24292,6/6/2025 5:05:00,"$349,407.00"
6737,24295,6/5/2025 12:13:00,"$528,888.00"
6738,24298,6/12/2025 8:36:00,"$478,069.00"
6739,24299,6/5/2025 20:03:00,"$562,384.00"
6740,24302,6/9/2025 11:57:00,"$502,597.00"
6741,24306,6/11/2025 13:33:00,"$462,149.00"
6742,24310,6/11/2025 10:27:00,"$595,056.00"
6743,24312,6/15/2025 12:39:00,"$610,667.00"
6744,24314,6/5/2025 18:49:00,"$527,297.00"
6745,24317,6/10/2025 16:24:00,"$566,020.00"
6746,24319,6/3/2025 16:28:00,"$492,969.00"
6747,24320,6/5/2025 14:48:00,"$429,237.00"
6748,24321,6/3/2025 15:44:00,"$387,308.00"
6749,24322,6/5/2025 15:43:00,"$507,657.00"
6750,24331,6/9/2025 14:26:00,"$386,554.00"
6751,24333,6/4/2025 14:59:00,"$597,413.00"
6752,24334,6/10/2025 15:57:00,"$527,127.00"
6753,24337,6/12/2025 9:28:00,"$513,056.00"
6754,24341,6/5/2025 19:52:00,"$625,450.00"
6755,24346,6/5/2025 18:47:00,"$573,557.00"
6756,24352,6/9/2025 17:04:00,"$525,382.00"
6757,24357,6/4/2025 12:57:00,"$536,209.00"
6758,24362,6/5/2025 8:25:00,"$389,797.00"
6759,24364,6/5/2025 17:44:00,"$574,469.00"
6760,24366,6/4/2025 19:23:00,"$452,427.00"
6761,24373,6/9/2025 3:26:00,"$508,071.00"
6762,24374,6/6/2025 9:47:00,"$528,174.00"
6763,24377,6/3/2025 8:39:00,"$627,684.00"
6764,24378,6/1/2025 12:39:00,"$578,125.00"
6765,24383,6/9/2025 18:52:00,"$535,130.00"
6766,24384,6/9/2025 15:20:00,"$524,121.00"
6767,24391,6/3/2025 16:09:00,"$341,702.00"
6768,24393,6/2/2025 22:41:00,"$507,453.00"
6769,24400,6/9/2025 17:45:00,"$540,146.00"
6770,24401,6/14/2025 15:23:00,"$571,351.00"
6771,24402,6/5/2025 15:46:00,"$429,996.00"
6772,24412,6/1/2025 16:45:00,"$369,481.00"
6773,24414,6/7/2025 16:54:00,"$368,953.00"
6774,24415,6/14/2025 9:53:00,"$585,835.00"
6775,24417,6/9/2025 10:34:00,"$596,494.00"
6776,24422,6/8/2025 19:36:00,"$426,519.00"
6777,24430,6/5/2025 18:32:00,"$387,374.00"
6778,24433,6/5/2025 16:30:00,"$624,453.00"
6779,24438,6/11/2025 16:42:00,"$349,626.00"
6780,24444,6/7/2025 9:30:00,"$406,917.00"
6781,24446,6/5/2025 14:58:00,"$438,846.00"
6782,24455,6/10/2025 13:23:00,"$466,092.00"
6783,24456,6/7/2025 13:49:00,"$394,364.00"
6784,24457,6/2/2025 18:06:00,"$541,683.00"
6785,24462,6/8/2025 9:02:00,"$383,914.00"
6786,24463,6/10/2025 0:22:00,"$548,021.00"
6787,24466,6/7/2025 7:24:00,"$456,186.00"
6788,24470,6/12/2025 15:47:00,"$464,595.00"
6789,24476,6/3/2025 18:16:00,"$602,095.00"
6790,24481,6/8/2025 13:10:00,"$634,030.00"
6791,24483,6/9/2025 3:37:00,"$424,142.00"
6792,24484,6/7/2025 11:28:00,"$344,495.00"
6793,24485,6/11/2025 12:09:00,"$402,020.00"
6794,24487,6/9/2025 13:51:00,"$576,010.00"
6795,24490,6/9/2025 10:26:00,"$348,810.00"
6796,24492,6/11/2025 7:48:00,"$436,897.00"
6797,24493,6/7/2025 9:31:00,"$586,556.00"
6798,24495,6/10/2025 12:31:00,"$453,542.00"
6799,24499,6/12/2025 15:01:00,"$564,712.00"
6800,24507,6/9/2025 18:56:00,"$595,468.00"
6801,24510,6/14/2025 13:35:00,"$630,503.00"
6802,24517,6/8/2025 11:32:00,"$386,448.00"
6803,24527,6/8/2025 4:14:00,"$560,787.00"
6804,24528,6/7/2025 20:48:00,"$590,544.00"
6805,24539,6/15/2025 15:28:00,"$536,130.00"
6806,24540,6/10/2025 13:59:00,"$587,637.00"
6807,24541,6/10/2025 7:50:00,"$564,921.00"
6808,24542,6/10/2025 4:57:00,"$567,335.00"
6809,24543,6/8/2025 5:16:00,"$613,465.00"
6810,24544,6/5/2025 23:53:00,"$436,328.00"
6811,24546,6/7/2025 10:08:00,"$611,282.00"
6812,24547,6/3/2025 14:17:00,"$442,720.00"
6813,24561,6/5/2025 0:39:00,"$428,637.00"
6814,24564,6/3/2025 12:08:00,"$356,287.00"
6815,24571,6/8/2025 13:35:00,"$542,762.00"
6816,24572,6/9/2025 12:17:00,"$379,909.00"
6817,24577,6/4/2025 2:59:00,"$534,264.00"
6818,24578,6/13/2025 16:19:00,"$443,519.00"
6819,24579,6/9/2025 13:18:00,"$480,426.00"
6820,24580,6/3/2025 16:05:00,"$633,820.00"
6821,24581,6/10/2025 9:20:00,"$550,243.00"
6822,24583,6/5/2025 15:33:00,"$627,319.00"
6823,24585,6/9/2025 5:16:00,"$595,544.00"
6824,24586,6/14/2025 16:20:00,"$453,100.00"
6825,24589,6/5/2025 17:38:00,"$546,639.00"
6826,24592,6/13/2025 9:26:00,"$470,702.00"
6827,24595,6/10/2025 15:48:00,"$384,596.00"
6828,24597,6/8/2025 10:51:00,"$479,492.00"
6829,24599,6/6/2025 18:43:00,"$434,733.00"
6830,24610,6/15/2025 14:46:00,"$515,368.00"
6831,24614,6/2/2025 17:42:00,"$387,658.00"
6832,24618,6/10/2025 5:37:00,"$392,285.00"
6833,24623,6/11/2025 14:14:00,"$626,945.00"
6834,24627,6/14/2025 15:13:00,"$560,704.00"
6835,24635,6/17/2025 9:20:00,"$563,913.00"
6836,24637,6/5/2025 12:21:00,"$483,307.00"
6837,24643,6/7/2025 9:38:00,"$458,878.00"
6838,24649,6/12/2025 12:20:00,"$580,167.00"
6839,24652,6/14/2025 11:53:00,"$495,984.00"
6840,24653,6/7/2025 12:07:00,"$591,167.00"
6841,24660,6/7/2025 9:43:00,"$578,634.00"
6842,24662,6/7/2025 14:54:00,"$363,344.00"
6843,24665,6/16/2025 10:24:00,"$558,932.00"
6844,24667,6/8/2025 18:52:00,"$382,808.00"
6845,24672,6/8/2025 18:29:00,"$543,226.00"
6846,24673,6/11/2025 7:23:00,"$604,403.00"
6847,24675,6/10/2025 13:00:00,"$634,183.00"
6848,24678,6/14/2025 9:50:00,"$617,521.00"
6849,24680,6/8/2025 14:16:00,"$594,076.00"
6850,24685,6/3/2025 11:37:00,"$435,460.00"
6851,24693,6/4/2025 11:35:00,"$427,159.00"
6852,24696,6/12/2025 16:16:00,"$377,684.00"
6853,24697,6/10/2025 15:49:00,"$538,982.00"
6854,24701,6/6/2025 5:05:00,"$418,244.00"
6855,24706,6/7/2025 19:31:00,"$451,340.00"
6856,24708,6/11/2025 9:12:00,"$403,344.00"
6857,24711,6/5/2025 15:19:00,"$577,029.00"
6858,24721,6/12/2025 7:20:00,"$405,035.00"
6859,24722,6/10/2025 2:20:00,"$390,074.00"
6860,24723,6/8/2025 15:52:00,"$394,868.00"
6861,24730,6/7/2025 11:27:00,"$373,357.00"
6862,24750,6/4/2025 13:23:00,"$619,150.00"
6863,24751,6/12/2025 12:11:00,"$586,560.00"
6864,24752,6/3/2025 17:41:00,"$608,348.00"
6865,24753,6/17/2025 16:06:00,"$394,751.00"
6866,24755,6/8/2025 15:59:00,"$424,697.00"
6867,24764,6/14/2025 16:11:00,"$513,417.00"
6868,24767,6/12/2025 19:04:00,"$566,047.00"
6869,24769,6/14/2025 17:21:00,"$569,176.00"
6870,24771,6/6/2025 21:02:00,"$435,469.00"
6871,24779,6/4/2025 15:25:00,"$506,610.00"
6872,24794,6/16/2025 7:33:00,"$398,731.00"
6873,24795,6/10/2025 9:12:00,"$366,920.00"
6874,24801,6/10/2025 12:26:00,"$489,169.00"
6875,24804,6/5/2025 8:00:00,"$549,470.00"
6876,24805,6/8/2025 17:06:00,"$573,967.00"
6877,24810,6/17/2025 12:41:00,"$465,176.00"
6878,24813,6/10/2025 12:13:00,"$611,990.00"
6879,24815,6/9/2025 15:12:00,"$344,696.00"
6880,24821,6/10/2025 10:07:00,"$503,796.00"
6881,24827,6/11/2025 11:55:00,"$413,382.00"
6882,24828,6/7/2025 11:57:00,"$556,695.00"
6883,24829,6/4/2025 20:33:00,"$391,756.00"
6884,24830,6/12/2025 9:00:00,"$443,507.00"
6885,24831,6/16/2025 9:34:00,"$621,108.00"
6886,24832,6/12/2025 16:17:00,"$438,601.00"
6887,24834,6/11/2025 15:47:00,"$426,564.00"
6888,24846,6/8/2025 16:15:00,"$633,295.00"
6889,24848,6/8/2025 12:19:00,"$599,619.00"
6890,24849,6/7/2025 22:51:00,"$529,982.00"
6891,24850,6/8/2025 10:03:00,"$481,271.00"
6892,24851,6/9/2025 8:52:00,"$436,931.00"
6893,24854,6/10/2025 17:49:00,"$389,855.00"
6894,24855,6/11/2025 10:23:00,"$399,887.00"
6895,24861,6/16/2025 20:10:00,"$529,882.00"
6896,24863,6/7/2025 16:34:00,"$447,747.00"
6897,24867,6/7/2025 10:09:00,"$462,921.00"
6898,24870,6/6/2025 23:20:00,"$625,643.00"
6899,24872,6/10/2025 12:49:00,"$482,448.00"
6900,24873,6/8/2025 16:54:00,"$582,921.00"
6901,24876,6/10/2025 11:54:00,"$479,573.00"
6902,24880,6/4/2025 15:58:00,"$406,390.00"
6903,24886,6/9/2025 8:33:00,"$444,638.00"
6904,24888,6/16/2025 8:02:00,"$538,109.00"
6905,24894,6/8/2025 14:44:00,"$404,928.00"
6906,24900,6/9/2025 10:00:00,"$597,133.00"
6907,24903,6/12/2025 10:07:00,"$518,017.00"
6908,24907,6/6/2025 0:00:00,"$555,565.00"
6909,24909,6/10/2025 12:28:00,"$437,899.00"
6910,24913,6/10/2025 16:30:00,"$617,472.00"
6911,24915,6/11/2025 9:25:00,"$384,497.00"
6912,24920,6/16/2025 8:37:00,"$346,899.00"
6913,24927,6/9/2025 13:00:00,"$422,361.00"
6914,24930,6/9/2025 19:15:00,"$579,195.00"
6915,24932,6/15/2025 22:49:00,"$556,304.00"
6916,24933,6/8/2025 13:20:00,"$488,119.00"
6917,24946,6/8/2025 15:38:00,"$635,744.00"
6918,24948,6/5/2025 9:10:00,"$338,254.00"
6919,24950,6/9/2025 20:10:00,"$606,358.00"
6920,24952,6/7/2025 18:36:00,"$486,302.00"
6921,24954,6/7/2025 13:32:00,"$426,010.00"
6922,24955,6/16/2025 15:01:00,"$442,008.00"
6923,24958,6/5/2025 12:52:00,"$431,102.00"
6924,24959,6/12/2025 7:12:00,"$490,664.00"
6925,24962,6/5/2025 20:37:00,"$391,660.00"
6926,24967,6/8/2025 10:02:00,"$571,495.00"
6927,24969,6/9/2025 13:40:00,"$423,033.00"
6928,24974,6/5/2025 10:53:00,"$367,204.00"
6929,24979,6/6/2025 14:30:00,"$473,476.00"
6930,24981,6/14/2025 11:54:00,"$551,650.00"
6931,24983,6/8/2025 9:23:00,"$413,833.00"
6932,24985,6/11/2025 9:08:00,"$528,746.00"
6933,24986,6/7/2025 17:38:00,"$634,524.00"
6934,24989,6/7/2025 12:28:00,"$637,724.00"
6935,24991,6/9/2025 16:50:00,"$514,315.00"
6936,24992,6/17/2025 9:43:00,"$491,412.00"
6937,25000,6/10/2025 21:15:00,"$555,713.00"
6938,25002,6/8/2025 9:30:00,"$524,820.00"
6939,25005,6/11/2025 2:13:00,"$507,863.00"
6940,25010,6/14/2025 12:24:00,"$427,601.00"
6941,25016,6/11/2025 10:05:00,"$543,555.00"
6942,25019,6/13/2025 3:07:00,"$452,815.00"
6943,25022,6/8/2025 10:34:00,"$563,483.00"
6944,25023,6/12/2025 13:09:00,"$520,207.00"
6945,25025,6/7/2025 13:54:00,"$625,918.00"
6946,25026,6/7/2025 17:43:00,"$570,830.00"
6947,25027,6/9/2025 17:39:00,"$448,185.00"
6948,25029,6/9/2025 17:46:00,"$518,252.00"
6949,25030,6/17/2025 12:04:00,"$585,967.00"
6950,25032,6/11/2025 15:14:00,"$416,487.00"
6951,25033,6/8/2025 8:27:00,"$606,193.00"
6952,25037,6/11/2025 11:50:00,"$392,830.00"
6953,25040,6/5/2025 17:05:00,"$557,691.00"
6954,25053,6/11/2025 15:18:00,"$370,701.00"
6955,25058,6/16/2025 12:53:00,"$549,850.00"
6956,25060,6/5/2025 17:00:00,"$599,730.00"
6957,25070,6/15/2025 11:47:00,"$486,187.00"
6958,25072,6/12/2025 12:34:00,"$347,993.00"
6959,25076,6/8/2025 20:34:00,"$464,687.00"
6960,25079,6/7/2025 9:39:00,"$557,683.00"
6961,25080,6/11/2025 4:57:00,"$451,726.00"
6962,25088,6/18/2025 9:45:00,"$352,374.00"
6963,25092,6/11/2025 9:28:00,"$358,010.00"
6964,25093,6/16/2025 16:35:00,"$442,978.00"
6965,25096,6/16/2025 9:33:00,"$636,357.00"
6966,25102,6/10/2025 12:24:00,"$455,860.00"
6967,25104,6/9/2025 14:34:00,"$528,245.00"
6968,25107,6/17/2025 10:54:00,"$375,545.00"
6969,25108,6/15/2025 9:02:00,"$401,373.00"
6970,25110,6/12/2025 9:01:00,"$372,938.00"
6971,25112,6/10/2025 16:09:00,"$604,051.00"
6972,25114,6/10/2025 9:44:00,"$547,315.00"
6973,25118,6/16/2025 10:23:00,"$633,790.00"
6974,25119,6/12/2025 15:21:00,"$369,864.00"
6975,25122,6/7/2025 12:34:00,"$350,876.00"
6976,25134,6/8/2025 6:56:00,"$504,687.00"
6977,25141,6/10/2025 10:03:00,"$491,323.00"
6978,25142,6/16/2025 10:24:00,"$605,015.00"
6979,25147,6/17/2025 15:26:00,"$407,647.00"
6980,25152,6/8/2025 11:50:00,"$590,006.00"
6981,25155,6/9/2025 10:35:00,"$534,536.00"
6982,25158,6/9/2025 10:33:00,"$473,683.00"
6983,25159,6/18/2025 10:48:00,"$631,581.00"
6984,25161,6/7/2025 9:12:00,"$353,179.00"
6985,25162,6/7/2025 17:12:00,"$402,050.00"
6986,25169,6/8/2025 11:44:00,"$441,272.00"
6987,25175,6/7/2025 8:03:00,"$609,198.00"
6988,25176,6/11/2025 17:01:00,"$436,000.00"
6989,25177,6/8/2025 11:22:00,"$633,439.00"
6990,25182,6/12/2025 13:28:00,"$596,639.00"
6991,25188,6/8/2025 13:04:00,"$521,429.00"
6992,25194,6/9/2025 15:07:00,"$430,764.00"
6993,25195,6/16/2025 9:50:00,"$468,780.00"
6994,25197,6/16/2025 11:37:00,"$499,840.00"
6995,25199,6/19/2025 16:42:00,"$448,580.00"
6996,25200,6/14/2025 12:43:00,"$540,392.00"
6997,25203,6/8/2025 16:44:00,"$514,604.00"
6998,25204,6/16/2025 16:27:00,"$377,760.00"
6999,25205,6/16/2025 16:35:00,"$617,563.00"
7000,25207,6/11/2025 20:10:00,"$418,007.00"
7001,25208,6/7/2025 15:53:00,"$426,080.00"
7002,25210,6/19/2025 12:30:00,"$602,493.00"
7003,25212,6/14/2025 10:15:00,"$582,315.00"
7004,25222,6/10/2025 17:39:00,"$483,996.00"
7005,25228,6/11/2025 13:08:00,"$367,711.00"
7006,25236,6/7/2025 10:44:00,"$408,666.00"
7007,25239,6/10/2025 20:19:00,"$600,644.00"
7008,25240,6/18/2025 10:34:00,"$528,169.00"
7009,25242,6/19/2025 1:38:00,"$630,074.00"
7010,25246,6/14/2025 9:31:00,"$548,122.00"
7011,25251,6/7/2025 9:07:00,"$379,530.00"
7012,25252,6/10/2025 9:54:00,"$472,788.00"
7013,25253,6/7/2025 15:47:00,"$447,881.00"
7014,25258,6/21/2025 12:54:00,"$453,559.00"
7015,25259,6/11/2025 14:40:00,"$629,664.00"
7016,25261,6/19/2025 16:56:00,"$342,415.00"
7017,25270,6/12/2025 9:35:00,"$579,799.00"
7018,25271,6/11/2025 11:12:00,"$630,327.00"
7019,25274,6/11/2025 5:28:00,"$358,789.00"
7020,25275,6/8/2025 13:30:00,"$571,557.00"
7021,25278,6/14/2025 13:42:00,"$489,484.00"
7022,25280,6/16/2025 14:15:00,"$588,061.00"
7023,25284,6/13/2025 22:21:00,"$373,575.00"
7024,25285,6/15/2025 9:54:00,"$509,846.00"
7025,25288,6/16/2025 11:38:00,"$356,686.00"
7026,25289,6/15/2025 17:09:00,"$486,564.00"
7027,25290,6/11/2025 12:18:00,"$394,277.00"
7028,25296,6/8/2025 14:01:00,"$469,811.00"
7029,25298,6/13/2025 9:53:00,"$449,139.00"
7030,25299,6/15/2025 13:51:00,"$629,323.00"
7031,25307,6/10/2025 13:36:00,"$511,651.00"
7032,25310,6/14/2025 18:44:00,"$512,684.00"
7033,25315,6/8/2025 4:40:00,"$565,380.00"
7034,25327,6/14/2025 19:38:00,"$383,403.00"
7035,25329,6/15/2025 9:03:00,"$629,043.00"
7036,25332,6/18/2025 13:05:00,"$359,688.00"
7037,25333,6/16/2025 9:45:00,"$587,436.00"
7038,25334,6/8/2025 15:37:00,"$521,595.00"
7039,25336,6/11/2025 18:35:00,"$610,583.00"
7040,25341,6/15/2025 7:50:00,"$472,394.00"
7041,25344,6/10/2025 13:15:00,"$356,680.00"
7042,25346,6/15/2025 15:47:00,"$598,391.00"
7043,25353,6/9/2025 12:04:00,"$623,078.00"
7044,25354,6/7/2025 15:34:00,"$366,222.00"
7045,25363,6/21/2025 11:51:00,"$385,815.00"
7046,25369,6/8/2025 22:29:00,"$347,831.00"
7047,25379,6/20/2025 22:06:00,"$587,795.00"
7048,25381,6/7/2025 13:56:00,"$401,058.00"
7049,25382,6/18/2025 17:57:00,"$546,319.00"
7050,25386,6/11/2025 13:31:00,"$393,197.00"
7051,25387,6/10/2025 13:22:00,"$347,392.00"
7052,25389,6/19/2025 6:50:00,"$398,289.00"
7053,25406,6/10/2025 13:42:00,"$511,368.00"
7054,25411,6/10/2025 6:45:00,"$488,755.00"
7055,25414,6/14/2025 12:23:00,"$456,869.00"
7056,25415,6/7/2025 16:18:00,"$370,346.00"
7057,25417,6/9/2025 11:52:00,"$374,607.00"
7058,25419,6/12/2025 14:50:00,"$396,977.00"
7059,25421,6/14/2025 14:39:00,"$474,170.00"
7060,25424,6/16/2025 19:00:00,"$503,487.00"
7061,25429,6/11/2025 14:19:00,"$581,798.00"
7062,25434,6/19/2025 13:21:00,"$444,398.00"
7063,25435,6/14/2025 14:34:00,"$360,793.00"
7064,25436,6/12/2025 4:38:00,"$525,447.00"
7065,25437,6/21/2025 16:51:00,"$603,180.00"
7066,25445,6/11/2025 2:09:00,"$634,309.00"
7067,25449,6/19/2025 15:30:00,"$603,513.00"
7068,25452,6/21/2025 15:56:00,"$466,889.00"
7069,25454,6/15/2025 11:36:00,"$435,280.00"
7070,25459,6/9/2025 10:22:00,"$571,438.00"
7071,25463,6/12/2025 16:44:00,"$576,055.00"
7072,25466,6/17/2025 20:20:00,"$454,378.00"
7073,25467,6/11/2025 16:15:00,"$598,112.00"
7074,25475,6/16/2025 15:39:00,"$476,787.00"
7075,25480,6/17/2025 10:59:00,"$470,784.00"
7076,25481,6/11/2025 10:31:00,"$354,323.00"
7077,25484,6/9/2025 15:19:00,"$357,911.00"
7078,25485,6/15/2025 11:40:00,"$372,060.00"
7079,25491,6/12/2025 11:41:00,"$400,926.00"
7080,25493,6/10/2025 16:43:00,"$474,210.00"
7081,25513,6/16/2025 22:13:00,"$537,194.00"
7082,25515,6/16/2025 18:34:00,"$619,718.00"
7083,25516,6/18/2025 18:46:00,"$572,094.00"
7084,25518,6/10/2025 15:18:00,"$392,849.00"
7085,25521,6/8/2025 12:44:00,"$536,733.00"
7086,25525,6/18/2025 15:52:00,"$529,482.00"
7087,25533,6/14/2025 22:08:00,"$501,180.00"
7088,25534,6/11/2025 18:34:00,"$404,770.00"
7089,25535,6/16/2025 15:38:00,"$604,105.00"
7090,25537,6/9/2025 14:10:00,"$536,843.00"
7091,25541,6/11/2025 11:36:00,"$474,435.00"
7092,25545,6/19/2025 11:58:00,"$484,436.00"
7093,25553,6/16/2025 18:15:00,"$590,654.00"
7094,25560,6/9/2025 12:24:00,"$389,377.00"
7095,25563,6/8/2025 18:04:00,"$509,600.00"
7096,25565,6/9/2025 12:20:00,"$460,317.00"
7097,25573,6/8/2025 14:14:00,"$572,565.00"
7098,25577,6/12/2025 22:23:00,"$582,940.00"
7099,25582,6/15/2025 18:33:00,"$406,300.00"
7100,25583,6/12/2025 16:46:00,"$401,674.00"
7101,25586,6/11/2025 20:39:00,"$357,985.00"
7102,25588,6/16/2025 17:27:00,"$630,954.00"
7103,25591,6/12/2025 15:58:00,"$469,200.00"
7104,25596,6/12/2025 6:03:00,"$373,479.00"
7105,25598,6/10/2025 14:24:00,"$471,215.00"
7106,25599,6/16/2025 16:23:00,"$556,600.00"
7107,25600,6/14/2025 15:31:00,"$500,970.00"
7108,25601,6/14/2025 9:16:00,"$417,085.00"
7109,25602,6/10/2025 15:02:00,"$558,618.00"
7110,25603,6/12/2025 16:19:00,"$549,406.00"
7111,25604,6/16/2025 15:49:00,"$569,600.00"
7112,25606,6/17/2025 12:06:00,"$460,516.00"
7113,25608,6/18/2025 9:21:00,"$477,741.00"
7114,25610,6/9/2025 11:49:00,"$478,558.00"
7115,25611,6/12/2025 10:02:00,"$595,305.00"
7116,25619,6/12/2025 13:37:00,"$602,057.00"
7117,25622,6/11/2025 10:26:00,"$584,056.00"
7118,25625,6/24/2025 14:09:00,"$403,243.00"
7119,25640,6/18/2025 11:37:00,"$479,267.00"
7120,25644,6/10/2025 15:49:00,"$569,216.00"
7121,25645,6/14/2025 13:35:00,"$501,169.00"
7122,25650,6/10/2025 20:54:00,"$369,192.00"
7123,25652,6/21/2025 11:07:00,"$497,043.00"
7124,25654,6/15/2025 1:35:00,"$578,387.00"
7125,25657,6/12/2025 15:37:00,"$406,301.00"
7126,25665,6/13/2025 10:38:00,"$584,322.00"
7127,25669,6/17/2025 19:29:00,"$362,385.00"
7128,25680,6/15/2025 17:26:00,"$434,608.00"
7129,25681,6/15/2025 17:47:00,"$452,754.00"
7130,25683,6/16/2025 11:48:00,"$405,104.00"
7131,25685,6/12/2025 11:37:00,"$500,284.00"
7132,25693,6/18/2025 8:19:00,"$446,663.00"
7133,25695,6/22/2025 8:22:00,"$418,904.00"
7134,25696,6/17/2025 12:56:00,"$400,340.00"
7135,25701,6/16/2025 15:28:00,"$463,468.00"
7136,25708,6/10/2025 12:54:00,"$617,666.00"
7137,25713,6/13/2025 18:57:00,"$344,633.00"
7138,25714,6/15/2025 23:48:00,"$481,126.00"
7139,25718,6/16/2025 20:11:00,"$414,692.00"
7140,25720,6/22/2025 23:53:00,"$575,040.00"
7141,25731,6/14/2025 14:35:00,"$537,320.00"
7142,25733,6/19/2025 10:24:00,"$541,034.00"
7143,25742,6/17/2025 13:43:00,"$403,515.00"
7144,25743,6/12/2025 10:53:00,"$457,665.00"
7145,25755,6/12/2025 15:44:00,"$543,476.00"
7146,25757,6/22/2025 12:05:00,"$625,518.00"
7147,25760,6/15/2025 9:06:00,"$472,267.00"
7148,25772,6/16/2025 15:25:00,"$469,620.00"
7149,25776,6/22/2025 9:44:00,"$397,900.00"
7150,25781,6/11/2025 11:55:00,"$561,115.00"
7151,25784,6/12/2025 15:57:00,"$401,898.00"
7152,25788,6/17/2025 0:26:00,"$503,605.00"
7153,25789,6/12/2025 9:00:00,"$483,981.00"
7154,25793,6/16/2025 6:15:00,"$402,004.00"
7155,25800,6/23/2025 9:21:00,"$531,419.00"
7156,25804,6/12/2025 7:04:00,"$493,059.00"
7157,25808,6/16/2025 13:09:00,"$574,431.00"
7158,25811,6/10/2025 7:21:00,"$521,876.00"
7159,25812,6/11/2025 11:32:00,"$419,389.00"
7160,25815,6/16/2025 16:10:00,"$593,788.00"
7161,25817,6/11/2025 13:21:00,"$459,900.00"
7162,25820,6/11/2025 15:37:00,"$342,991.00"
7163,25821,6/14/2025 20:28:00,"$357,311.00"
7164,25825,6/17/2025 13:06:00,"$541,380.00"
7165,25827,6/16/2025 9:46:00,"$628,341.00"
7166,25828,6/18/2025 6:52:00,"$455,552.00"
7167,25829,6/20/2025 2:39:00,"$554,905.00"
7168,25832,6/11/2025 12:46:00,"$445,431.00"
7169,25834,6/12/2025 11:34:00,"$592,720.00"
7170,25835,6/21/2025 18:18:00,"$619,400.00"
7171,25841,6/14/2025 16:41:00,"$488,088.00"
7172,25843,6/12/2025 14:13:00,"$631,037.00"
7173,25845,6/16/2025 14:50:00,"$436,309.00"
7174,25848,6/11/2025 11:22:00,"$572,247.00"
7175,25854,6/12/2025 13:40:00,"$431,757.00"
7176,25855,6/25/2025 19:16:00,"$431,030.00"
7177,25865,6/16/2025 10:58:00,"$352,767.00"
7178,25871,6/15/2025 16:23:00,"$544,694.00"
7179,25874,6/19/2025 13:46:00,"$548,576.00"
7180,25876,6/15/2025 11:41:00,"$386,585.00"
7181,25878,6/15/2025 17:05:00,"$576,301.00"
7182,25881,6/19/2025 17:36:00,"$613,344.00"
7183,25884,6/22/2025 15:51:00,"$491,842.00"
7184,25886,6/15/2025 11:50:00,"$376,184.00"
7185,25889,6/17/2025 16:09:00,"$581,374.00"
7186,25890,6/15/2025 17:21:00,"$422,097.00"
7187,25895,6/14/2025 16:48:00,"$470,325.00"
7188,25898,6/10/2025 16:16:00,"$504,334.00"
7189,25899,6/16/2025 9:19:00,"$347,919.00"
7190,25905,6/15/2025 18:33:00,"$471,424.00"
7191,25906,6/15/2025 17:52:00,"$540,332.00"
7192,25915,6/23/2025 12:08:00,"$531,775.00"
7193,25917,6/15/2025 11:28:00,"$551,131.00"
7194,25922,6/14/2025 17:00:00,"$611,634.00"
7195,25923,6/18/2025 11:37:00,"$565,313.00"
7196,25925,6/14/2025 15:29:00,"$365,969.00"
7197,25927,6/24/2025 16:50:00,"$364,467.00"
7198,25929,6/15/2025 10:01:00,"$546,932.00"
7199,25931,6/16/2025 20:15:00,"$428,922.00"
7200,25938,6/13/2025 9:24:00,"$491,440.00"
7201,25939,6/15/2025 17:52:00,"$485,846.00"
7202,25940,6/19/2025 4:13:00,"$627,145.00"
7203,25942,6/15/2025 21:51:00,"$526,799.00"
7204,25947,6/19/2025 11:35:00,"$377,052.00"
7205,25949,6/14/2025 20:48:00,"$344,069.00"
7206,25951,6/23/2025 13:21:00,"$547,612.00"
7207,25958,6/14/2025 10:24:00,"$342,919.00"
7208,25959,6/10/2025 17:48:00,"$515,449.00"
7209,25973,6/16/2025 10:26:00,"$481,034.00"
7210,25984,6/11/2025 21:10:00,"$381,333.00"
7211,25987,6/16/2025 9:15:00,"$444,359.00"
7212,25991,6/20/2025 6:23:00,"$407,504.00"
7213,25993,6/16/2025 17:28:00,"$523,644.00"
7214,25996,6/16/2025 20:40:00,"$344,194.00"
7215,25999,6/18/2025 12:43:00,"$351,378.00"
7216,26004,6/13/2025 3:57:00,"$345,227.00"
7217,26006,6/14/2025 15:27:00,"$350,158.00"
7218,26008,6/17/2025 9:40:00,"$446,958.00"
7219,26012,6/17/2025 22:26:00,"$443,655.00"
7220,26025,6/19/2025 13:18:00,"$633,261.00"
7221,26026,6/23/2025 13:00:00,"$473,077.00"
7222,26027,6/14/2025 14:22:00,"$536,320.00"
7223,26028,6/12/2025 12:57:00,"$538,596.00"
7224,26030,6/12/2025 12:03:00,"$505,676.00"
7225,26031,6/15/2025 16:36:00,"$557,239.00"
7226,26032,6/18/2025 11:57:00,"$403,968.00"
7227,26037,6/15/2025 11:52:00,"$340,340.00"
7228,26038,6/25/2025 9:31:00,"$600,455.00"
7229,26039,6/24/2025 17:14:00,"$395,557.00"
7230,26046,6/19/2025 0:43:00,"$592,863.00"
7231,26048,6/12/2025 18:55:00,"$352,707.00"
7232,26056,6/12/2025 18:10:00,"$535,033.00"
7233,26065,6/22/2025 15:09:00,"$455,177.00"
7234,26066,6/11/2025 17:19:00,"$480,143.00"
7235,26069,6/16/2025 7:14:00,"$404,709.00"
7236,26071,6/16/2025 8:45:00,"$412,202.00"
7237,26074,6/15/2025 9:20:00,"$353,903.00"
7238,26077,6/21/2025 12:24:00,"$479,801.00"
7239,26079,6/18/2025 11:01:00,"$549,505.00"
7240,26081,6/19/2025 23:25:00,"$531,453.00"
7241,26083,6/18/2025 11:50:00,"$620,140.00"
7242,26084,6/14/2025 20:40:00,"$554,291.00"
7243,26089,6/17/2025 16:01:00,"$549,721.00"
7244,26098,6/17/2025 14:42:00,"$344,702.00"
7245,26104,6/23/2025 10:04:00,"$516,832.00"
7246,26106,6/16/2025 10:29:00,"$359,632.00"
7247,26111,6/18/2025 23:01:00,"$571,043.00"
7248,26113,6/17/2025 9:07:00,"$423,068.00"
7249,26114,6/18/2025 9:43:00,"$505,463.00"
7250,26124,6/16/2025 16:22:00,"$600,834.00"
7251,26125,6/21/2025 12:03:00,"$599,531.00"
7252,26128,6/14/2025 17:51:00,"$482,094.00"
7253,26131,6/21/2025 16:04:00,"$539,720.00"
7254,26132,6/16/2025 14:16:00,"$478,356.00"
7255,26142,6/27/2025 8:43:00,"$432,404.00"
7256,26145,6/13/2025 12:51:00,"$636,070.00"
7257,26146,6/23/2025 17:25:00,"$432,556.00"
7258,26148,6/15/2025 20:59:00,"$410,139.00"
7259,26149,6/17/2025 18:13:00,"$577,712.00"
7260,26151,6/16/2025 2:38:00,"$397,180.00"
7261,26154,6/24/2025 9:30:00,"$464,430.00"
7262,26155,6/19/2025 19:04:00,"$564,997.00"
7263,26156,6/23/2025 20:18:00,"$627,325.00"
7264,26159,6/19/2025 9:13:00,"$551,595.00"
7265,26172,6/16/2025 12:02:00,"$530,616.00"
7266,26173,6/15/2025 14:33:00,"$493,553.00"
7267,26181,6/16/2025 13:47:00,"$371,719.00"
7268,26184,6/17/2025 16:38:00,"$401,874.00"
7269,26188,6/24/2025 14:23:00,"$364,119.00"
7270,26190,6/23/2025 9:36:00,"$574,050.00"
7271,26193,6/18/2025 15:11:00,"$372,003.00"
7272,26196,6/15/2025 10:04:00,"$488,700.00"
7273,26201,6/17/2025 10:52:00,"$459,882.00"
7274,26202,6/17/2025 19:03:00,"$465,397.00"
7275,26204,6/18/2025 15:25:00,"$548,692.00"
7276,26208,6/17/2025 10:34:00,"$617,587.00"
7277,26210,6/16/2025 8:54:00,"$360,924.00"
7278,26219,6/18/2025 12:52:00,"$577,406.00"
7279,26222,6/16/2025 20:04:00,"$562,896.00"
7280,26223,6/23/2025 17:20:00,"$466,374.00"
7281,26226,6/23/2025 16:04:00,"$633,345.00"
7282,26227,6/15/2025 8:22:00,"$615,281.00"
7283,26235,6/15/2025 8:41:00,"$504,455.00"
7284,26236,6/18/2025 12:01:00,"$446,195.00"
7285,26249,6/21/2025 20:14:00,"$468,744.00"
7286,26256,6/21/2025 6:30:00,"$573,971.00"
7287,26263,6/15/2025 19:14:00,"$352,105.00"
7288,26264,6/24/2025 17:21:00,"$575,396.00"
7289,26271,6/21/2025 16:41:00,"$487,183.00"
7290,26274,6/14/2025 7:31:00,"$434,236.00"
7291,26276,6/15/2025 5:12:00,"$450,100.00"
7292,26282,6/19/2025 14:57:00,"$455,367.00"
7293,26283,6/15/2025 16:54:00,"$446,506.00"
7294,26287,6/22/2025 17:34:00,"$505,978.00"
7295,26289,6/15/2025 16:48:00,"$423,980.00"
7296,26298,6/15/2025 13:01:00,"$470,621.00"
7297,26302,6/17/2025 16:47:00,"$523,500.00"
7298,26303,6/15/2025 19:46:00,"$371,271.00"
7299,26306,6/17/2025 14:45:00,"$519,000.00"
7300,26309,6/21/2025 17:00:00,"$589,232.00"
7301,26310,6/16/2025 14:02:00,"$369,332.00"
7302,26311,6/17/2025 8:23:00,"$575,550.00"
7303,26315,6/24/2025 17:15:00,"$566,801.00"
7304,26323,6/16/2025 15:17:00,"$407,478.00"
7305,26326,6/19/2025 17:54:00,"$605,978.00"
7306,26327,6/23/2025 14:00:00,"$556,199.00"
7307,26329,6/17/2025 15:48:00,"$437,233.00"
7308,26330,6/17/2025 15:42:00,"$368,268.00"
7309,26335,6/19/2025 20:32:00,"$462,931.00"
7310,26338,6/16/2025 12:51:00,"$382,819.00"
7311,26344,6/15/2025 16:13:00,"$599,673.00"
7312,26350,6/25/2025 12:46:00,"$465,665.00"
7313,26355,6/19/2025 3:41:00,"$460,699.00"
7314,26359,6/19/2025 7:10:00,"$547,599.00"
7315,26361,6/18/2025 16:39:00,"$514,871.00"
7316,26362,6/22/2025 15:01:00,"$580,037.00"
7317,26372,6/18/2025 19:56:00,"$496,637.00"
7318,26378,6/17/2025 17:17:00,"$491,589.00"
7319,26381,6/17/2025 15:03:00,"$482,392.00"
7320,26382,6/22/2025 17:43:00,"$517,500.00"
7321,26388,6/22/2025 16:06:00,"$395,671.00"
7322,26390,6/14/2025 13:49:00,"$559,055.00"
7323,26392,6/19/2025 15:46:00,"$511,612.00"
7324,26393,6/15/2025 12:04:00,"$413,187.00"
7325,26400,6/21/2025 14:41:00,"$481,474.00"
7326,26410,6/15/2025 17:42:00,"$531,388.00"
7327,26411,6/23/2025 16:17:00,"$505,853.00"
7328,26419,6/21/2025 16:13:00,"$436,646.00"
7329,26422,6/24/2025 14:09:00,"$559,462.00"
7330,26424,6/16/2025 15:44:00,"$578,295.00"
7331,26426,6/16/2025 13:29:00,"$490,277.00"
7332,26428,6/20/2025 4:07:00,"$601,985.00"
7333,26429,6/18/2025 14:51:00,"$452,682.00"
7334,26430,6/19/2025 11:19:00,"$467,884.00"
7335,26436,6/26/2025 15:07:00,"$624,146.00"
7336,26438,6/19/2025 15:14:00,"$504,563.00"
7337,26443,6/23/2025 17:57:00,"$444,733.00"
7338,26444,6/16/2025 16:45:00,"$438,376.00"
7339,26445,6/18/2025 3:15:00,"$520,966.00"
7340,26446,6/17/2025 16:05:00,"$400,635.00"
7341,26450,6/25/2025 16:10:00,"$348,566.00"
7342,26454,6/21/2025 16:25:00,"$510,529.00"
7343,26458,6/18/2025 12:40:00,"$616,692.00"
7344,26459,6/22/2025 9:01:00,"$413,370.00"
7345,26461,6/17/2025 14:30:00,"$565,459.00"
7346,26463,6/18/2025 17:19:00,"$466,192.00"
7347,26466,6/26/2025 11:03:00,"$467,569.00"
7348,26470,6/23/2025 12:22:00,"$366,883.00"
7349,26473,6/22/2025 11:00:00,"$398,695.00"
7350,26474,6/16/2025 12:35:00,"$595,836.00"
7351,26476,6/16/2025 14:43:00,"$356,843.00"
7352,26477,6/22/2025 17:42:00,"$385,350.00"
7353,26479,6/15/2025 21:29:00,"$622,493.00"
7354,26489,6/22/2025 9:56:00,"$420,156.00"
7355,26491,6/17/2025 14:59:00,"$464,143.00"
7356,26494,6/17/2025 12:03:00,"$416,578.00"
7357,26496,6/21/2025 9:05:00,"$448,253.00"
7358,26498,6/28/2025 10:30:00,"$547,388.00"
7359,26504,6/23/2025 16:44:00,"$492,405.00"
7360,26505,6/22/2025 11:59:00,"$443,350.00"
7361,26508,6/24/2025 16:12:00,"$478,167.00"
7362,26509,6/23/2025 16:09:00,"$563,190.00"
7363,26510,6/16/2025 12:21:00,"$544,881.00"
7364,26511,6/22/2025 16:07:00,"$598,062.00"
7365,26514,6/24/2025 14:56:00,"$549,169.00"
7366,26515,6/18/2025 18:15:00,"$492,836.00"
7367,26525,6/17/2025 16:47:00,"$364,082.00"
7368,26528,6/18/2025 9:07:00,"$361,377.00"
7369,26532,6/19/2025 11:33:00,"$596,307.00"
7370,26533,6/18/2025 16:37:00,"$572,941.00"
7371,26534,6/15/2025 14:51:00,"$608,467.00"
7372,26539,6/17/2025 16:25:00,"$496,658.00"
7373,26542,6/18/2025 19:04:00,"$391,744.00"
7374,26546,6/18/2025 9:19:00,"$515,017.00"
7375,26552,6/18/2025 9:31:00,"$446,611.00"
7376,26553,6/17/2025 23:20:00,"$619,240.00"
7377,26556,6/19/2025 12:51:00,"$356,826.00"
7378,26561,6/21/2025 13:37:00,"$542,244.00"
7379,26564,6/17/2025 14:43:00,"$357,598.00"
7380,26572,6/18/2025 9:51:00,"$387,147.00"
7381,26574,6/23/2025 8:26:00,"$566,370.00"
7382,26575,6/19/2025 12:57:00,"$347,938.00"
7383,26579,6/15/2025 9:07:00,"$499,701.00"
7384,26581,6/17/2025 12:49:00,"$426,698.00"
7385,26585,6/26/2025 14:36:00,"$580,952.00"
7386,26586,6/18/2025 17:23:00,"$596,825.00"
7387,26589,6/17/2025 13:56:00,"$531,661.00"
7388,26594,6/17/2025 23:52:00,"$403,128.00"
7389,26596,6/19/2025 17:39:00,"$562,411.00"
7390,26597,6/16/2025 14:08:00,"$565,566.00"
7391,26601,6/17/2025 9:17:00,"$383,820.00"
7392,26603,6/16/2025 16:00:00,"$442,067.00"
7393,26606,6/21/2025 17:36:00,"$409,077.00"
7394,26615,6/18/2025 16:15:00,"$570,779.00"
7395,26620,6/19/2025 8:55:00,"$351,617.00"
7396,26624,6/25/2025 15:43:00,"$368,934.00"
7397,26628,6/23/2025 13:34:00,"$469,425.00"
7398,26631,6/24/2025 15:08:00,"$477,268.00"
7399,26632,6/22/2025 9:28:00,"$539,995.00"
7400,26644,6/28/2025 19:20:00,"$465,916.00"
7401,26653,6/25/2025 11:28:00,"$398,455.00"
7402,26657,6/16/2025 13:14:00,"$492,186.00"
7403,26659,6/20/2025 5:17:00,"$576,122.00"
7404,26661,6/16/2025 16:05:00,"$363,560.00"
7405,26663,6/21/2025 11:42:00,"$578,385.00"
7406,26665,6/17/2025 14:15:00,"$538,309.00"
7407,26666,6/21/2025 10:37:00,"$553,190.00"
7408,26669,6/23/2025 17:39:00,"$587,531.00"
7409,26675,6/19/2025 14:38:00,"$444,329.00"
7410,26677,6/18/2025 12:30:00,"$572,315.00"
7411,26679,6/23/2025 16:00:00,"$447,833.00"
7412,26680,6/21/2025 10:35:00,"$352,439.00"
7413,26681,6/17/2025 15:45:00,"$444,353.00"
7414,26686,6/17/2025 18:26:00,"$458,524.00"
7415,26690,6/24/2025 14:48:00,"$593,102.00"
7416,26694,6/22/2025 12:02:00,"$488,323.00"
7417,26695,6/19/2025 9:09:00,"$532,718.00"
7418,26696,6/16/2025 9:07:00,"$545,730.00"
7419,26698,6/15/2025 13:15:00,"$436,426.00"
7420,26700,6/22/2025 14:15:00,"$406,604.00"
7421,26701,6/19/2025 13:34:00,"$633,991.00"
7422,26704,6/23/2025 13:40:00,"$528,864.00"
7423,26706,6/28/2025 11:57:00,"$491,648.00"
7424,26707,6/23/2025 8:11:00,"$452,783.00"
7425,26712,6/22/2025 9:26:00,"$527,483.00"
7426,26721,6/23/2025 12:21:00,"$475,122.00"
7427,26723,6/28/2025 13:53:00,"$528,191.00"
7428,26725,6/19/2025 5:14:00,"$437,185.00"
7429,26728,6/26/2025 17:08:00,"$531,653.00"
7430,26729,6/18/2025 13:49:00,"$399,499.00"
7431,26731,6/16/2025 10:50:00,"$515,399.00"
7432,26732,6/24/2025 9:48:00,"$560,033.00"
7433,26734,6/20/2025 6:55:00,"$637,197.00"
7434,26735,6/17/2025 18:43:00,"$588,802.00"
7435,26738,6/24/2025 10:03:00,"$622,709.00"
7436,26740,6/16/2025 9:16:00,"$516,332.00"
7437,26743,6/18/2025 17:55:00,"$505,134.00"
7438,26745,6/22/2025 11:03:00,"$603,857.00"
7439,26746,6/25/2025 3:35:00,"$368,778.00"
7440,26751,6/23/2025 18:23:00,"$570,828.00"
7441,26757,6/17/2025 14:58:00,"$627,511.00"
7442,26758,6/29/2025 11:25:00,"$602,543.00"
7443,26761,6/16/2025 12:41:00,"$564,333.00"
7444,26766,6/23/2025 13:39:00,"$350,558.00"
7445,26778,6/28/2025 10:31:00,"$617,098.00"
7446,26781,6/18/2025 8:50:00,"$509,275.00"
7447,26786,6/21/2025 13:56:00,"$547,232.00"
7448,26787,6/25/2025 12:10:00,"$387,579.00"
7449,26791,6/18/2025 13:51:00,"$463,890.00"
7450,26793,6/27/2025 19:41:00,"$364,730.00"
7451,26796,6/17/2025 12:49:00,"$525,576.00"
7452,26797,6/24/2025 18:27:00,"$473,827.00"
7453,26798,6/25/2025 16:28:00,"$382,908.00"
7454,26800,6/17/2025 15:30:00,"$554,721.00"
7455,26802,6/23/2025 9:58:00,"$369,442.00"
7456,26805,6/21/2025 12:49:00,"$391,202.00"
7457,26806,6/17/2025 15:47:00,"$484,220.00"
7458,26815,6/25/2025 20:33:00,"$542,232.00"
7459,26818,6/22/2025 15:28:00,"$415,133.00"
7460,26821,6/27/2025 1:28:00,"$508,660.00"
7461,26822,6/16/2025 15:09:00,"$437,884.00"
7462,26831,6/28/2025 16:32:00,"$524,346.00"
7463,26836,6/24/2025 11:01:00,"$436,014.00"
7464,26837,6/23/2025 10:08:00,"$576,613.00"
7465,26840,6/17/2025 14:00:00,"$584,892.00"
7466,26841,6/22/2025 8:53:00,"$397,856.00"
7467,26843,6/19/2025 17:50:00,"$635,869.00"
7468,26846,6/16/2025 14:20:00,"$547,652.00"
7469,26848,6/23/2025 15:22:00,"$484,400.00"
7470,26851,6/27/2025 13:01:00,"$384,484.00"
7471,26857,6/30/2025 11:47:00,"$516,413.00"
7472,26873,6/22/2025 17:08:00,"$556,877.00"
7473,26874,6/23/2025 15:09:00,"$339,660.00"
7474,26875,6/21/2025 13:07:00,"$436,242.00"
7475,26882,6/24/2025 5:37:00,"$599,406.00"
7476,26883,6/23/2025 16:14:00,"$382,467.00"
7477,26884,6/21/2025 13:08:00,"$608,077.00"
7478,26885,6/18/2025 18:21:00,"$418,871.00"
7479,26886,6/23/2025 14:44:00,"$443,820.00"
7480,26893,6/19/2025 12:08:00,"$517,741.00"
7481,26894,6/26/2025 16:41:00,"$388,098.00"
7482,26895,6/18/2025 17:59:00,"$471,368.00"
7483,26896,6/21/2025 9:26:00,"$556,595.00"
7484,26897,6/17/2025 7:14:00,"$560,394.00"
7485,26901,6/26/2025 12:58:00,"$376,790.00"
7486,26903,6/20/2025 6:53:00,"$598,758.00"
7487,26906,6/26/2025 15:22:00,"$344,977.00"
7488,26907,6/24/2025 18:43:00,"$521,670.00"
7489,26916,6/19/2025 16:20:00,"$510,097.00"
7490,26918,6/29/2025 10:20:00,"$575,359.00"
7491,26921,6/19/2025 16:28:00,"$541,768.00"
7492,26925,6/21/2025 17:27:00,"$583,345.00"
7493,26930,6/24/2025 10:18:00,"$359,617.00"
7494,26933,6/22/2025 12:28:00,"$356,954.00"
7495,26938,6/29/2025 11:40:00,"$463,727.00"
7496,26940,6/29/2025 18:26:00,"$363,024.00"
7497,26942,6/29/2025 11:19:00,"$570,881.00"
7498,26950,6/17/2025 16:59:00,"$515,186.00"
7499,26955,6/26/2025 9:37:00,"$391,585.00"
7500,26960,6/22/2025 2:57:00,"$503,629.00"
7501,26965,6/21/2025 14:54:00,"$612,845.00"
7502,26984,6/28/2025 13:59:00,"$371,937.00"
7503,26987,6/26/2025 16:54:00,"$379,086.00"
7504,26988,6/30/2025 8:25:00,"$489,105.00"
7505,26993,6/23/2025 7:53:00,"$552,814.00"
7506,26998,6/18/2025 17:07:00,"$606,708.00"
7507,27001,6/28/2025 9:10:00,"$573,482.00"
7508,27003,6/22/2025 14:37:00,"$421,604.00"
7509,27005,6/24/2025 23:45:00,"$505,127.00"
7510,27006,6/20/2025 20:14:00,"$578,890.00"
7511,27007,6/23/2025 10:05:00,"$424,039.00"
7512,27011,6/25/2025 17:48:00,"$551,553.00"
7513,27014,6/19/2025 8:19:00,"$589,584.00"
7514,27018,6/20/2025 23:10:00,"$537,454.00"
7515,27022,6/26/2025 18:57:00,"$364,483.00"
7516,27023,6/23/2025 13:31:00,"$466,426.00"
7517,27034,6/21/2025 10:04:00,"$551,898.00"
7518,27046,6/27/2025 8:26:00,"$630,317.00"
7519,27051,6/29/2025 8:15:00,"$625,962.00"
7520,27057,6/24/2025 10:17:00,"$351,647.00"
7521,27062,6/22/2025 15:16:00,"$563,434.00"
7522,27069,6/23/2025 13:11:00,"$598,442.00"
7523,27070,6/22/2025 17:48:00,"$342,845.00"
7524,27071,7/1/2025 7:13:00,"$548,417.00"
7525,27072,6/19/2025 9:17:00,"$488,438.00"
7526,27073,6/22/2025 11:22:00,"$369,621.00"
7527,27081,6/23/2025 15:08:00,"$473,318.00"
7528,27086,6/17/2025 16:38:00,"$560,688.00"
7529,27088,6/26/2025 9:44:00,"$356,726.00"
7530,27090,6/22/2025 18:06:00,"$338,023.00"
7531,27091,7/3/2025 12:40:00,"$538,084.00"
7532,27092,6/24/2025 8:41:00,"$371,013.00"
7533,27094,6/25/2025 12:35:00,"$439,008.00"
7534,27095,6/26/2025 10:24:00,"$495,440.00"
7535,27097,6/25/2025 11:46:00,"$451,757.00"
7536,27099,6/28/2025 17:48:00,"$454,528.00"
7537,27102,6/22/2025 15:51:00,"$408,126.00"
7538,27107,6/24/2025 17:48:00,"$511,886.00"
7539,27108,6/25/2025 13:51:00,"$585,983.00"
7540,27109,6/22/2025 23:57:00,"$426,102.00"
7541,27112,6/26/2025 16:16:00,"$427,444.00"
7542,27116,6/24/2025 14:06:00,"$365,679.00"
7543,27117,6/23/2025 12:09:00,"$454,064.00"
7544,27119,6/25/2025 13:29:00,"$444,436.00"
7545,27122,6/25/2025 9:13:00,"$490,359.00"
7546,27123,6/21/2025 16:23:00,"$505,201.00"
7547,27128,6/23/2025 18:25:00,"$537,743.00"
7548,27131,6/23/2025 9:51:00,"$395,982.00"
7549,27138,6/26/2025 10:48:00,"$511,111.00"
7550,27139,6/21/2025 11:25:00,"$581,685.00"
7551,27141,6/28/2025 13:11:00,"$469,873.00"
7552,27159,6/30/2025 12:44:00,"$405,826.00"
7553,27162,6/24/2025 16:12:00,"$447,416.00"
7554,27163,6/25/2025 11:29:00,"$543,789.00"
7555,27165,7/4/2025 8:56:00,"$650,122.00"
7556,27166,6/19/2025 9:09:00,"$501,674.00"
7557,27167,6/21/2025 4:22:00,"$555,760.00"
7558,27169,6/23/2025 11:20:00,"$626,111.00"
7559,27172,6/22/2025 13:06:00,"$576,283.00"
7560,27179,6/26/2025 0:22:00,"$534,933.00"
7561,27180,6/19/2025 8:50:00,"$632,665.00"
7562,27183,6/28/2025 10:46:00,"$509,003.00"
7563,27185,6/22/2025 16:24:00,"$514,322.00"
7564,27186,6/23/2025 15:17:00,"$383,869.00"
7565,27188,6/26/2025 13:06:00,"$426,723.00"
7566,27189,6/25/2025 18:35:00,"$492,217.00"
7567,27193,6/24/2025 14:54:00,"$542,737.00"
7568,27195,6/22/2025 1:03:00,"$439,650.00"
7569,27196,6/26/2025 13:37:00,"$414,162.00"
7570,27217,6/21/2025 7:47:00,"$367,080.00"
7571,27218,6/22/2025 9:10:00,"$508,088.00"
7572,27221,6/19/2025 17:33:00,"$396,121.00"
7573,27224,6/23/2025 18:00:00,"$393,763.00"
7574,27231,6/23/2025 9:32:00,"$576,166.00"
7575,27232,6/29/2025 11:23:00,"$556,992.00"
7576,27235,7/2/2025 15:24:00,"$580,609.00"
7577,27237,6/23/2025 9:09:00,"$497,943.00"
7578,27238,6/22/2025 13:57:00,"$462,208.00"
7579,27240,6/18/2025 19:42:00,"$612,709.00"
7580,27247,6/21/2025 17:55:00,"$420,787.00"
7581,27255,6/30/2025 11:03:00,"$597,635.00"
7582,27261,6/28/2025 13:35:00,"$588,880.00"
7583,27262,6/26/2025 17:00:00,"$570,646.00"
7584,27268,6/20/2025 18:36:00,"$637,076.00"
7585,27271,6/26/2025 16:38:00,"$601,528.00"
7586,27277,6/21/2025 10:25:00,"$495,800.00"
7587,27280,6/24/2025 16:36:00,"$368,018.00"
7588,27284,6/23/2025 8:44:00,"$545,599.00"
7589,27288,6/19/2025 15:11:00,"$603,693.00"
7590,27291,6/23/2025 15:47:00,"$491,773.00"
7591,27292,6/22/2025 14:52:00,"$520,306.00"
7592,27307,6/23/2025 9:30:00,"$557,476.00"
7593,27313,6/23/2025 9:34:00,"$596,577.00"
7594,27319,6/28/2025 15:50:00,"$466,030.00"
7595,27321,6/25/2025 12:49:00,"$553,136.00"
7596,27322,6/25/2025 17:26:00,"$370,075.00"
7597,27323,6/25/2025 16:24:00,"$422,213.00"
7598,27329,6/22/2025 13:01:00,"$467,279.00"
7599,27330,7/3/2025 11:45:00,"$527,584.00"
7600,27332,6/21/2025 16:40:00,"$591,425.00"
7601,27334,6/24/2025 13:59:00,"$512,778.00"
7602,27339,6/26/2025 10:35:00,"$393,945.00"
7603,27343,6/26/2025 9:50:00,"$599,211.00"
7604,27347,6/26/2025 10:29:00,"$561,662.00"
7605,27349,6/29/2025 14:30:00,"$602,627.00"
7606,27351,6/22/2025 9:49:00,"$545,053.00"
7607,27353,6/24/2025 17:44:00,"$514,024.00"
7608,27354,6/28/2025 9:12:00,"$397,634.00"
7609,27355,6/28/2025 16:06:00,"$555,471.00"
7610,27360,6/28/2025 17:46:00,"$604,708.00"
7611,27369,6/26/2025 17:01:00,"$341,556.00"
7612,27372,6/29/2025 17:31:00,"$565,410.00"
7613,27374,6/22/2025 17:44:00,"$515,185.00"
7614,27388,7/2/2025 17:45:00,"$467,629.00"
7615,27397,6/21/2025 10:00:00,"$529,231.00"
7616,27398,7/1/2025 9:36:00,"$394,307.00"
7617,27403,7/1/2025 13:06:00,"$491,205.00"
7618,27404,6/25/2025 18:46:00,"$627,400.00"
7619,27410,6/21/2025 8:53:00,"$445,275.00"
7620,27415,6/28/2025 11:43:00,"$563,051.00"
7621,27418,6/24/2025 9:31:00,"$613,399.00"
7622,27420,7/1/2025 13:35:00,"$438,343.00"
7623,27423,6/20/2025 7:05:00,"$395,888.00"
7624,27424,6/28/2025 8:20:00,"$424,209.00"
7625,27425,6/28/2025 12:38:00,"$387,766.00"
7626,27427,6/21/2025 10:54:00,"$415,141.00"
7627,27430,7/5/2025 13:55:00,"$497,471.00"
7628,27432,6/24/2025 17:31:00,"$585,309.00"
7629,27433,6/26/2025 15:24:00,"$525,358.00"
7630,27439,7/1/2025 0:51:00,"$513,956.00"
7631,27442,6/22/2025 9:16:00,"$540,990.00"
7632,27452,6/26/2025 11:15:00,"$417,678.00"
7633,27454,6/25/2025 11:05:00,"$520,305.00"
7634,27464,6/25/2025 2:21:00,"$478,319.00"
7635,27469,6/26/2025 6:29:00,"$413,754.00"
7636,27471,6/29/2025 1:44:00,"$505,170.00"
7637,27473,6/24/2025 14:59:00,"$486,911.00"
7638,27474,6/25/2025 16:08:00,"$583,815.00"
7639,27477,6/23/2025 10:55:00,"$407,565.00"
7640,27480,7/1/2025 15:34:00,"$496,802.00"
7641,27483,6/24/2025 13:51:00,"$499,659.00"
7642,27484,6/21/2025 20:02:00,"$583,850.00"
7643,27485,6/28/2025 16:53:00,"$379,736.00"
7644,27488,6/24/2025 16:39:00,"$384,293.00"
7645,27498,7/3/2025 13:30:00,"$425,337.00"
7646,27499,6/30/2025 11:42:00,"$385,021.00"
7647,27503,6/23/2025 13:18:00,"$589,498.00"
7648,27504,6/22/2025 12:20:00,"$406,892.00"
7649,27505,6/22/2025 15:43:00,"$351,516.00"
7650,27507,6/24/2025 11:40:00,"$455,114.00"
7651,27508,7/3/2025 11:55:00,"$564,700.00"
7652,27509,7/3/2025 16:42:00,"$538,108.00"
7653,27513,6/28/2025 16:05:00,"$572,797.00"
7654,27515,6/27/2025 3:21:00,"$557,134.00"
7655,27521,7/1/2025 18:43:00,"$498,426.00"
7656,27522,6/23/2025 11:34:00,"$339,719.00"
7657,27523,6/27/2025 7:26:00,"$566,450.00"
7658,27529,6/24/2025 16:29:00,"$467,844.00"
7659,27530,6/28/2025 15:56:00,"$517,325.00"
7660,27531,7/6/2025 11:59:00,"$567,739.00"
7661,27532,6/24/2025 8:23:00,"$375,805.00"
7662,27536,7/3/2025 1:27:00,"$646,877.00"
7663,27537,6/24/2025 11:35:00,"$410,808.00"
7664,27538,6/21/2025 16:48:00,"$557,094.00"
7665,27547,6/22/2025 15:02:00,"$385,214.00"
7666,27548,6/26/2025 13:02:00,"$380,323.00"
7667,27549,6/23/2025 19:34:00,"$399,432.00"
7668,27556,6/30/2025 11:11:00,"$541,736.00"
7669,27557,6/30/2025 15:24:00,"$599,159.00"
7670,27564,6/27/2025 7:40:00,"$563,226.00"
7671,27566,6/28/2025 11:02:00,"$517,708.00"
7672,27570,6/24/2025 15:48:00,"$589,908.00"
7673,27571,6/27/2025 17:39:00,"$628,571.00"
7674,27572,6/29/2025 13:25:00,"$596,562.00"
7675,27573,6/28/2025 10:54:00,"$513,846.00"
7676,27575,6/26/2025 4:56:00,"$350,667.00"
7677,27576,6/29/2025 0:47:00,"$526,945.00"
7678,27579,7/3/2025 10:59:00,"$517,282.00"
7679,27582,6/23/2025 17:45:00,"$340,761.00"
7680,27583,6/23/2025 16:09:00,"$617,017.00"
7681,27584,6/23/2025 19:27:00,"$390,397.00"
7682,27585,6/30/2025 17:10:00,"$516,107.00"
7683,27590,6/24/2025 16:53:00,"$371,040.00"
7684,27591,6/24/2025 16:42:00,"$502,150.00"
7685,27592,6/28/2025 11:14:00,"$617,859.00"
7686,27604,6/30/2025 13:35:00,"$431,917.00"
7687,27608,6/22/2025 17:22:00,"$395,570.00"
7688,27610,6/22/2025 14:27:00,"$473,570.00"
7689,27614,7/1/2025 16:18:00,"$639,456.00"
7690,27619,6/25/2025 15:58:00,"$629,185.00"
7691,27620,6/23/2025 16:38:00,"$504,184.00"
7692,27623,7/1/2025 13:50:00,"$425,260.00"
7693,27626,6/23/2025 13:03:00,"$338,552.00"
7694,27630,6/30/2025 9:41:00,"$466,411.00"
7695,27631,6/23/2025 12:08:00,"$550,988.00"
7696,27632,6/23/2025 12:54:00,"$418,743.00"
7697,27634,6/26/2025 14:10:00,"$590,649.00"
7698,27638,6/23/2025 11:13:00,"$385,696.00"
7699,27641,6/26/2025 8:36:00,"$610,214.00"
7700,27642,6/30/2025 15:12:00,"$495,302.00"
7701,27646,6/26/2025 11:28:00,"$522,562.00"
7702,27649,6/24/2025 14:21:00,"$346,007.00"
7703,27651,6/29/2025 9:10:00,"$519,429.00"
7704,27657,6/25/2025 13:18:00,"$400,445.00"
7705,27658,6/28/2025 8:27:00,"$543,019.00"
7706,27661,6/29/2025 15:52:00,"$617,021.00"
7707,27666,6/30/2025 7:06:00,"$532,235.00"
7708,27670,6/30/2025 8:25:00,"$380,456.00"
7709,27676,6/25/2025 8:23:00,"$635,157.00"
7710,27678,6/29/2025 9:39:00,"$446,430.00"
7711,27684,6/26/2025 15:25:00,"$610,187.00"
7712,27686,6/24/2025 8:59:00,"$464,170.00"
7713,27689,6/24/2025 17:41:00,"$492,656.00"
7714,27690,6/22/2025 9:56:00,"$431,701.00"
7715,27693,6/27/2025 10:07:00,"$597,966.00"
7716,27694,6/23/2025 14:24:00,"$609,207.00"
7717,27702,6/25/2025 7:30:00,"$501,216.00"
7718,27704,6/26/2025 8:31:00,"$527,640.00"
7719,27706,6/29/2025 14:34:00,"$606,096.00"
7720,27714,6/28/2025 15:44:00,"$575,114.00"
7721,27716,6/30/2025 10:49:00,"$401,512.00"
7722,27718,6/25/2025 13:36:00,"$416,623.00"
7723,27723,6/25/2025 10:28:00,"$566,726.00"
7724,27724,6/22/2025 10:59:00,"$605,569.00"
7725,27726,6/25/2025 15:07:00,"$508,229.00"
7726,27728,6/25/2025 8:42:00,"$569,413.00"
7727,27730,7/1/2025 15:13:00,"$443,061.00"
7728,27742,6/24/2025 12:04:00,"$500,151.00"
7729,27744,6/26/2025 11:56:00,"$485,931.00"
7730,27748,6/30/2025 13:42:00,"$566,291.00"
7731,27752,7/1/2025 9:25:00,"$441,240.00"
7732,27754,6/25/2025 13:04:00,"$464,075.00"
7733,27755,7/1/2025 11:08:00,"$655,563.00"
7734,27758,7/3/2025 15:59:00,"$585,197.00"
7735,27763,6/24/2025 17:17:00,"$557,404.00"
7736,27765,6/28/2025 10:55:00,"$609,032.00"
7737,27770,6/25/2025 11:46:00,"$597,308.00"
7738,27771,6/26/2025 15:14:00,"$364,825.00"
7739,27772,7/2/2025 12:48:00,"$611,506.00"
7740,27773,7/6/2025 8:59:00,"$495,536.00"
7741,27775,7/2/2025 8:27:00,"$507,160.00"
7742,27777,7/1/2025 17:06:00,"$363,295.00"
7743,27778,6/25/2025 8:21:00,"$629,584.00"
7744,27786,6/25/2025 13:17:00,"$512,901.00"
7745,27791,6/28/2025 16:25:00,"$460,916.00"
7746,27793,6/25/2025 20:33:00,"$442,239.00"
7747,27794,7/1/2025 10:30:00,"$646,257.00"
7748,27797,6/25/2025 13:57:00,"$573,625.00"
7749,27801,6/29/2025 11:32:00,"$631,108.00"
7750,27803,6/28/2025 9:31:00,"$369,985.00"
7751,27804,6/22/2025 20:44:00,"$547,464.00"
7752,27810,6/28/2025 11:18:00,"$529,706.00"
7753,27814,7/2/2025 12:06:00,"$395,897.00"
7754,27815,6/30/2025 13:53:00,"$451,481.00"
7755,27817,7/2/2025 9:31:00,"$511,161.00"
7756,27822,6/26/2025 12:16:00,"$504,027.00"
7757,27825,6/26/2025 12:54:00,"$567,518.00"
7758,27826,6/30/2025 17:18:00,"$583,815.00"
7759,27827,6/22/2025 18:35:00,"$499,692.00"
7760,27830,6/28/2025 22:08:00,"$462,581.00"
7761,27835,6/30/2025 10:42:00,"$475,914.00"
7762,27836,6/30/2025 19:29:00,"$489,053.00"
7763,27839,7/1/2025 9:54:00,"$484,649.00"
7764,27842,6/24/2025 11:06:00,"$409,860.00"
7765,27844,6/25/2025 11:08:00,"$527,311.00"
7766,27845,7/5/2025 7:22:00,"$415,863.00"
7767,27846,6/26/2025 15:59:00,"$635,372.00"
7768,27848,6/28/2025 1:34:00,"$402,606.00"
7769,27850,6/25/2025 23:09:00,"$480,632.00"
7770,27853,7/6/2025 17:45:00,"$449,974.00"
7771,27855,7/9/2025 15:34:00,"$422,908.00"
7772,27864,6/25/2025 16:28:00,"$589,673.00"
7773,27865,7/2/2025 11:30:00,"$480,647.00"
7774,27866,6/28/2025 13:39:00,"$529,000.00"
7775,27867,6/26/2025 17:33:00,"$386,934.00"
7776,27882,6/25/2025 11:48:00,"$500,320.00"
7777,27883,6/25/2025 13:42:00,"$617,771.00"
7778,27885,6/25/2025 10:56:00,"$387,012.00"
7779,27889,6/24/2025 20:28:00,"$551,424.00"
7780,27897,6/22/2025 17:45:00,"$392,522.00"
7781,27898,7/1/2025 11:05:00,"$605,104.00"
7782,27901,7/7/2025 17:04:00,"$530,225.00"
7783,27904,6/26/2025 18:12:00,"$517,093.00"
7784,27912,7/3/2025 11:30:00,"$415,179.00"
7785,27916,7/1/2025 19:13:00,"$587,288.00"
7786,27920,6/25/2025 12:58:00,"$453,728.00"
7787,27924,6/25/2025 10:29:00,"$358,383.00"
7788,27926,6/30/2025 4:45:00,"$347,504.00"
7789,27929,6/26/2025 14:18:00,"$579,771.00"
7790,27932,6/29/2025 15:26:00,"$602,371.00"
7791,27939,6/24/2025 17:46:00,"$481,338.00"
7792,27942,6/26/2025 16:24:00,"$491,053.00"
7793,27947,7/6/2025 13:10:00,"$547,632.00"
7794,27948,6/23/2025 10:43:00,"$415,207.00"
7795,27949,6/24/2025 14:00:00,"$602,057.00"
7796,27958,6/28/2025 20:10:00,"$546,747.00"
7797,27960,7/5/2025 16:45:00,"$636,977.00"
7798,27961,6/28/2025 10:32:00,"$423,045.00"
7799,27966,6/29/2025 11:01:00,"$577,525.00"
7800,27967,7/2/2025 14:38:00,"$531,837.00"
7801,27973,6/25/2025 12:03:00,"$366,265.00"
7802,27975,6/26/2025 22:03:00,"$552,175.00"
7803,27978,7/2/2025 14:11:00,"$559,909.00"
7804,27979,6/23/2025 13:05:00,"$426,377.00"
7805,27980,7/3/2025 10:21:00,"$436,776.00"
7806,27985,6/29/2025 16:05:00,"$375,653.00"
7807,27990,6/28/2025 15:42:00,"$483,993.00"
7808,27993,7/2/2025 16:48:00,"$433,396.00"
7809,27995,6/28/2025 9:45:00,"$607,815.00"
7810,27997,7/1/2025 12:31:00,"$568,178.00"
7811,27999,6/28/2025 10:35:00,"$596,483.00"
7812,28003,6/30/2025 11:57:00,"$556,490.00"
7813,28004,6/24/2025 12:19:00,"$471,662.00"
7814,28007,7/2/2025 12:19:00,"$534,086.00"
7815,28011,6/26/2025 9:54:00,"$550,148.00"
7816,28015,7/1/2025 16:49:00,"$474,146.00"
7817,28017,7/1/2025 12:49:00,"$430,828.00"
7818,28020,6/26/2025 9:36:00,"$585,747.00"
7819,28024,7/3/2025 17:58:00,"$371,297.00"
7820,28032,7/7/2025 15:51:00,"$582,467.00"
7821,28034,7/2/2025 12:38:00,"$600,949.00"
7822,28038,7/1/2025 4:21:00,"$566,528.00"
7823,28039,6/28/2025 11:29:00,"$538,511.00"
7824,28043,7/8/2025 12:45:00,"$625,066.00"
7825,28045,7/5/2025 10:33:00,"$520,660.00"
7826,28046,6/23/2025 15:19:00,"$479,218.00"
7827,28047,6/25/2025 14:56:00,"$346,486.00"
7828,28048,6/28/2025 10:11:00,"$590,003.00"
7829,28049,6/25/2025 19:27:00,"$458,666.00"
7830,28055,6/28/2025 19:23:00,"$401,050.00"
7831,28056,6/29/2025 15:16:00,"$488,538.00"
7832,28063,7/7/2025 10:05:00,"$374,686.00"
7833,28066,7/6/2025 12:19:00,"$558,186.00"
7834,28068,6/25/2025 11:07:00,"$393,413.00"
7835,28070,6/30/2025 9:28:00,"$534,274.00"
7836,28080,7/8/2025 3:00:00,"$555,677.00"
7837,28086,6/28/2025 15:34:00,"$502,769.00"
7838,28087,6/29/2025 16:36:00,"$476,926.00"
7839,28090,6/30/2025 20:32:00,"$410,498.00"
7840,28091,6/25/2025 11:50:00,"$386,326.00"
7841,28094,7/5/2025 12:19:00,"$655,733.00"
7842,28095,6/30/2025 14:19:00,"$477,325.00"
7843,28101,7/3/2025 14:40:00,"$436,719.00"
7844,28102,6/30/2025 16:10:00,"$535,365.00"
7845,28105,6/28/2025 16:08:00,"$396,674.00"
7846,28106,7/1/2025 11:47:00,"$516,864.00"
7847,28113,7/6/2025 11:07:00,"$389,593.00"
7848,28115,7/2/2025 10:40:00,"$588,750.00"
7849,28116,7/1/2025 15:08:00,"$587,511.00"
7850,28120,6/28/2025 12:12:00,"$367,824.00"
7851,28124,7/1/2025 10:36:00,"$394,629.00"
7852,28126,7/1/2025 9:02:00,"$540,788.00"
7853,28140,6/26/2025 13:31:00,"$523,008.00"
7854,28142,6/25/2025 15:25:00,"$468,205.00"
7855,28147,7/3/2025 20:20:00,"$612,838.00"
7856,28148,7/1/2025 11:55:00,"$655,090.00"
7857,28149,7/3/2025 14:42:00,"$544,654.00"
7858,28151,7/2/2025 14:13:00,"$517,389.00"
7859,28155,6/26/2025 10:50:00,"$555,798.00"
7860,28156,7/2/2025 10:06:00,"$379,866.00"
7861,28160,6/24/2025 12:15:00,"$624,353.00"
7862,28164,6/26/2025 2:26:00,"$560,809.00"
7863,28174,7/5/2025 18:05:00,"$595,896.00"
7864,28175,6/29/2025 17:32:00,"$515,717.00"
7865,28177,6/29/2025 12:53:00,"$433,706.00"
7866,28178,7/2/2025 19:10:00,"$585,377.00"
7867,28190,6/29/2025 12:13:00,"$572,081.00"
7868,28191,7/2/2025 13:44:00,"$375,162.00"
7869,28195,7/1/2025 7:29:00,"$478,090.00"
7870,28201,6/26/2025 12:35:00,"$565,344.00"
7871,28202,6/25/2025 13:53:00,"$383,668.00"
7872,28204,6/26/2025 10:00:00,"$422,767.00"
7873,28205,7/7/2025 17:48:00,"$405,806.00"
7874,28208,6/26/2025 9:04:00,"$521,599.00"
7875,28210,7/6/2025 13:02:00,"$520,633.00"
7876,28222,6/26/2025 16:45:00,"$401,767.00"
7877,28223,6/27/2025 22:48:00,"$356,727.00"
7878,28228,7/5/2025 15:36:00,"$577,610.00"
7879,28229,7/3/2025 14:16:00,"$462,332.00"
7880,28230,6/30/2025 12:51:00,"$617,494.00"
7881,28237,6/29/2025 20:34:00,"$498,445.00"
7882,28238,6/28/2025 13:12:00,"$468,731.00"
7883,28242,6/29/2025 16:28:00,"$555,704.00"
7884,28243,7/5/2025 10:30:00,"$573,863.00"
7885,28249,6/29/2025 13:42:00,"$508,774.00"
7886,28255,6/26/2025 9:50:00,"$458,867.00"
7887,28257,6/26/2025 19:54:00,"$498,832.00"
7888,28259,6/30/2025 13:45:00,"$384,986.00"
7889,28262,7/6/2025 21:34:00,"$363,931.00"
7890,28265,7/5/2025 9:12:00,"$632,573.00"
7891,28266,6/29/2025 18:34:00,"$627,275.00"
7892,28268,6/28/2025 13:39:00,"$351,598.00"
7893,28273,7/3/2025 9:26:00,"$640,297.00"
7894,28275,6/28/2025 9:39:00,"$421,163.00"
7895,28277,6/30/2025 10:54:00,"$384,393.00"
7896,28278,7/3/2025 0:40:00,"$436,092.00"
7897,28280,7/1/2025 11:37:00,"$492,489.00"
7898,28299,6/25/2025 15:09:00,"$594,142.00"
7899,28301,6/29/2025 9:48:00,"$420,804.00"
7900,28308,7/1/2025 19:33:00,"$553,268.00"
7901,28309,7/6/2025 13:16:00,"$369,170.00"
7902,28313,7/10/2025 16:36:00,"$563,925.00"
7903,28314,6/28/2025 6:36:00,"$514,024.00"
7904,28321,7/3/2025 11:39:00,"$389,667.00"
7905,28330,7/1/2025 14:29:00,"$626,963.00"
7906,28331,7/5/2025 18:01:00,"$577,437.00"
7907,28339,6/29/2025 13:40:00,"$588,910.00"
7908,28344,6/29/2025 8:11:00,"$499,724.00"
7909,28346,7/6/2025 15:53:00,"$486,380.00"
7910,28349,7/6/2025 16:02:00,"$536,140.00"
7911,28351,6/26/2025 9:33:00,"$472,810.00"
7912,28357,7/2/2025 10:24:00,"$396,660.00"
7913,28361,7/2/2025 14:06:00,"$459,144.00"
7914,28362,7/7/2025 14:15:00,"$555,213.00"
7915,28367,7/7/2025 13:00:00,"$551,559.00"
7916,28370,7/3/2025 12:16:00,"$636,269.00"
7917,28378,6/28/2025 12:57:00,"$435,602.00"
7918,28381,6/30/2025 16:57:00,"$594,492.00"
7919,28382,6/29/2025 13:06:00,"$515,549.00"
7920,28383,6/30/2025 3:48:00,"$610,584.00"
7921,28384,6/26/2025 9:16:00,"$564,927.00"
7922,28387,6/29/2025 4:44:00,"$433,517.00"
7923,28389,6/29/2025 11:40:00,"$418,606.00"
7924,28390,6/26/2025 10:37:00,"$537,303.00"
7925,28391,7/2/2025 12:24:00,"$393,261.00"
7926,28394,6/30/2025 13:36:00,"$493,189.00"
7927,28395,7/5/2025 14:57:00,"$524,043.00"
7928,28397,6/29/2025 12:06:00,"$455,384.00"
7929,28399,7/6/2025 17:26:00,"$601,348.00"
7930,28400,6/30/2025 3:21:00,"$365,308.00"
7931,28409,7/6/2025 8:18:00,"$613,091.00"
7932,28412,7/5/2025 5:25:00,"$446,628.00"
7933,28413,7/7/2025 12:08:00,"$540,215.00"
7934,28414,6/25/2025 19:58:00,"$446,093.00"
7935,28426,7/6/2025 3:23:00,"$605,545.00"
7936,28427,7/1/2025 12:34:00,"$395,743.00"
7937,28431,6/26/2025 12:33:00,"$457,614.00"
7938,28432,7/6/2025 1:43:00,"$597,611.00"
7939,28434,6/28/2025 10:12:00,"$580,152.00"
7940,28436,7/1/2025 9:29:00,"$518,415.00"
7941,28438,7/8/2025 0:53:00,"$399,573.00"
7942,28443,7/5/2025 12:16:00,"$610,069.00"
7943,28458,7/7/2025 12:32:00,"$437,293.00"
7944,28465,6/30/2025 14:10:00,"$381,474.00"
7945,28468,7/2/2025 17:35:00,"$537,927.00"
7946,28473,7/10/2025 14:25:00,"$543,461.00"
7947,28475,6/30/2025 15:52:00,"$584,411.00"
7948,28477,6/28/2025 16:49:00,"$439,896.00"
7949,28482,7/1/2025 12:46:00,"$371,804.00"
7950,28483,6/29/2025 13:17:00,"$603,208.00"
7951,28486,7/8/2025 18:36:00,"$605,265.00"
7952,28489,7/2/2025 13:23:00,"$522,172.00"
7953,28491,7/5/2025 9:12:00,"$597,550.00"
7954,28492,6/26/2025 12:39:00,"$469,921.00"
7955,28495,6/28/2025 9:52:00,"$504,110.00"
7956,28500,7/6/2025 9:12:00,"$622,514.00"
7957,28505,6/30/2025 20:46:00,"$497,717.00"
7958,28507,7/5/2025 11:09:00,"$548,209.00"
7959,28508,6/30/2025 9:26:00,"$359,104.00"
7960,28509,7/7/2025 10:38:00,"$439,218.00"
7961,28510,7/3/2025 11:22:00,"$490,825.00"
7962,28513,7/3/2025 22:04:00,"$591,837.00"
7963,28515,7/4/2025 21:33:00,"$589,932.00"
7964,28516,6/30/2025 17:09:00,"$460,553.00"
7965,28518,6/30/2025 12:30:00,"$621,974.00"
7966,28521,6/29/2025 11:44:00,"$560,307.00"
7967,28526,7/9/2025 14:08:00,"$534,352.00"
7968,28529,7/5/2025 15:24:00,"$366,023.00"
7969,28530,7/5/2025 10:03:00,"$606,943.00"
7970,28532,7/6/2025 9:49:00,"$540,990.00"
7971,28533,7/1/2025 13:58:00,"$477,512.00"
7972,28534,7/2/2025 11:06:00,"$574,589.00"
7973,28538,6/29/2025 8:47:00,"$412,024.00"
7974,28545,7/7/2025 15:28:00,"$478,370.00"
7975,28546,7/4/2025 12:26:00,"$606,811.00"
7976,28552,7/8/2025 20:28:00,"$538,682.00"
7977,28556,7/2/2025 10:32:00,"$485,285.00"
7978,28557,6/30/2025 13:24:00,"$355,100.00"
7979,28558,7/5/2025 15:38:00,"$441,363.00"
7980,28559,7/2/2025 15:55:00,"$447,525.00"
7981,28560,7/2/2025 9:30:00,"$653,042.00"
7982,28569,6/28/2025 14:27:00,"$518,661.00"
7983,28573,7/10/2025 14:19:00,"$382,425.00"
7984,28576,6/30/2025 10:16:00,"$414,881.00"
7985,28585,7/2/2025 12:35:00,"$582,676.00"
7986,28586,6/29/2025 9:10:00,"$432,457.00"
7987,28588,6/28/2025 4:38:00,"$449,205.00"
7988,28589,7/5/2025 3:26:00,"$390,720.00"
7989,28592,7/2/2025 19:17:00,"$654,271.00"
7990,28598,7/3/2025 0:58:00,"$522,057.00"
7991,28601,7/2/2025 10:18:00,"$427,674.00"
7992,28605,6/28/2025 11:33:00,"$461,545.00"
7993,28612,7/6/2025 12:13:00,"$374,853.00"
7994,28616,7/1/2025 11:04:00,"$541,903.00"
7995,28617,7/7/2025 14:37:00,"$517,112.00"
7996,28621,7/6/2025 11:49:00,"$466,639.00"
7997,28622,6/30/2025 17:45:00,"$621,215.00"
7998,28628,7/2/2025 8:56:00,"$445,554.00"
7999,28632,7/5/2025 13:20:00,"$391,230.00"
8000,28645,7/3/2025 13:25:00,"$511,177.00"
8001,28654,7/5/2025 20:29:00,"$627,381.00"
8002,28664,7/3/2025 14:58:00,"$461,888.00"
8003,28665,7/5/2025 10:53:00,"$566,045.00"
8004,28667,6/29/2025 16:59:00,"$414,509.00"
8005,28673,7/5/2025 14:40:00,"$653,854.00"
8006,28680,7/7/2025 20:09:00,"$484,091.00"
8007,28687,7/9/2025 9:20:00,"$644,631.00"
8008,28691,6/29/2025 17:48:00,"$438,870.00"
8009,28696,7/1/2025 16:31:00,"$544,816.00"
8010,28697,6/30/2025 18:08:00,"$341,872.00"
8011,28706,6/28/2025 6:49:00,"$446,070.00"
8012,28707,7/8/2025 13:02:00,"$555,061.00"
8013,28709,6/30/2025 12:54:00,"$380,151.00"
8014,28711,7/1/2025 11:06:00,"$411,948.00"
8015,28714,7/6/2025 9:21:00,"$400,520.00"
8016,28715,7/8/2025 13:48:00,"$611,829.00"
8017,28716,7/3/2025 18:21:00,"$439,768.00"
8018,28718,7/7/2025 8:40:00,"$489,551.00"
8019,28720,7/9/2025 18:48:00,"$372,085.00"
8020,28721,7/1/2025 8:34:00,"$605,558.00"
8021,28726,7/10/2025 16:26:00,"$556,384.00"
8022,28731,6/30/2025 9:22:00,"$504,121.00"
8023,28733,7/5/2025 15:40:00,"$431,751.00"
8024,28734,7/3/2025 10:02:00,"$598,507.00"
8025,28737,7/3/2025 17:25:00,"$557,509.00"
8026,28738,7/7/2025 11:11:00,"$540,091.00"
8027,28739,7/2/2025 2:17:00,"$579,564.00"
8028,28741,7/10/2025 21:26:00,"$493,086.00"
8029,28743,6/28/2025 3:10:00,"$505,060.00"
8030,28752,7/3/2025 12:20:00,"$369,799.00"
8031,28756,7/6/2025 22:25:00,"$595,346.00"
8032,28764,6/28/2025 17:51:00,"$564,378.00"
8033,28765,7/3/2025 14:19:00,"$495,019.00"
8034,28769,7/8/2025 10:38:00,"$610,030.00"
8035,28774,7/8/2025 15:56:00,"$597,232.00"
8036,28780,6/28/2025 11:55:00,"$548,264.00"
8037,28784,7/7/2025 14:22:00,"$633,219.00"
8038,28790,7/12/2025 13:11:00,"$485,851.00"
8039,28793,7/9/2025 20:35:00,"$432,568.00"
8040,28799,7/8/2025 16:21:00,"$375,529.00"
8041,28801,6/28/2025 15:16:00,"$463,386.00"
8042,28803,6/30/2025 6:03:00,"$356,914.00"
8043,28804,7/7/2025 10:03:00,"$625,858.00"
8044,28805,7/8/2025 13:14:00,"$525,703.00"
8045,28806,7/1/2025 18:15:00,"$449,188.00"
8046,28807,7/2/2025 12:57:00,"$576,366.00"
8047,28809,7/9/2025 15:54:00,"$472,880.00"
8048,28810,7/3/2025 10:08:00,"$629,773.00"
8049,28815,7/2/2025 17:57:00,"$374,716.00"
8050,28816,6/29/2025 12:07:00,"$577,760.00"
8051,28822,7/7/2025 12:27:00,"$409,222.00"
8052,28824,7/7/2025 17:45:00,"$613,184.00"
8053,28826,7/2/2025 15:24:00,"$459,715.00"
8054,28831,7/8/2025 3:13:00,"$645,115.00"
8055,28832,6/30/2025 13:51:00,"$560,745.00"
8056,28833,7/1/2025 13:09:00,"$533,025.00"
8057,28837,7/6/2025 17:09:00,"$425,043.00"
8058,28839,7/2/2025 11:47:00,"$519,884.00"
8059,28843,7/10/2025 20:12:00,"$657,271.00"
8060,28850,7/9/2025 14:04:00,"$584,071.00"
8061,28852,7/7/2025 16:10:00,"$493,769.00"
8062,28854,7/1/2025 16:42:00,"$442,405.00"
8063,28856,7/2/2025 9:35:00,"$604,826.00"
8064,28857,7/10/2025 11:34:00,"$581,033.00"
8065,28860,7/7/2025 10:13:00,"$521,928.00"
8066,28861,7/6/2025 10:04:00,"$426,981.00"
8067,28863,7/11/2025 7:09:00,"$652,797.00"
8068,28868,7/4/2025 14:02:00,"$483,275.00"
8069,28870,7/3/2025 12:31:00,"$410,627.00"
8070,28871,7/8/2025 15:52:00,"$660,257.00"
8071,28876,7/2/2025 9:56:00,"$496,810.00"
8072,28878,6/30/2025 11:55:00,"$496,269.00"
8073,28879,7/8/2025 8:26:00,"$490,207.00"
8074,28881,7/2/2025 13:38:00,"$641,755.00"
8075,28883,7/3/2025 9:27:00,"$444,147.00"
8076,28884,6/28/2025 21:38:00,"$356,018.00"
8077,28891,7/13/2025 13:11:00,"$491,946.00"
8078,28892,7/5/2025 14:58:00,"$431,040.00"
8079,28893,6/30/2025 18:21:00,"$581,238.00"
8080,28895,7/7/2025 12:12:00,"$487,039.00"
8081,28896,6/30/2025 13:40:00,"$382,845.00"
8082,28900,7/3/2025 9:12:00,"$505,439.00"
8083,28905,7/4/2025 22:47:00,"$372,848.00"
8084,28913,7/6/2025 4:28:00,"$424,529.00"
8085,28915,7/2/2025 13:09:00,"$481,739.00"
8086,28916,7/8/2025 9:19:00,"$500,101.00"
8087,28919,7/2/2025 16:55:00,"$575,182.00"
8088,28921,7/10/2025 7:21:00,"$523,596.00"
8089,28922,6/30/2025 17:48:00,"$406,009.00"
8090,28924,7/3/2025 13:20:00,"$422,525.00"
8091,28929,7/1/2025 16:45:00,"$386,529.00"
8092,28931,7/2/2025 12:29:00,"$432,655.00"
8093,28935,7/1/2025 10:37:00,"$365,844.00"
8094,28939,7/7/2025 16:11:00,"$373,213.00"
8095,28947,6/29/2025 18:39:00,"$609,882.00"
8096,28955,7/3/2025 10:48:00,"$387,097.00"
8097,28959,7/3/2025 14:42:00,"$532,017.00"
8098,28960,7/9/2025 12:24:00,"$382,607.00"
8099,28964,7/6/2025 11:05:00,"$660,162.00"
8100,28972,7/1/2025 14:12:00,"$507,882.00"
8101,28976,7/3/2025 11:57:00,"$550,198.00"
8102,28982,7/3/2025 15:05:00,"$638,806.00"
8103,28992,7/4/2025 0:42:00,"$430,644.00"
8104,29001,7/13/2025 17:12:00,"$537,851.00"
8105,29002,7/7/2025 15:21:00,"$417,835.00"
8106,29004,7/10/2025 14:27:00,"$636,920.00"
8107,29006,7/7/2025 12:48:00,"$585,946.00"
8108,29009,7/3/2025 13:43:00,"$612,056.00"
8109,29010,7/9/2025 10:52:00,"$575,807.00"
8110,29011,7/1/2025 12:40:00,"$482,228.00"
8111,29015,7/5/2025 18:02:00,"$423,441.00"
8112,29016,7/2/2025 13:36:00,"$401,236.00"
8113,29019,7/1/2025 15:14:00,"$414,949.00"
8114,29024,7/8/2025 13:12:00,"$557,973.00"
8115,29028,7/1/2025 17:23:00,"$638,184.00"
8116,29032,6/29/2025 17:38:00,"$393,820.00"
8117,29035,7/6/2025 8:52:00,"$456,992.00"
8118,29039,7/6/2025 12:38:00,"$635,046.00"
8119,29050,7/1/2025 20:14:00,"$658,788.00"
8120,29051,6/29/2025 16:32:00,"$416,731.00"
8121,29052,7/2/2025 9:04:00,"$599,340.00"
8122,29053,7/6/2025 15:14:00,"$394,048.00"
8123,29054,7/2/2025 9:57:00,"$469,939.00"
8124,29058,7/6/2025 15:11:00,"$638,391.00"
8125,29059,7/4/2025 19:18:00,"$592,001.00"
8126,29062,7/3/2025 11:44:00,"$451,687.00"
8127,29063,7/6/2025 12:00:00,"$638,775.00"
8128,29064,7/6/2025 16:30:00,"$385,015.00"
8129,29066,6/30/2025 15:22:00,"$579,741.00"
8130,29072,7/6/2025 12:53:00,"$495,761.00"
8131,29076,7/6/2025 11:14:00,"$544,317.00"
8132,29078,7/6/2025 15:08:00,"$615,928.00"
8133,29083,7/10/2025 10:54:00,"$516,030.00"
8134,29084,6/30/2025 8:46:00,"$346,854.00"
8135,29089,6/30/2025 16:23:00,"$444,948.00"
8136,29100,7/6/2025 11:29:00,"$513,859.00"
8137,29104,7/6/2025 14:33:00,"$587,192.00"
8138,29105,7/1/2025 23:55:00,"$378,085.00"
8139,29107,7/5/2025 23:25:00,"$505,848.00"
8140,29112,7/9/2025 16:17:00,"$644,094.00"
8141,29114,7/8/2025 10:02:00,"$465,759.00"
8142,29118,7/12/2025 23:38:00,"$412,205.00"
8143,29125,7/7/2025 15:49:00,"$655,175.00"
8144,29128,7/13/2025 17:05:00,"$585,632.00"
8145,29129,7/7/2025 12:32:00,"$628,717.00"
8146,29131,7/1/2025 13:45:00,"$581,319.00"
8147,29132,7/9/2025 17:23:00,"$640,069.00"
8148,29136,7/8/2025 20:27:00,"$550,200.00"
8149,29141,7/7/2025 9:28:00,"$527,234.00"
8150,29144,7/2/2025 17:00:00,"$655,909.00"
8151,29149,7/9/2025 8:34:00,"$397,715.00"
8152,29151,7/1/2025 13:49:00,"$491,974.00"
8153,29153,7/6/2025 10:53:00,"$541,852.00"
8154,29157,7/8/2025 17:24:00,"$445,182.00"
8155,29160,7/7/2025 10:43:00,"$496,336.00"
8156,29164,7/2/2025 14:23:00,"$658,748.00"
8157,29167,7/10/2025 7:45:00,"$569,877.00"
8158,29170,7/6/2025 17:16:00,"$651,397.00"
8159,29179,7/3/2025 12:09:00,"$440,815.00"
8160,29182,7/8/2025 15:57:00,"$418,245.00"
8161,29187,7/7/2025 13:05:00,"$377,129.00"
8162,29191,7/8/2025 3:12:00,"$566,479.00"
8163,29208,7/8/2025 4:12:00,"$616,988.00"
8164,29210,7/14/2025 10:52:00,"$642,733.00"
8165,29213,7/9/2025 8:06:00,"$559,176.00"
8166,29215,7/3/2025 17:32:00,"$603,123.00"
8167,29216,7/9/2025 9:55:00,"$441,813.00"
8168,29219,7/8/2025 17:22:00,"$438,269.00"
8169,29221,7/12/2025 9:12:00,"$420,642.00"
8170,29225,7/7/2025 10:46:00,"$520,519.00"
8171,29227,7/7/2025 12:22:00,"$437,325.00"
8172,29229,7/4/2025 21:41:00,"$425,452.00"
8173,29230,7/9/2025 15:50:00,"$501,615.00"
8174,29233,7/3/2025 9:41:00,"$421,687.00"
8175,29234,7/10/2025 12:08:00,"$380,628.00"
8176,29235,7/3/2025 16:33:00,"$658,578.00"
8177,29239,7/2/2025 16:46:00,"$607,300.00"
8178,29242,7/5/2025 6:06:00,"$502,512.00"
8179,29243,7/2/2025 18:03:00,"$469,973.00"
8180,29245,7/7/2025 15:33:00,"$569,130.00"
8181,29248,7/10/2025 10:47:00,"$520,506.00"
8182,29254,7/5/2025 8:25:00,"$435,693.00"
8183,29255,7/8/2025 5:03:00,"$640,674.00"
8184,29259,7/6/2025 9:24:00,"$589,336.00"
8185,29261,7/6/2025 13:11:00,"$621,910.00"
8186,29275,7/6/2025 10:58:00,"$652,798.00"
8187,29277,7/9/2025 15:09:00,"$527,551.00"
8188,29279,7/11/2025 1:38:00,"$629,710.00"
8189,29285,7/3/2025 16:58:00,"$491,253.00"
8190,29286,7/10/2025 16:22:00,"$635,846.00"
8191,29292,7/7/2025 14:30:00,"$619,517.00"
8192,29293,7/3/2025 16:37:00,"$576,560.00"
8193,29298,7/12/2025 9:01:00,"$502,401.00"
8194,29304,7/8/2025 15:12:00,"$368,841.00"
8195,29309,7/5/2025 16:12:00,"$559,257.00"
8196,29311,7/7/2025 8:21:00,"$399,787.00"
8197,29312,7/7/2025 8:01:00,"$528,002.00"
8198,29323,7/2/2025 12:12:00,"$434,669.00"
8199,29324,7/10/2025 11:42:00,"$489,033.00"
8200,29328,7/7/2025 10:48:00,"$596,281.00"
8201,29331,7/2/2025 16:02:00,"$439,628.00"
8202,29338,7/8/2025 13:45:00,"$655,602.00"
8203,29340,7/7/2025 14:28:00,"$375,416.00"
8204,29341,7/3/2025 12:24:00,"$539,474.00"
8205,29345,7/5/2025 15:32:00,"$511,659.00"
8206,29348,7/10/2025 15:35:00,"$496,394.00"
8207,29349,7/5/2025 16:19:00,"$590,410.00"
8208,29351,7/17/2025 11:53:00,"$464,301.00"
8209,29355,7/1/2025 16:52:00,"$449,426.00"
8210,29356,7/7/2025 16:55:00,"$570,458.00"
8211,29365,7/10/2025 4:51:00,"$627,036.00"
8212,29370,7/13/2025 16:41:00,"$424,474.00"
8213,29374,7/2/2025 17:08:00,"$570,851.00"
8214,29375,7/9/2025 12:41:00,"$548,964.00"
8215,29379,7/6/2025 10:53:00,"$471,219.00"
8216,29391,7/10/2025 8:01:00,"$383,018.00"
8217,29392,7/7/2025 8:00:00,"$415,914.00"
8218,29395,7/7/2025 1:43:00,"$586,444.00"
8219,29397,7/6/2025 18:33:00,"$436,065.00"
8220,29399,7/9/2025 5:53:00,"$379,690.00"
8221,29401,7/6/2025 15:07:00,"$560,907.00"
8222,29402,7/6/2025 17:17:00,"$629,985.00"
8223,29403,7/9/2025 15:31:00,"$506,580.00"
8224,29404,7/4/2025 16:28:00,"$553,273.00"
8225,29410,7/13/2025 9:20:00,"$450,707.00"
8226,29411,7/7/2025 12:38:00,"$474,550.00"
8227,29414,7/5/2025 14:11:00,"$519,433.00"
8228,29418,7/3/2025 16:13:00,"$561,682.00"
8229,29420,7/5/2025 10:53:00,"$543,163.00"
8230,29421,7/3/2025 12:40:00,"$506,801.00"
8231,29426,7/5/2025 16:20:00,"$592,591.00"
8232,29428,7/5/2025 10:58:00,"$443,343.00"
8233,29429,7/7/2025 17:25:00,"$433,966.00"
8234,29437,7/14/2025 20:09:00,"$385,560.00"
8235,29438,7/12/2025 11:37:00,"$435,876.00"
8236,29442,7/8/2025 9:37:00,"$480,400.00"
8237,29448,7/6/2025 15:49:00,"$573,704.00"
8238,29449,7/15/2025 17:48:00,"$407,249.00"
8239,29453,7/5/2025 19:01:00,"$505,522.00"
8240,29455,7/6/2025 11:55:00,"$562,401.00"
8241,29456,7/4/2025 22:19:00,"$374,941.00"
8242,29463,7/9/2025 17:26:00,"$539,854.00"
8243,29466,7/8/2025 15:09:00,"$429,969.00"
8244,29474,7/10/2025 14:33:00,"$545,482.00"
8245,29475,7/5/2025 13:29:00,"$595,333.00"
8246,29476,7/7/2025 8:21:00,"$395,977.00"
8247,29477,7/15/2025 9:16:00,"$451,721.00"
8248,29478,7/6/2025 17:14:00,"$623,140.00"
8249,29480,7/7/2025 2:18:00,"$547,174.00"
8250,29481,7/14/2025 16:56:00,"$598,519.00"
8251,29484,7/9/2025 15:23:00,"$623,221.00"
8252,29485,7/8/2025 17:30:00,"$576,653.00"
8253,29486,7/5/2025 17:19:00,"$475,692.00"
8254,29488,7/7/2025 11:05:00,"$445,576.00"
8255,29497,7/8/2025 9:33:00,"$421,668.00"
8256,29509,7/14/2025 14:37:00,"$453,791.00"
8257,29514,7/7/2025 9:34:00,"$597,485.00"
8258,29530,7/8/2025 9:25:00,"$629,524.00"
8259,29535,7/8/2025 15:46:00,"$498,980.00"
8260,29536,7/5/2025 13:01:00,"$406,077.00"
8261,29538,7/5/2025 17:40:00,"$458,842.00"
8262,29541,7/5/2025 10:34:00,"$455,180.00"
8263,29542,7/12/2025 7:37:00,"$624,561.00"
8264,29543,7/13/2025 9:41:00,"$375,828.00"
8265,29546,7/17/2025 11:51:00,"$644,293.00"
8266,29550,7/5/2025 19:02:00,"$452,538.00"
8267,29552,7/16/2025 12:12:00,"$595,177.00"
8268,29554,7/10/2025 18:13:00,"$620,837.00"
8269,29555,7/10/2025 12:13:00,"$391,486.00"
8270,29558,7/7/2025 9:20:00,"$611,104.00"
8271,29560,7/7/2025 17:25:00,"$435,815.00"
8272,29564,7/5/2025 9:41:00,"$398,194.00"
8273,29565,7/10/2025 14:34:00,"$596,426.00"
8274,29567,7/4/2025 8:41:00,"$398,531.00"
8275,29569,7/5/2025 16:25:00,"$402,905.00"
8276,29571,7/6/2025 15:57:00,"$526,024.00"
8277,29572,7/10/2025 9:39:00,"$571,144.00"
8278,29574,7/12/2025 12:56:00,"$516,349.00"
8279,29577,7/15/2025 9:11:00,"$496,769.00"
8280,29579,7/10/2025 17:44:00,"$547,800.00"
8281,29585,7/7/2025 14:02:00,"$640,542.00"
8282,29593,7/6/2025 14:29:00,"$383,610.00"
8283,29595,7/10/2025 16:01:00,"$503,884.00"
8284,29602,7/13/2025 11:34:00,"$464,315.00"
8285,29603,7/7/2025 18:49:00,"$516,846.00"
8286,29605,7/5/2025 13:24:00,"$434,677.00"
8287,29606,7/15/2025 13:38:00,"$495,304.00"
8288,29610,7/8/2025 13:15:00,"$567,708.00"
8289,29611,7/6/2025 9:14:00,"$577,681.00"
8290,29612,7/8/2025 15:08:00,"$616,542.00"
8291,29613,7/9/2025 10:44:00,"$363,145.00"
8292,29615,7/12/2025 7:38:00,"$522,798.00"
8293,29616,7/6/2025 17:28:00,"$568,469.00"
8294,29617,7/10/2025 16:59:00,"$522,609.00"
8295,29620,7/7/2025 16:57:00,"$397,953.00"
8296,29625,7/5/2025 12:06:00,"$559,785.00"
8297,29627,7/3/2025 21:48:00,"$582,106.00"
8298,29632,7/8/2025 11:23:00,"$434,535.00"
8299,29636,7/12/2025 17:10:00,"$457,044.00"
8300,29638,7/17/2025 11:42:00,"$584,246.00"
8301,29642,7/9/2025 11:18:00,"$612,196.00"
8302,29645,7/9/2025 9:33:00,"$624,158.00"
8303,29647,7/8/2025 14:37:00,"$563,782.00"
8304,29654,7/6/2025 12:47:00,"$369,186.00"
8305,29658,7/5/2025 15:35:00,"$413,552.00"
8306,29659,7/8/2025 16:19:00,"$644,669.00"
8307,29660,7/8/2025 14:24:00,"$367,374.00"
8308,29662,7/13/2025 15:30:00,"$471,690.00"
8309,29664,7/9/2025 10:59:00,"$420,879.00"
8310,29665,7/10/2025 12:19:00,"$529,983.00"
8311,29666,7/16/2025 12:54:00,"$384,390.00"
8312,29670,7/10/2025 12:49:00,"$388,353.00"
8313,29672,7/10/2025 14:03:00,"$487,016.00"
8314,29673,7/14/2025 21:39:00,"$364,457.00"
8315,29681,7/10/2025 11:20:00,"$562,204.00"
8316,29684,7/9/2025 21:05:00,"$472,210.00"
8317,29692,7/7/2025 17:13:00,"$394,344.00"
8318,29697,7/8/2025 12:29:00,"$576,512.00"
8319,29702,7/15/2025 13:55:00,"$468,656.00"
8320,29705,7/9/2025 10:16:00,"$396,093.00"
8321,29707,7/10/2025 10:58:00,"$463,265.00"
8322,29708,7/7/2025 15:04:00,"$635,091.00"
8323,29718,7/5/2025 16:49:00,"$455,309.00"
8324,29721,7/4/2025 19:58:00,"$431,095.00"
8325,29723,7/15/2025 5:37:00,"$412,594.00"
8326,29724,7/10/2025 17:45:00,"$554,029.00"
8327,29726,7/6/2025 19:56:00,"$506,430.00"
8328,29736,7/16/2025 9:22:00,"$439,126.00"
8329,29738,7/12/2025 17:30:00,"$380,829.00"
8330,29740,7/12/2025 14:22:00,"$410,921.00"
8331,29752,7/11/2025 7:35:00,"$616,097.00"
8332,29753,7/8/2025 14:40:00,"$633,467.00"
8333,29755,7/7/2025 11:23:00,"$365,565.00"
8334,29759,7/7/2025 20:00:00,"$633,648.00"
8335,29762,7/10/2025 17:42:00,"$598,211.00"
8336,29763,7/17/2025 12:48:00,"$420,917.00"
8337,29767,7/17/2025 12:33:00,"$597,136.00"
8338,29771,7/14/2025 12:16:00,"$575,528.00"
8339,29772,7/15/2025 11:23:00,"$372,413.00"
8340,29775,7/7/2025 11:17:00,"$515,782.00"
8341,29776,7/8/2025 17:52:00,"$587,637.00"
8342,29782,7/9/2025 9:25:00,"$499,644.00"
8343,29783,7/7/2025 12:48:00,"$533,767.00"
8344,29784,7/10/2025 15:27:00,"$449,313.00"
8345,29785,7/8/2025 16:42:00,"$388,941.00"
8346,29786,7/10/2025 10:53:00,"$459,609.00"
8347,29787,7/10/2025 11:37:00,"$560,836.00"
8348,29795,7/19/2025 17:41:00,"$427,486.00"
8349,29798,7/6/2025 11:26:00,"$396,624.00"
8350,29800,7/10/2025 13:22:00,"$390,637.00"
8351,29801,7/8/2025 15:01:00,"$393,879.00"
8352,29809,7/7/2025 9:48:00,"$620,260.00"
8353,29810,7/8/2025 15:36:00,"$502,732.00"
8354,29811,7/12/2025 2:53:00,"$546,502.00"
8355,29815,7/8/2025 9:32:00,"$522,930.00"
8356,29817,7/10/2025 14:14:00,"$622,306.00"
8357,29819,7/6/2025 15:05:00,"$628,121.00"
8358,29820,7/12/2025 10:40:00,"$588,346.00"
8359,29821,7/10/2025 3:57:00,"$520,068.00"
8360,29829,7/15/2025 16:58:00,"$379,681.00"
8361,29834,7/8/2025 14:06:00,"$473,988.00"
8362,29836,7/6/2025 10:40:00,"$650,684.00"
8363,29837,7/10/2025 9:21:00,"$498,741.00"
8364,29839,7/10/2025 11:04:00,"$450,511.00"
8365,29840,7/15/2025 17:54:00,"$646,212.00"
8366,29841,7/14/2025 13:54:00,"$405,262.00"
8367,29842,7/16/2025 10:27:00,"$402,159.00"
8368,29843,7/9/2025 12:59:00,"$494,806.00"
8369,29844,7/14/2025 2:46:00,"$550,831.00"
8370,29856,7/13/2025 14:45:00,"$402,541.00"
8371,29867,7/12/2025 11:10:00,"$641,271.00"
8372,29877,7/10/2025 9:33:00,"$525,061.00"
8373,29878,7/13/2025 12:07:00,"$616,813.00"
8374,29879,7/17/2025 12:28:00,"$636,491.00"
8375,29883,7/12/2025 16:55:00,"$564,296.00"
8376,29884,7/9/2025 5:49:00,"$594,219.00"
8377,29886,7/10/2025 16:11:00,"$397,265.00"
8378,29888,7/9/2025 15:06:00,"$631,405.00"
8379,29889,7/17/2025 15:35:00,"$502,355.00"
8380,29896,7/5/2025 16:50:00,"$559,966.00"
8381,29897,7/12/2025 17:37:00,"$488,894.00"
8382,29899,7/7/2025 12:54:00,"$514,683.00"
8383,29905,7/16/2025 12:08:00,"$547,959.00"
8384,29913,7/13/2025 22:13:00,"$361,450.00"
8385,29915,7/5/2025 18:37:00,"$589,278.00"
8386,29921,7/6/2025 13:38:00,"$423,435.00"
8387,29928,7/7/2025 13:46:00,"$499,971.00"
8388,29932,7/11/2025 9:26:00,"$555,291.00"
8389,29935,7/13/2025 10:30:00,"$473,091.00"
8390,29939,7/10/2025 9:25:00,"$459,841.00"
8391,29940,7/10/2025 16:24:00,"$397,272.00"
8392,29942,7/8/2025 8:52:00,"$535,874.00"
8393,29943,7/9/2025 16:59:00,"$548,829.00"
8394,29950,7/9/2025 13:22:00,"$655,015.00"
8395,29951,7/13/2025 19:55:00,"$647,455.00"
8396,29952,7/13/2025 10:29:00,"$457,858.00"
8397,29957,7/8/2025 14:45:00,"$394,652.00"
8398,29958,7/13/2025 11:32:00,"$361,411.00"
8399,29964,7/17/2025 9:55:00,"$361,092.00"
8400,29967,7/9/2025 9:15:00,"$547,862.00"
8401,29970,7/19/2025 10:36:00,"$422,522.00"
8402,29971,7/13/2025 17:20:00,"$408,960.00"
8403,29974,7/9/2025 15:19:00,"$433,140.00"
8404,29983,7/14/2025 13:29:00,"$606,490.00"
8405,29988,7/13/2025 20:45:00,"$582,270.00"
8406,29991,7/13/2025 14:42:00,"$543,875.00"
8407,29994,7/7/2025 10:36:00,"$627,049.00"
8408,29999,7/9/2025 15:18:00,"$479,720.00"
8409,30002,7/9/2025 14:19:00,"$369,547.00"
8410,30003,7/16/2025 11:25:00,"$432,478.00"
8411,30004,7/12/2025 12:18:00,"$579,992.00"
8412,30005,7/8/2025 9:59:00,"$427,898.00"
8413,30009,7/10/2025 4:48:00,"$363,048.00"
8414,30015,7/8/2025 9:47:00,"$533,824.00"
8415,30018,7/16/2025 17:06:00,"$509,491.00"
8416,30022,7/13/2025 18:29:00,"$539,471.00"
8417,30023,7/12/2025 17:20:00,"$589,671.00"
8418,30026,7/17/2025 11:01:00,"$649,601.00"
8419,30028,7/12/2025 8:13:00,"$387,697.00"
8420,30031,7/8/2025 11:45:00,"$645,311.00"
8421,30035,7/10/2025 17:22:00,"$579,231.00"
8422,30038,7/14/2025 11:00:00,"$528,620.00"
8423,30043,7/7/2025 16:12:00,"$524,196.00"
8424,30044,7/12/2025 17:56:00,"$541,369.00"
8425,30045,7/12/2025 13:53:00,"$476,983.00"
8426,30046,7/6/2025 21:17:00,"$414,042.00"
8427,30048,7/18/2025 19:09:00,"$444,753.00"
8428,30049,7/8/2025 10:16:00,"$451,440.00"
8429,30061,7/9/2025 11:21:00,"$600,141.00"
8430,30066,7/12/2025 10:51:00,"$620,201.00"
8431,30067,7/19/2025 18:03:00,"$543,618.00"
8432,30076,7/13/2025 11:08:00,"$561,277.00"
8433,30081,7/17/2025 16:26:00,"$595,456.00"
8434,30084,7/17/2025 8:42:00,"$653,493.00"
8435,30085,7/8/2025 16:09:00,"$615,451.00"
8436,30086,7/7/2025 8:20:00,"$653,770.00"
8437,30094,7/9/2025 17:09:00,"$388,907.00"
8438,30095,7/20/2025 11:09:00,"$636,206.00"
8439,30099,7/12/2025 18:14:00,"$460,436.00"
8440,30101,7/8/2025 15:17:00,"$628,654.00"
8441,30104,7/15/2025 23:00:00,"$570,190.00"
8442,30105,7/12/2025 15:48:00,"$473,037.00"
8443,30107,7/8/2025 11:23:00,"$562,184.00"
8444,30108,7/9/2025 10:45:00,"$397,765.00"
8445,30110,7/20/2025 17:00:00,"$407,774.00"
8446,30111,7/6/2025 12:45:00,"$402,491.00"
8447,30112,7/20/2025 11:24:00,"$486,901.00"
8448,30113,7/14/2025 8:04:00,"$627,681.00"
8449,30115,7/20/2025 8:43:00,"$638,692.00"
8450,30121,7/12/2025 9:36:00,"$544,904.00"
8451,30123,7/14/2025 14:15:00,"$576,435.00"
8452,30150,7/12/2025 16:13:00,"$433,649.00"
8453,30151,7/15/2025 7:06:00,"$450,429.00"
8454,30152,7/7/2025 15:21:00,"$514,220.00"
8455,30153,7/12/2025 6:06:00,"$567,445.00"
8456,30154,7/16/2025 17:33:00,"$485,727.00"
8457,30155,7/10/2025 16:33:00,"$610,101.00"
8458,30158,7/10/2025 12:40:00,"$447,251.00"
8459,30159,7/12/2025 12:38:00,"$498,702.00"
8460,30160,7/10/2025 17:24:00,"$379,372.00"
8461,30166,7/7/2025 12:24:00,"$476,076.00"
8462,30174,7/11/2025 10:44:00,"$381,063.00"
8463,30176,7/15/2025 22:58:00,"$569,769.00"
8464,30181,7/12/2025 10:49:00,"$458,188.00"
8465,30191,7/14/2025 10:45:00,"$514,336.00"
8466,30194,7/15/2025 11:25:00,"$365,786.00"
8467,30198,7/17/2025 16:54:00,"$518,714.00"
8468,30200,7/16/2025 10:06:00,"$410,953.00"
8469,30203,7/13/2025 18:27:00,"$376,224.00"
8470,30206,7/9/2025 8:27:00,"$389,466.00"
8471,30207,7/9/2025 21:47:00,"$471,448.00"
8472,30211,7/20/2025 16:23:00,"$447,280.00"
8473,30212,7/9/2025 14:27:00,"$628,061.00"
8474,30215,7/10/2025 18:42:00,"$477,252.00"
8475,30220,7/14/2025 14:59:00,"$507,604.00"
8476,30221,7/20/2025 17:42:00,"$410,500.00"
8477,30223,7/10/2025 17:07:00,"$644,202.00"
8478,30233,7/23/2025 12:31:00,"$499,358.00"
8479,30237,7/8/2025 15:05:00,"$571,750.00"
8480,30241,7/17/2025 18:26:00,"$369,022.00"
8481,30243,7/17/2025 18:45:00,"$431,500.00"
8482,30245,7/19/2025 11:42:00,"$441,195.00"
8483,30251,7/15/2025 11:59:00,"$652,514.00"
8484,30252,7/14/2025 12:58:00,"$544,100.00"
8485,30256,7/13/2025 20:09:00,"$627,183.00"
8486,30257,7/10/2025 10:50:00,"$589,948.00"
8487,30258,7/9/2025 15:34:00,"$581,284.00"
8488,30260,7/10/2025 17:00:00,"$499,417.00"
8489,30261,7/8/2025 15:27:00,"$414,090.00"
8490,30264,7/10/2025 14:25:00,"$601,078.00"
8491,30269,7/8/2025 13:53:00,"$447,702.00"
8492,30270,7/13/2025 17:35:00,"$420,973.00"
8493,30271,7/20/2025 13:23:00,"$410,486.00"
8494,30272,7/15/2025 13:05:00,"$400,901.00"
8495,30275,7/15/2025 17:05:00,"$369,839.00"
8496,30276,7/13/2025 16:20:00,"$575,221.00"
8497,30278,7/17/2025 17:10:00,"$592,304.00"
8498,30285,7/12/2025 12:13:00,"$499,962.00"
8499,30288,7/12/2025 12:04:00,"$533,947.00"
8500,30289,7/17/2025 8:27:00,"$389,537.00"
8501,30290,7/16/2025 14:22:00,"$602,584.00"
8502,30300,7/16/2025 11:18:00,"$650,336.00"
8503,30301,7/10/2025 19:39:00,"$609,040.00"
8504,30310,7/14/2025 7:29:00,"$453,795.00"
8505,30311,7/12/2025 7:38:00,"$543,823.00"
8506,30313,7/8/2025 17:03:00,"$488,775.00"
8507,30320,7/15/2025 9:08:00,"$473,208.00"
8508,30322,7/16/2025 9:39:00,"$377,257.00"
8509,30324,7/15/2025 10:23:00,"$574,727.00"
8510,30331,7/15/2025 12:53:00,"$401,074.00"
8511,30335,7/13/2025 11:46:00,"$488,843.00"
8512,30336,7/12/2025 8:19:00,"$622,143.00"
8513,30340,7/12/2025 17:06:00,"$586,659.00"
8514,30344,7/14/2025 12:39:00,"$406,942.00"
8515,30348,7/9/2025 8:30:00,"$394,178.00"
8516,30349,7/10/2025 13:33:00,"$643,607.00"
8517,30350,7/10/2025 11:36:00,"$592,109.00"
8518,30352,7/15/2025 16:33:00,"$421,321.00"
8519,30356,7/16/2025 17:36:00,"$516,623.00"
8520,30359,7/10/2025 15:28:00,"$547,955.00"
8521,30360,7/13/2025 15:49:00,"$543,737.00"
8522,30368,7/13/2025 16:12:00,"$556,003.00"
8523,30377,7/9/2025 16:33:00,"$437,699.00"
8524,30381,7/15/2025 11:02:00,"$428,070.00"
8525,30382,7/11/2025 21:06:00,"$484,232.00"
8526,30383,7/15/2025 12:22:00,"$403,385.00"
8527,30391,7/16/2025 11:10:00,"$569,664.00"
8528,30397,7/21/2025 15:02:00,"$565,612.00"
8529,30400,7/12/2025 10:23:00,"$576,854.00"
8530,30403,7/19/2025 9:21:00,"$530,171.00"
8531,30405,7/13/2025 15:56:00,"$651,802.00"
8532,30407,7/14/2025 9:52:00,"$399,044.00"
8533,30408,7/10/2025 15:31:00,"$583,308.00"
8534,30410,7/12/2025 10:56:00,"$636,398.00"
8535,30412,7/10/2025 15:05:00,"$470,480.00"
8536,30415,7/13/2025 18:25:00,"$569,996.00"
8537,30419,7/15/2025 9:12:00,"$440,127.00"
8538,30430,7/10/2025 13:00:00,"$474,946.00"
8539,30432,7/10/2025 19:40:00,"$418,155.00"
8540,30436,7/14/2025 5:18:00,"$567,484.00"
8541,30439,7/9/2025 19:53:00,"$626,565.00"
8542,30440,7/16/2025 21:24:00,"$396,622.00"
8543,30443,7/14/2025 10:07:00,"$537,306.00"
8544,30444,7/19/2025 20:28:00,"$598,566.00"
8545,30445,7/10/2025 14:09:00,"$425,068.00"
8546,30450,7/19/2025 13:15:00,"$529,863.00"
8547,30454,7/12/2025 11:11:00,"$543,708.00"
8548,30455,7/14/2025 9:45:00,"$600,822.00"
8549,30456,7/13/2025 7:56:00,"$398,062.00"
8550,30457,7/14/2025 12:41:00,"$424,898.00"
8551,30459,7/10/2025 14:54:00,"$378,870.00"
8552,30461,7/12/2025 10:59:00,"$535,370.00"
8553,30463,7/8/2025 14:42:00,"$375,320.00"
8554,30467,7/15/2025 17:12:00,"$364,325.00"
8555,30468,7/13/2025 17:22:00,"$445,038.00"
8556,30476,7/9/2025 12:14:00,"$445,905.00"
8557,30477,7/21/2025 14:10:00,"$479,035.00"
8558,30480,7/11/2025 16:05:00,"$396,917.00"
8559,30481,7/12/2025 17:35:00,"$421,837.00"
8560,30487,7/19/2025 17:57:00,"$563,642.00"
8561,30489,7/15/2025 12:40:00,"$408,139.00"
8562,30490,7/19/2025 11:31:00,"$570,198.00"
8563,30498,7/12/2025 13:33:00,"$372,707.00"
8564,30502,7/20/2025 10:55:00,"$380,940.00"
8565,30503,7/14/2025 9:38:00,"$450,328.00"
8566,30505,7/21/2025 20:19:00,"$609,355.00"
8567,30507,7/9/2025 8:12:00,"$540,527.00"
8568,30514,7/20/2025 19:09:00,"$394,111.00"
8569,30515,7/20/2025 10:33:00,"$508,337.00"
8570,30516,7/12/2025 10:13:00,"$541,932.00"
8571,30517,7/21/2025 10:41:00,"$453,167.00"
8572,30520,7/17/2025 14:44:00,"$374,163.00"
8573,30524,7/12/2025 16:50:00,"$546,691.00"
8574,30526,7/9/2025 9:37:00,"$371,660.00"
8575,30538,7/13/2025 15:49:00,"$581,978.00"
8576,30542,7/13/2025 17:51:00,"$510,942.00"
8577,30545,7/9/2025 12:01:00,"$492,089.00"
8578,30547,7/14/2025 12:04:00,"$621,232.00"
8579,30548,7/19/2025 14:55:00,"$413,567.00"
8580,30550,7/16/2025 14:06:00,"$548,142.00"
8581,30552,7/15/2025 9:45:00,"$374,592.00"
8582,30556,7/23/2025 11:50:00,"$373,794.00"
8583,30557,7/13/2025 21:57:00,"$480,752.00"
8584,30563,7/14/2025 17:48:00,"$502,511.00"
8585,30564,7/17/2025 10:27:00,"$636,374.00"
8586,30565,7/16/2025 2:11:00,"$458,644.00"
8587,30568,7/10/2025 15:19:00,"$656,809.00"
8588,30577,7/20/2025 15:24:00,"$412,495.00"
8589,30581,7/9/2025 15:21:00,"$537,185.00"
8590,30582,7/10/2025 11:45:00,"$576,454.00"
8591,30583,7/15/2025 16:52:00,"$503,782.00"
8592,30586,7/13/2025 15:56:00,"$471,187.00"
8593,30594,7/12/2025 17:56:00,"$452,508.00"
8594,30596,7/17/2025 10:31:00,"$658,512.00"
8595,30597,7/17/2025 11:23:00,"$642,130.00"
8596,30598,7/21/2025 17:32:00,"$505,886.00"
8597,30603,7/9/2025 13:30:00,"$446,668.00"
8598,30612,7/15/2025 1:37:00,"$392,862.00"
8599,30615,7/21/2025 14:30:00,"$559,688.00"
8600,30622,7/13/2025 12:42:00,"$585,289.00"
8601,30625,7/11/2025 20:53:00,"$515,190.00"
8602,30630,7/12/2025 17:46:00,"$457,304.00"
8603,30631,7/20/2025 8:31:00,"$619,346.00"
8604,30635,7/19/2025 16:27:00,"$511,718.00"
8605,30636,7/21/2025 14:33:00,"$441,632.00"
8606,30645,7/20/2025 6:18:00,"$576,038.00"
8607,30648,7/24/2025 8:33:00,"$448,025.00"
8608,30653,7/23/2025 13:20:00,"$601,361.00"
8609,30655,7/12/2025 7:43:00,"$429,488.00"
8610,30658,7/19/2025 3:17:00,"$482,267.00"
8611,30659,7/15/2025 4:14:00,"$640,341.00"
8612,30662,7/16/2025 17:17:00,"$427,573.00"
8613,30663,7/21/2025 10:47:00,"$516,037.00"
8614,30665,7/17/2025 10:46:00,"$618,424.00"
8615,30667,7/14/2025 15:30:00,"$390,102.00"
8616,30673,7/23/2025 15:44:00,"$364,394.00"
8617,30674,7/13/2025 16:52:00,"$462,806.00"
8618,30678,7/14/2025 8:47:00,"$451,997.00"
8619,30679,7/14/2025 20:56:00,"$388,103.00"
8620,30680,7/16/2025 1:05:00,"$410,735.00"
8621,30684,7/14/2025 12:32:00,"$420,486.00"
8622,30686,7/16/2025 11:55:00,"$424,669.00"
8623,30688,7/13/2025 9:26:00,"$649,782.00"
8624,30690,7/27/2025 14:33:00,"$449,848.00"
8625,30692,7/20/2025 10:49:00,"$604,398.00"
8626,30698,7/17/2025 17:03:00,"$514,745.00"
8627,30701,7/15/2025 19:17:00,"$392,419.00"
8628,30703,7/12/2025 10:25:00,"$404,204.00"
8629,30708,7/16/2025 11:13:00,"$405,250.00"
8630,30711,7/12/2025 3:57:00,"$507,556.00"
8631,30713,7/18/2025 5:00:00,"$640,879.00"
8632,30719,7/16/2025 16:27:00,"$605,990.00"
8633,30721,7/15/2025 13:11:00,"$407,594.00"
8634,30722,7/19/2025 7:59:00,"$584,144.00"
8635,30723,7/19/2025 11:30:00,"$642,804.00"
8636,30727,7/14/2025 11:59:00,"$444,562.00"
8637,30729,7/16/2025 12:30:00,"$564,471.00"
8638,30730,7/21/2025 16:22:00,"$534,666.00"
8639,30735,7/17/2025 10:21:00,"$410,585.00"
8640,30736,7/10/2025 18:46:00,"$533,396.00"
8641,30739,7/19/2025 16:56:00,"$584,785.00"
8642,30746,7/12/2025 18:05:00,"$484,466.00"
8643,30749,7/20/2025 10:08:00,"$628,885.00"
8644,30756,7/17/2025 13:02:00,"$501,674.00"
8645,30757,7/20/2025 11:46:00,"$606,271.00"
8646,30761,7/14/2025 10:59:00,"$522,472.00"
8647,30766,7/19/2025 11:20:00,"$429,075.00"
8648,30768,7/13/2025 9:34:00,"$515,808.00"
8649,30781,7/16/2025 11:06:00,"$657,957.00"
8650,30783,7/12/2025 17:14:00,"$552,068.00"
8651,30784,7/19/2025 15:20:00,"$526,639.00"
8652,30787,7/18/2025 11:51:00,"$595,546.00"
8653,30790,7/16/2025 11:37:00,"$412,888.00"
8654,30797,7/17/2025 15:48:00,"$501,003.00"
8655,30802,7/16/2025 17:08:00,"$659,252.00"
8656,30803,7/14/2025 17:36:00,"$548,494.00"
8657,30809,7/17/2025 17:39:00,"$398,866.00"
8658,30810,7/12/2025 9:18:00,"$481,832.00"
8659,30820,7/17/2025 17:22:00,"$505,028.00"
8660,30821,7/20/2025 17:38:00,"$482,486.00"
8661,30832,7/13/2025 13:25:00,"$614,380.00"
8662,30833,7/21/2025 16:17:00,"$511,926.00"
8663,30834,7/14/2025 9:43:00,"$470,545.00"
8664,30835,7/13/2025 14:41:00,"$372,455.00"
8665,30836,7/14/2025 17:41:00,"$378,598.00"
8666,30837,7/24/2025 1:42:00,"$652,238.00"
8667,30839,7/11/2025 5:57:00,"$473,673.00"
8668,30846,7/23/2025 9:59:00,"$379,774.00"
8669,30849,7/14/2025 10:34:00,"$586,344.00"
8670,30850,7/13/2025 16:26:00,"$440,543.00"
8671,30851,7/13/2025 16:42:00,"$563,693.00"
8672,30853,7/18/2025 10:32:00,"$562,559.00"
8673,30855,7/15/2025 4:02:00,"$536,786.00"
8674,30857,7/14/2025 14:46:00,"$596,112.00"
8675,30859,7/13/2025 14:21:00,"$408,827.00"
8676,30860,7/14/2025 11:03:00,"$604,690.00"
8677,30861,7/20/2025 8:45:00,"$552,059.00"
8678,30869,7/12/2025 14:23:00,"$385,506.00"
8679,30870,7/16/2025 18:18:00,"$462,093.00"
8680,30879,7/17/2025 10:09:00,"$577,332.00"
8681,30882,7/24/2025 8:54:00,"$519,258.00"
8682,30898,7/16/2025 9:38:00,"$414,372.00"
8683,30900,7/13/2025 15:00:00,"$407,949.00"
8684,30902,7/17/2025 17:40:00,"$654,655.00"
8685,30903,7/18/2025 7:37:00,"$552,626.00"
8686,30906,7/12/2025 17:43:00,"$448,538.00"
8687,30910,7/13/2025 12:49:00,"$494,694.00"
8688,30913,7/13/2025 11:27:00,"$643,029.00"
8689,30914,7/20/2025 17:03:00,"$660,160.00"
8690,30919,7/14/2025 15:04:00,"$435,728.00"
8691,30924,7/22/2025 16:27:00,"$656,772.00"
8692,30928,7/17/2025 2:19:00,"$526,838.00"
8693,30929,7/20/2025 11:27:00,"$587,774.00"
8694,30930,7/15/2025 15:07:00,"$634,353.00"
8695,30932,7/22/2025 14:12:00,"$379,669.00"
8696,30936,7/19/2025 13:03:00,"$376,082.00"
8697,30943,7/23/2025 13:32:00,"$371,024.00"
8698,30944,7/16/2025 12:50:00,"$399,444.00"
8699,30945,7/15/2025 11:13:00,"$599,741.00"
8700,30946,7/17/2025 16:24:00,"$396,565.00"
8701,30950,7/21/2025 12:04:00,"$395,311.00"
8702,30965,7/20/2025 9:53:00,"$474,503.00"
8703,30966,7/21/2025 19:01:00,"$463,459.00"
8704,30972,7/14/2025 11:10:00,"$422,068.00"
8705,30978,7/21/2025 12:40:00,"$491,407.00"
8706,30980,7/14/2025 12:01:00,"$534,957.00"
8707,30981,7/24/2025 14:25:00,"$565,103.00"
8708,30982,7/14/2025 9:28:00,"$634,930.00"
8709,30985,7/12/2025 15:54:00,"$363,420.00"
8710,30986,7/13/2025 12:39:00,"$420,973.00"
8711,30988,7/16/2025 13:05:00,"$545,542.00"
8712,30989,7/17/2025 12:43:00,"$583,279.00"
8713,30992,7/19/2025 12:35:00,"$450,972.00"
8714,30996,7/19/2025 9:27:00,"$501,468.00"
8715,30997,7/22/2025 9:45:00,"$450,768.00"
8716,31001,7/22/2025 15:20:00,"$485,712.00"
8717,31004,7/16/2025 15:02:00,"$546,857.00"
8718,31005,7/21/2025 17:11:00,"$654,368.00"
8719,31007,7/16/2025 10:40:00,"$624,111.00"
8720,31009,7/23/2025 14:58:00,"$488,976.00"
8721,31011,7/17/2025 17:34:00,"$373,176.00"
8722,31012,7/14/2025 17:11:00,"$434,531.00"
8723,31013,7/16/2025 8:08:00,"$374,866.00"
8724,31015,7/15/2025 1:08:00,"$533,511.00"
8725,31016,7/15/2025 18:36:00,"$462,324.00"
8726,31020,7/14/2025 19:35:00,"$575,494.00"
8727,31025,7/15/2025 14:05:00,"$413,918.00"
8728,31030,7/17/2025 9:20:00,"$511,224.00"
8729,31034,7/13/2025 4:16:00,"$653,100.00"
8730,31036,7/23/2025 18:17:00,"$417,367.00"
8731,31041,7/23/2025 14:51:00,"$602,703.00"
8732,31043,7/19/2025 11:29:00,"$649,146.00"
8733,31052,7/16/2025 18:45:00,"$492,515.00"
8734,31053,7/16/2025 13:03:00,"$406,260.00"
8735,31067,7/14/2025 14:33:00,"$638,819.00"
8736,31068,7/15/2025 11:34:00,"$522,677.00"
8737,31071,7/15/2025 13:47:00,"$559,237.00"
8738,31072,7/21/2025 2:00:00,"$595,451.00"
8739,31073,7/12/2025 13:35:00,"$563,567.00"
8740,31076,7/24/2025 10:09:00,"$578,378.00"
8741,31078,7/17/2025 10:51:00,"$500,615.00"
8742,31084,7/17/2025 11:27:00,"$483,525.00"
8743,31091,7/14/2025 15:32:00,"$651,161.00"
8744,31092,7/22/2025 16:24:00,"$421,261.00"
8745,31095,7/17/2025 12:03:00,"$540,414.00"
8746,31096,7/15/2025 16:51:00,"$367,600.00"
8747,31100,7/13/2025 14:53:00,"$540,520.00"
8748,31101,7/21/2025 18:14:00,"$461,995.00"
8749,31102,7/17/2025 16:22:00,"$475,729.00"
8750,31112,7/15/2025 13:08:00,"$435,333.00"
8751,31114,7/16/2025 9:36:00,"$660,613.00"
8752,31117,7/17/2025 10:44:00,"$415,772.00"
8753,31120,7/23/2025 12:16:00,"$537,068.00"
8754,31126,7/22/2025 9:11:00,"$471,909.00"
8755,31127,7/15/2025 16:17:00,"$484,664.00"
8756,31130,7/14/2025 16:57:00,"$405,227.00"
8757,31134,7/19/2025 19:44:00,"$569,573.00"
8758,31138,7/20/2025 12:42:00,"$653,492.00"
8759,31142,7/16/2025 3:22:00,"$410,159.00"
8760,31146,7/23/2025 20:31:00,"$373,000.00"
8761,31148,7/15/2025 11:51:00,"$453,412.00"
8762,31151,7/13/2025 13:45:00,"$645,145.00"
8763,31153,7/16/2025 14:51:00,"$461,574.00"
8764,31157,7/19/2025 11:53:00,"$650,175.00"
8765,31158,7/21/2025 15:59:00,"$427,916.00"
8766,31161,7/24/2025 10:59:00,"$571,576.00"
8767,31162,7/16/2025 15:39:00,"$398,907.00"
8768,31164,7/23/2025 11:33:00,"$540,185.00"
8769,31165,7/16/2025 16:08:00,"$564,061.00"
8770,31170,7/19/2025 14:10:00,"$410,958.00"
8771,31172,7/24/2025 1:39:00,"$545,519.00"
8772,31174,7/21/2025 23:51:00,"$366,360.00"
8773,31176,7/18/2025 1:08:00,"$608,554.00"
8774,31178,7/14/2025 19:54:00,"$633,215.00"
8775,31180,7/23/2025 16:21:00,"$522,779.00"
8776,31182,7/15/2025 17:46:00,"$457,205.00"
8777,31184,7/14/2025 15:05:00,"$498,180.00"
8778,31188,7/15/2025 13:45:00,"$448,856.00"
8779,31193,7/20/2025 12:05:00,"$432,467.00"
8780,31195,7/20/2025 8:10:00,"$397,274.00"
8781,31196,7/17/2025 17:45:00,"$479,942.00"
8782,31197,7/13/2025 17:51:00,"$454,720.00"
8783,31198,7/18/2025 8:32:00,"$534,748.00"
8784,31200,7/24/2025 16:05:00,"$455,253.00"
8785,31201,7/27/2025 8:54:00,"$451,956.00"
8786,31202,7/24/2025 13:06:00,"$485,677.00"
8787,31203,7/17/2025 14:56:00,"$522,505.00"
8788,31205,7/19/2025 13:26:00,"$450,071.00"
8789,31209,7/22/2025 16:01:00,"$556,482.00"
8790,31211,7/23/2025 3:02:00,"$399,948.00"
8791,31223,7/15/2025 7:28:00,"$648,237.00"
8792,31225,7/19/2025 14:00:00,"$649,403.00"
8793,31226,7/19/2025 14:48:00,"$637,816.00"
8794,31228,7/20/2025 11:15:00,"$611,691.00"
8795,31229,7/20/2025 10:55:00,"$614,620.00"
8796,31230,7/22/2025 15:18:00,"$457,383.00"
8797,31234,7/20/2025 9:19:00,"$582,763.00"
8798,31243,7/16/2025 15:10:00,"$601,592.00"
8799,31244,7/18/2025 16:54:00,"$560,936.00"
8800,31245,7/20/2025 11:41:00,"$611,684.00"
8801,31249,7/15/2025 10:55:00,"$377,306.00"
8802,31254,7/16/2025 17:47:00,"$506,169.00"
8803,31260,7/21/2025 18:43:00,"$424,551.00"
8804,31261,7/26/2025 10:16:00,"$506,074.00"
8805,31262,7/19/2025 16:58:00,"$396,245.00"
8806,31265,7/24/2025 11:32:00,"$588,695.00"
8807,31267,7/24/2025 15:45:00,"$536,464.00"
8808,31277,7/17/2025 2:36:00,"$603,102.00"
8809,31282,7/14/2025 11:43:00,"$563,068.00"
8810,31283,7/15/2025 15:53:00,"$413,503.00"
8811,31290,7/15/2025 2:54:00,"$363,321.00"
8812,31294,7/15/2025 12:56:00,"$609,673.00"
8813,31297,7/19/2025 10:07:00,"$563,552.00"
8814,31300,7/15/2025 16:22:00,"$553,617.00"
8815,31301,7/21/2025 12:05:00,"$593,472.00"
8816,31304,7/14/2025 11:34:00,"$607,808.00"
8817,31312,7/27/2025 12:08:00,"$613,751.00"
8818,31319,7/17/2025 8:42:00,"$518,807.00"
8819,31323,7/20/2025 14:17:00,"$419,526.00"
8820,31324,7/17/2025 20:20:00,"$546,359.00"
8821,31326,7/20/2025 10:38:00,"$579,760.00"
8822,31329,7/16/2025 13:26:00,"$659,888.00"
8823,31332,7/21/2025 9:39:00,"$410,647.00"
8824,31333,7/16/2025 16:41:00,"$503,747.00"
8825,31334,7/19/2025 14:45:00,"$538,782.00"
8826,31335,7/17/2025 7:20:00,"$394,471.00"
8827,31348,7/17/2025 2:47:00,"$560,721.00"
8828,31349,7/17/2025 14:48:00,"$410,495.00"
8829,31353,7/16/2025 20:39:00,"$566,609.00"
8830,31360,7/23/2025 9:04:00,"$482,427.00"
8831,31362,7/22/2025 17:11:00,"$366,046.00"
8832,31370,7/16/2025 11:47:00,"$567,691.00"
8833,31372,7/22/2025 9:06:00,"$519,569.00"
8834,31373,7/20/2025 17:44:00,"$446,557.00"
8835,31374,7/16/2025 17:59:00,"$616,284.00"
8836,31380,7/22/2025 10:08:00,"$619,605.00"
8837,31389,7/24/2025 15:32:00,"$650,850.00"
8838,31394,7/24/2025 10:05:00,"$501,256.00"
8839,31397,7/16/2025 2:51:00,"$480,731.00"
8840,31404,7/24/2025 19:41:00,"$394,307.00"
8841,31405,7/23/2025 11:11:00,"$401,980.00"
8842,31406,7/16/2025 10:52:00,"$607,262.00"
8843,31412,7/18/2025 0:16:00,"$411,598.00"
8844,31419,7/17/2025 14:31:00,"$476,755.00"
8845,31422,7/19/2025 11:32:00,"$631,843.00"
8846,31423,7/21/2025 10:48:00,"$422,423.00"
8847,31424,7/26/2025 14:47:00,"$402,860.00"
8848,31425,7/23/2025 16:23:00,"$399,048.00"
8849,31428,7/19/2025 13:04:00,"$389,244.00"
8850,31431,7/21/2025 18:19:00,"$560,424.00"
8851,31443,7/23/2025 15:26:00,"$372,215.00"
8852,31445,7/23/2025 9:43:00,"$450,132.00"
8853,31455,7/23/2025 13:16:00,"$633,291.00"
8854,31465,7/16/2025 8:12:00,"$400,932.00"
8855,31466,7/21/2025 16:00:00,"$570,492.00"
8856,31468,7/24/2025 11:19:00,"$448,001.00"
8857,31476,7/22/2025 8:45:00,"$367,472.00"
8858,31478,7/25/2025 16:21:00,"$660,148.00"
8859,31480,7/20/2025 14:00:00,"$643,427.00"
8860,31485,7/19/2025 16:12:00,"$537,542.00"
8861,31492,7/22/2025 14:43:00,"$552,937.00"
8862,31496,7/15/2025 17:06:00,"$542,337.00"
8863,31499,7/21/2025 18:44:00,"$472,469.00"
8864,31502,7/23/2025 15:11:00,"$597,658.00"
8865,31503,7/16/2025 11:48:00,"$392,888.00"
8866,31506,7/26/2025 9:44:00,"$420,465.00"
8867,31507,7/20/2025 12:17:00,"$436,219.00"
8868,31508,7/19/2025 7:52:00,"$367,022.00"
8869,31510,7/17/2025 10:10:00,"$627,370.00"
8870,31512,7/15/2025 9:08:00,"$612,555.00"
8871,31527,7/22/2025 16:57:00,"$547,384.00"
8872,31535,7/20/2025 13:56:00,"$582,328.00"
8873,31538,7/20/2025 16:28:00,"$607,611.00"
8874,31540,7/19/2025 16:40:00,"$390,822.00"
8875,31547,7/27/2025 20:48:00,"$554,279.00"
8876,31549,7/18/2025 1:05:00,"$550,261.00"
8877,31550,7/15/2025 13:40:00,"$649,385.00"
8878,31551,7/15/2025 11:14:00,"$391,276.00"
8879,31553,7/26/2025 17:35:00,"$372,402.00"
8880,31558,7/20/2025 16:34:00,"$608,072.00"
8881,31561,7/19/2025 9:17:00,"$545,100.00"
8882,31564,7/20/2025 13:25:00,"$404,296.00"
8883,31565,7/15/2025 12:07:00,"$515,127.00"
8884,31570,7/22/2025 18:56:00,"$473,886.00"
8885,31575,7/21/2025 19:09:00,"$366,367.00"
8886,31577,7/19/2025 15:48:00,"$386,239.00"
8887,31587,7/22/2025 10:30:00,"$584,757.00"
8888,31589,7/25/2025 23:00:00,"$545,606.00"
8889,31594,7/17/2025 18:44:00,"$637,940.00"
8890,31597,7/17/2025 14:48:00,"$659,239.00"
8891,31598,7/20/2025 9:55:00,"$544,434.00"
8892,31599,7/22/2025 9:09:00,"$378,943.00"
8893,31603,7/19/2025 10:16:00,"$375,486.00"
8894,31606,7/23/2025 9:27:00,"$380,936.00"
8895,31607,7/17/2025 16:48:00,"$407,072.00"
8896,31608,7/30/2025 8:59:00,"$627,987.00"
8897,31616,7/26/2025 0:19:00,"$498,739.00"
8898,31618,7/20/2025 12:42:00,"$631,749.00"
8899,31621,7/20/2025 15:07:00,"$538,749.00"
8900,31623,7/20/2025 8:26:00,"$443,437.00"
8901,31624,7/20/2025 13:44:00,"$383,324.00"
8902,31633,7/24/2025 12:41:00,"$617,033.00"
8903,31639,7/24/2025 9:55:00,"$531,551.00"
8904,31641,7/22/2025 22:19:00,"$429,204.00"
8905,31643,7/27/2025 13:41:00,"$461,584.00"
8906,31647,7/23/2025 13:11:00,"$441,105.00"
8907,31651,7/16/2025 12:12:00,"$616,609.00"
8908,31653,7/23/2025 12:38:00,"$378,918.00"
8909,31660,7/24/2025 12:04:00,"$366,496.00"
8910,31667,7/23/2025 16:30:00,"$430,981.00"
8911,31675,7/16/2025 8:38:00,"$435,560.00"
8912,31678,7/21/2025 8:22:00,"$644,472.00"
8913,31679,7/28/2025 12:11:00,"$511,513.00"
8914,31684,7/20/2025 16:19:00,"$558,630.00"
8915,31690,7/23/2025 15:08:00,"$570,034.00"
8916,31692,7/23/2025 17:01:00,"$455,060.00"
8917,31701,7/24/2025 14:36:00,"$424,728.00"
8918,31702,7/23/2025 17:30:00,"$655,600.00"
8919,31713,7/21/2025 8:00:00,"$507,171.00"
8920,31720,7/20/2025 16:43:00,"$546,899.00"
8921,31725,7/17/2025 17:12:00,"$420,089.00"
8922,31730,7/20/2025 17:32:00,"$400,518.00"
8923,31736,7/29/2025 11:45:00,"$467,058.00"
8924,31737,7/20/2025 11:26:00,"$370,375.00"
8925,31738,7/24/2025 14:34:00,"$561,742.00"
8926,31741,7/27/2025 2:51:00,"$399,019.00"
8927,31744,7/31/2025 14:04:00,"$372,869.00"
8928,31748,7/20/2025 12:59:00,"$587,402.00"
8929,31749,7/20/2025 2:45:00,"$631,026.00"
8930,31750,7/20/2025 14:07:00,"$475,793.00"
8931,31751,7/17/2025 11:24:00,"$478,644.00"
8932,31752,7/23/2025 9:24:00,"$641,299.00"
8933,31755,7/27/2025 20:49:00,"$584,162.00"
8934,31756,7/27/2025 16:50:00,"$612,173.00"
8935,31758,7/19/2025 16:18:00,"$390,825.00"
8936,31759,7/19/2025 19:40:00,"$483,859.00"
8937,31764,7/20/2025 10:36:00,"$363,138.00"
8938,31768,7/17/2025 17:42:00,"$548,161.00"
8939,31780,7/20/2025 16:27:00,"$640,865.00"
8940,31791,7/19/2025 17:29:00,"$367,507.00"
8941,31798,7/19/2025 11:25:00,"$366,251.00"
8942,31799,7/28/2025 11:32:00,"$445,851.00"
8943,31800,7/20/2025 14:23:00,"$637,544.00"
8944,31801,7/21/2025 13:33:00,"$514,014.00"
8945,31806,7/18/2025 9:03:00,"$544,802.00"
8946,31807,7/19/2025 18:22:00,"$475,680.00"
8947,31810,7/24/2025 15:32:00,"$428,665.00"
8948,31811,7/20/2025 1:15:00,"$411,753.00"
8949,31812,7/22/2025 9:58:00,"$627,564.00"
8950,31826,7/21/2025 14:12:00,"$387,006.00"
8951,31827,7/28/2025 15:10:00,"$643,361.00"
8952,31841,7/30/2025 12:15:00,"$559,795.00"
8953,31843,7/20/2025 14:31:00,"$603,886.00"
8954,31846,7/21/2025 11:20:00,"$659,183.00"
8955,31850,7/20/2025 11:18:00,"$500,529.00"
8956,31851,7/20/2025 17:05:00,"$366,144.00"
8957,31852,7/24/2025 9:47:00,"$398,703.00"
8958,31855,7/24/2025 16:33:00,"$461,857.00"
8959,31856,7/23/2025 11:31:00,"$647,203.00"
8960,31862,7/23/2025 14:18:00,"$423,858.00"
8961,31865,7/19/2025 7:04:00,"$598,830.00"
8962,31866,7/28/2025 11:54:00,"$399,008.00"
8963,31874,7/20/2025 12:25:00,"$595,436.00"
8964,31876,7/19/2025 12:43:00,"$536,664.00"
8965,31878,7/24/2025 16:47:00,"$460,467.00"
8966,31879,7/21/2025 15:27:00,"$535,303.00"
8967,31882,7/27/2025 13:56:00,"$544,505.00"
8968,31883,7/24/2025 6:24:00,"$655,562.00"
8969,31886,7/26/2025 13:32:00,"$493,243.00"
8970,31887,7/17/2025 16:37:00,"$605,317.00"
8971,31890,7/23/2025 13:55:00,"$411,813.00"
8972,31892,7/19/2025 10:10:00,"$492,747.00"
8973,31893,7/23/2025 13:22:00,"$592,845.00"
8974,31897,7/18/2025 19:23:00,"$380,951.00"
8975,31898,7/23/2025 13:47:00,"$430,129.00"
8976,31900,7/19/2025 12:15:00,"$579,797.00"
8977,31908,7/31/2025 14:22:00,"$408,259.00"
8978,31910,7/27/2025 15:50:00,"$435,135.00"
8979,31915,7/19/2025 10:39:00,"$589,627.00"
8980,31922,7/22/2025 10:24:00,"$497,604.00"
8981,31931,7/21/2025 3:57:00,"$472,380.00"
8982,31933,7/28/2025 18:07:00,"$412,162.00"
8983,31937,7/27/2025 12:23:00,"$395,001.00"
8984,31938,7/27/2025 15:38:00,"$526,058.00"
8985,31941,7/23/2025 11:50:00,"$503,302.00"
8986,31943,7/18/2025 19:35:00,"$575,749.00"
8987,31944,7/26/2025 9:16:00,"$552,423.00"
8988,31946,7/22/2025 11:28:00,"$521,320.00"
8989,31953,7/25/2025 17:04:00,"$590,090.00"
8990,31957,7/22/2025 9:06:00,"$368,748.00"
8991,31958,7/23/2025 2:33:00,"$529,843.00"
8992,31963,7/24/2025 6:13:00,"$430,401.00"
8993,31964,7/28/2025 17:39:00,"$497,744.00"
8994,31966,7/20/2025 15:36:00,"$458,510.00"
8995,31968,7/19/2025 1:55:00,"$591,185.00"
8996,31981,7/24/2025 10:59:00,"$455,517.00"
8997,31985,7/31/2025 11:13:00,"$423,645.00"
8998,31987,7/17/2025 22:46:00,"$584,322.00"
8999,31990,7/21/2025 19:38:00,"$627,781.00"
9000,31992,7/18/2025 19:59:00,"$510,418.00"
9001,31994,7/30/2025 18:48:00,"$387,833.00"
9002,31998,7/22/2025 2:23:00,"$371,743.00"
9003,32001,7/21/2025 17:48:00,"$659,037.00"
9004,32002,7/22/2025 6:56:00,"$507,836.00"
9005,32004,7/21/2025 11:47:00,"$544,420.00"
9006,32007,7/22/2025 13:46:00,"$568,317.00"
9007,32009,7/21/2025 11:54:00,"$393,061.00"
9008,32010,7/26/2025 16:42:00,"$567,115.00"
9009,32011,7/23/2025 11:10:00,"$551,019.00"
9010,32015,7/31/2025 9:11:00,"$409,395.00"
9011,32016,7/29/2025 13:33:00,"$628,410.00"
9012,32022,7/21/2025 10:37:00,"$590,379.00"
9013,32033,7/27/2025 15:23:00,"$502,660.00"
9014,32034,7/23/2025 13:09:00,"$622,734.00"
9015,32035,7/23/2025 7:16:00,"$494,891.00"
9016,32038,7/21/2025 11:27:00,"$417,281.00"
9017,32041,7/30/2025 17:56:00,"$418,685.00"
9018,32047,7/21/2025 12:46:00,"$579,118.00"
9019,32056,7/21/2025 14:04:00,"$613,824.00"
9020,32059,7/22/2025 12:00:00,"$469,479.00"
9021,32064,7/28/2025 11:41:00,"$504,966.00"
9022,32066,7/27/2025 13:16:00,"$554,246.00"
9023,32072,7/27/2025 15:31:00,"$548,660.00"
9024,32077,7/23/2025 16:19:00,"$538,230.00"
9025,32079,7/30/2025 13:41:00,"$537,934.00"
9026,32081,7/22/2025 8:59:00,"$374,996.00"
9027,32082,7/26/2025 0:51:00,"$598,364.00"
9028,32097,7/22/2025 2:11:00,"$627,761.00"
9029,32099,7/24/2025 0:08:00,"$415,794.00"
9030,32102,7/24/2025 9:32:00,"$411,852.00"
9031,32106,7/21/2025 9:22:00,"$620,299.00"
9032,32110,7/26/2025 11:31:00,"$609,938.00"
9033,32119,7/24/2025 20:03:00,"$487,625.00"
9034,32121,7/23/2025 18:34:00,"$593,200.00"
9035,32122,7/22/2025 13:08:00,"$651,434.00"
9036,32127,7/26/2025 9:24:00,"$489,782.00"
9037,32133,7/27/2025 14:34:00,"$423,054.00"
9038,32137,7/23/2025 9:19:00,"$552,650.00"
9039,32141,7/24/2025 11:24:00,"$378,121.00"
9040,32143,7/28/2025 23:17:00,"$394,014.00"
9041,32145,7/27/2025 12:27:00,"$555,864.00"
9042,32146,7/21/2025 11:51:00,"$484,690.00"
9043,32149,7/27/2025 10:11:00,"$485,935.00"
9044,32150,7/29/2025 16:17:00,"$556,414.00"
9045,32151,7/23/2025 7:16:00,"$612,572.00"
9046,32153,7/22/2025 11:59:00,"$538,448.00"
9047,32156,7/28/2025 11:52:00,"$408,448.00"
9048,32157,7/27/2025 14:39:00,"$587,836.00"
9049,32162,7/22/2025 15:10:00,"$655,577.00"
9050,32163,7/26/2025 18:04:00,"$362,061.00"
9051,32164,7/27/2025 11:00:00,"$478,561.00"
9052,32166,7/30/2025 10:41:00,"$658,880.00"
9053,32168,7/23/2025 9:54:00,"$637,607.00"
9054,32172,7/21/2025 17:14:00,"$483,149.00"
9055,32173,7/20/2025 14:21:00,"$448,974.00"
9056,32175,7/23/2025 3:28:00,"$409,185.00"
9057,32176,7/20/2025 15:55:00,"$508,910.00"
9058,32178,7/24/2025 11:54:00,"$552,644.00"
9059,32183,7/24/2025 15:21:00,"$391,953.00"
9060,32185,7/28/2025 20:50:00,"$525,459.00"
9061,32188,7/22/2025 9:50:00,"$365,179.00"
9062,32200,7/23/2025 10:58:00,"$531,683.00"
9063,32202,7/29/2025 14:17:00,"$382,477.00"
9064,32203,7/29/2025 16:47:00,"$452,507.00"
9065,32204,7/20/2025 9:45:00,"$578,085.00"
9066,32205,7/24/2025 19:54:00,"$649,606.00"
9067,32208,7/29/2025 15:11:00,"$609,860.00"
9068,32209,7/28/2025 14:44:00,"$607,292.00"
9069,32214,7/22/2025 16:18:00,"$393,250.00"
9070,32215,7/26/2025 12:48:00,"$381,707.00"
9071,32216,7/28/2025 12:42:00,"$480,062.00"
9072,32219,7/23/2025 15:39:00,"$566,135.00"
9073,32224,7/30/2025 16:49:00,"$467,955.00"
9074,32225,7/28/2025 10:01:00,"$539,206.00"
9075,32226,7/28/2025 17:28:00,"$434,043.00"
9076,32227,7/20/2025 20:58:00,"$408,223.00"
9077,32229,7/28/2025 11:34:00,"$393,432.00"
9078,32232,7/20/2025 11:43:00,"$548,517.00"
9079,32235,7/24/2025 9:04:00,"$555,043.00"
9080,32237,7/29/2025 13:22:00,"$497,862.00"
9081,32242,7/26/2025 1:41:00,"$418,400.00"
9082,32244,7/22/2025 17:34:00,"$582,711.00"
9083,32248,7/21/2025 12:16:00,"$523,010.00"
9084,32259,7/30/2025 16:20:00,"$446,756.00"
9085,32260,7/20/2025 14:14:00,"$521,218.00"
9086,32262,7/22/2025 9:08:00,"$492,167.00"
9087,32268,7/30/2025 8:39:00,"$390,631.00"
9088,32274,8/3/2025 11:23:00,"$475,287.00"
9089,32283,7/31/2025 13:49:00,"$452,859.00"
9090,32286,7/31/2025 18:07:00,"$381,631.00"
9091,32291,7/23/2025 10:39:00,"$483,914.00"
9092,32292,7/31/2025 22:32:00,"$504,516.00"
9093,32294,7/24/2025 15:55:00,"$377,886.00"
9094,32300,7/26/2025 18:06:00,"$621,147.00"
9095,32301,7/25/2025 21:44:00,"$528,630.00"
9096,32302,7/25/2025 4:03:00,"$437,470.00"
9097,32304,8/3/2025 8:39:00,"$545,889.00"
9098,32307,7/28/2025 11:39:00,"$482,241.00"
9099,32329,7/23/2025 13:06:00,"$652,586.00"
9100,32331,7/24/2025 23:01:00,"$604,648.00"
9101,32337,7/24/2025 12:46:00,"$587,827.00"
9102,32340,8/4/2025 18:41:00,"$575,239.00"
9103,32343,7/23/2025 11:32:00,"$449,518.00"
9104,32344,7/28/2025 10:17:00,"$502,305.00"
9105,32345,7/21/2025 16:53:00,"$467,409.00"
9106,32346,7/23/2025 1:02:00,"$560,538.00"
9107,32349,7/30/2025 15:01:00,"$504,862.00"
9108,32356,7/21/2025 8:22:00,"$433,322.00"
9109,32358,7/27/2025 16:52:00,"$600,652.00"
9110,32360,7/27/2025 13:01:00,"$550,545.00"
9111,32361,7/27/2025 10:59:00,"$487,240.00"
9112,32362,7/28/2025 9:29:00,"$491,181.00"
9113,32365,8/2/2025 10:48:00,"$614,763.00"
9114,32366,7/22/2025 16:48:00,"$621,535.00"
9115,32369,8/4/2025 14:54:00,"$580,111.00"
9116,32370,7/24/2025 11:37:00,"$473,666.00"
9117,32389,7/28/2025 10:41:00,"$638,293.00"
9118,32390,7/27/2025 14:01:00,"$447,071.00"
9119,32391,7/20/2025 13:32:00,"$495,358.00"
9120,32393,7/23/2025 14:16:00,"$378,077.00"
9121,32395,7/30/2025 19:46:00,"$444,018.00"
9122,32397,7/22/2025 16:25:00,"$381,865.00"
9123,32402,8/3/2025 11:17:00,"$591,657.00"
9124,32403,7/20/2025 19:24:00,"$599,200.00"
9125,32409,7/24/2025 12:00:00,"$638,642.00"
9126,32412,7/23/2025 6:20:00,"$616,784.00"
9127,32417,7/21/2025 16:24:00,"$374,607.00"
9128,32420,8/2/2025 9:32:00,"$613,522.00"
9129,32423,7/24/2025 9:19:00,"$435,280.00"
9130,32425,7/28/2025 14:34:00,"$642,686.00"
9131,32429,8/4/2025 8:56:00,"$646,541.00"
9132,32430,7/24/2025 15:01:00,"$494,649.00"
9133,32432,7/26/2025 7:10:00,"$517,625.00"
9134,32433,7/26/2025 13:00:00,"$586,468.00"
9135,32440,7/28/2025 17:59:00,"$571,544.00"
9136,32445,7/30/2025 18:28:00,"$616,941.00"
9137,32446,7/31/2025 15:32:00,"$492,790.00"
9138,32448,7/24/2025 14:30:00,"$506,824.00"
9139,32453,7/28/2025 16:35:00,"$622,935.00"
9140,32454,7/27/2025 17:54:00,"$526,361.00"
9141,32455,7/28/2025 17:21:00,"$561,383.00"
9142,32463,7/31/2025 15:57:00,"$584,704.00"
9143,32465,7/29/2025 9:48:00,"$496,025.00"
9144,32467,7/30/2025 10:26:00,"$596,070.00"
9145,32469,7/24/2025 12:00:00,"$415,187.00"
9146,32477,8/2/2025 9:15:00,"$558,117.00"
9147,32485,7/28/2025 19:25:00,"$418,905.00"
9148,32492,7/30/2025 9:00:00,"$563,858.00"
9149,32496,7/30/2025 9:40:00,"$535,645.00"
9150,32497,7/24/2025 17:11:00,"$559,370.00"
9151,32503,7/26/2025 8:56:00,"$492,678.00"
9152,32507,7/30/2025 10:04:00,"$407,667.00"
9153,32508,7/26/2025 19:55:00,"$587,952.00"
9154,32511,7/29/2025 13:53:00,"$546,003.00"
9155,32517,7/29/2025 13:01:00,"$658,169.00"
9156,32518,7/26/2025 18:50:00,"$442,112.00"
9157,32523,7/24/2025 12:05:00,"$410,977.00"
9158,32524,7/30/2025 13:07:00,"$409,792.00"
9159,32529,7/25/2025 18:22:00,"$593,806.00"
9160,32539,7/23/2025 13:12:00,"$394,434.00"
9161,32543,7/28/2025 11:54:00,"$620,027.00"
9162,32546,7/29/2025 14:48:00,"$442,045.00"
9163,32553,7/26/2025 8:38:00,"$613,203.00"
9164,32558,7/26/2025 9:34:00,"$400,143.00"
9165,32564,7/24/2025 10:40:00,"$655,526.00"
9166,32571,7/24/2025 14:04:00,"$446,864.00"
9167,32576,7/24/2025 15:40:00,"$398,223.00"
9168,32577,7/29/2025 16:11:00,"$608,665.00"
9169,32579,7/29/2025 10:48:00,"$639,130.00"
9170,32581,7/26/2025 14:44:00,"$391,274.00"
9171,32583,7/23/2025 15:57:00,"$550,198.00"
9172,32592,7/31/2025 10:15:00,"$606,001.00"
9173,32601,7/29/2025 7:45:00,"$547,928.00"
9174,32605,7/25/2025 1:40:00,"$391,065.00"
9175,32611,7/22/2025 10:26:00,"$541,202.00"
9176,32621,7/27/2025 16:15:00,"$435,243.00"
9177,32622,7/27/2025 2:45:00,"$600,152.00"
9178,32626,7/28/2025 13:13:00,"$373,482.00"
9179,32629,7/22/2025 16:10:00,"$593,203.00"
9180,32632,7/28/2025 8:38:00,"$490,728.00"
9181,32633,7/23/2025 14:16:00,"$534,519.00"
9182,32634,7/23/2025 8:39:00,"$524,061.00"
9183,32637,7/26/2025 16:46:00,"$394,839.00"
9184,32646,7/30/2025 14:36:00,"$617,833.00"
9185,32649,7/24/2025 15:52:00,"$486,292.00"
9186,32658,7/24/2025 11:26:00,"$393,795.00"
9187,32659,7/29/2025 11:39:00,"$613,832.00"
9188,32663,7/27/2025 12:04:00,"$466,095.00"
9189,32664,7/30/2025 17:30:00,"$397,417.00"
9190,32671,7/27/2025 13:13:00,"$639,881.00"
9191,32672,7/29/2025 11:38:00,"$547,525.00"
9192,32678,8/2/2025 8:33:00,"$488,906.00"
9193,32679,8/3/2025 11:36:00,"$544,698.00"
9194,32681,7/27/2025 13:05:00,"$560,969.00"
9195,32683,7/23/2025 9:53:00,"$418,298.00"
9196,32694,8/3/2025 8:56:00,"$406,104.00"
9197,32696,7/23/2025 13:37:00,"$369,566.00"
9198,32697,7/31/2025 16:08:00,"$597,039.00"
9199,32698,7/29/2025 7:10:00,"$407,412.00"
9200,32700,7/27/2025 6:00:00,"$572,078.00"
9201,32702,7/31/2025 15:17:00,"$643,001.00"
9202,32703,7/28/2025 14:56:00,"$448,360.00"
9203,32707,8/7/2025 11:42:00,"$388,408.00"
9204,32711,7/31/2025 15:00:00,"$441,962.00"
9205,32716,7/29/2025 10:01:00,"$497,542.00"
9206,32719,7/29/2025 17:34:00,"$590,453.00"
9207,32723,8/3/2025 17:52:00,"$427,223.00"
9208,32725,7/27/2025 13:31:00,"$627,432.00"
9209,32726,7/27/2025 13:27:00,"$490,335.00"
9210,32728,7/28/2025 11:15:00,"$616,989.00"
9211,32735,7/27/2025 9:43:00,"$590,086.00"
9212,32739,7/28/2025 13:14:00,"$623,383.00"
9213,32740,7/31/2025 13:31:00,"$600,209.00"
9214,32745,7/24/2025 10:15:00,"$635,853.00"
9215,32747,7/26/2025 10:23:00,"$550,615.00"
9216,32748,7/22/2025 20:06:00,"$648,443.00"
9217,32750,7/30/2025 13:31:00,"$366,485.00"
9218,32754,7/28/2025 14:07:00,"$552,571.00"
9219,32757,7/29/2025 16:48:00,"$591,282.00"
9220,32759,7/31/2025 16:37:00,"$599,498.00"
9221,32765,7/23/2025 16:27:00,"$606,141.00"
9222,32768,7/26/2025 13:36:00,"$410,314.00"
9223,32769,8/2/2025 15:13:00,"$668,760.00"
9224,32771,8/1/2025 10:59:00,"$628,324.00"
9225,32784,7/31/2025 10:00:00,"$494,369.00"
9226,32785,7/28/2025 19:48:00,"$601,185.00"
9227,32787,7/31/2025 3:42:00,"$634,091.00"
9228,32789,7/30/2025 16:25:00,"$508,779.00"
9229,32790,7/27/2025 14:32:00,"$397,768.00"
9230,32791,7/26/2025 23:26:00,"$459,755.00"
9231,32792,7/23/2025 12:17:00,"$446,155.00"
9232,32794,7/26/2025 12:28:00,"$525,894.00"
9233,32804,7/31/2025 11:54:00,"$430,109.00"
9234,32806,7/31/2025 9:55:00,"$547,309.00"
9235,32811,8/2/2025 16:35:00,"$669,585.00"
9236,32815,7/30/2025 9:00:00,"$394,197.00"
9237,32819,8/3/2025 10:41:00,"$663,060.00"
9238,32821,7/31/2025 14:46:00,"$391,016.00"
9239,32823,7/24/2025 20:19:00,"$589,952.00"
9240,32831,7/27/2025 13:15:00,"$526,691.00"
9241,32835,7/24/2025 12:22:00,"$637,632.00"
9242,32839,7/27/2025 9:28:00,"$543,440.00"
9243,32843,7/30/2025 8:31:00,"$498,021.00"
9244,32853,7/31/2025 16:35:00,"$424,866.00"
9245,32854,8/3/2025 12:52:00,"$386,895.00"
9246,32855,7/23/2025 15:45:00,"$412,850.00"
9247,32861,7/23/2025 16:44:00,"$392,924.00"
9248,32862,7/29/2025 7:54:00,"$541,356.00"
9249,32866,7/26/2025 16:58:00,"$648,547.00"
9250,32872,7/29/2025 10:12:00,"$447,040.00"
9251,32874,7/28/2025 17:11:00,"$462,751.00"
9252,32879,7/30/2025 14:07:00,"$544,850.00"
9253,32880,8/2/2025 12:28:00,"$559,702.00"
9254,32881,7/27/2025 12:13:00,"$484,413.00"
9255,32884,7/26/2025 16:50:00,"$622,274.00"
9256,32887,7/31/2025 12:15:00,"$565,852.00"
9257,32889,7/29/2025 17:19:00,"$639,216.00"
9258,32893,7/28/2025 9:33:00,"$651,692.00"
9259,32898,7/29/2025 9:03:00,"$588,233.00"
9260,32903,7/28/2025 8:45:00,"$567,501.00"
9261,32904,7/27/2025 14:54:00,"$475,083.00"
9262,32905,8/3/2025 17:04:00,"$586,844.00"
9263,32912,7/27/2025 14:40:00,"$367,407.00"
9264,32917,7/28/2025 1:59:00,"$563,655.00"
9265,32918,7/29/2025 15:44:00,"$580,195.00"
9266,32920,7/26/2025 16:22:00,"$477,283.00"
9267,32922,8/6/2025 12:48:00,"$544,126.00"
9268,32924,7/31/2025 8:50:00,"$361,661.00"
9269,32926,7/28/2025 13:51:00,"$362,810.00"
9270,32928,7/28/2025 0:55:00,"$386,303.00"
9271,32932,7/28/2025 17:26:00,"$561,412.00"
9272,32933,7/28/2025 11:57:00,"$533,505.00"
9273,32934,7/30/2025 12:46:00,"$567,312.00"
9274,32935,7/27/2025 11:19:00,"$539,986.00"
9275,32939,7/26/2025 11:34:00,"$517,715.00"
9276,32940,7/31/2025 13:21:00,"$495,669.00"
9277,32941,8/6/2025 18:12:00,"$520,738.00"
9278,32951,7/31/2025 9:47:00,"$446,791.00"
9279,32954,8/3/2025 2:05:00,"$448,915.00"
9280,32961,7/26/2025 23:09:00,"$546,287.00"
9281,32962,8/1/2025 11:54:00,"$446,536.00"
9282,32967,8/4/2025 13:54:00,"$526,497.00"
9283,32971,7/30/2025 13:08:00,"$409,951.00"
9284,32974,7/31/2025 14:44:00,"$584,258.00"
9285,32980,7/27/2025 13:17:00,"$431,813.00"
9286,32986,7/27/2025 17:05:00,"$509,303.00"
9287,32988,7/26/2025 14:14:00,"$542,463.00"
9288,32993,8/2/2025 14:22:00,"$505,818.00"
9289,32995,7/30/2025 14:10:00,"$533,518.00"
9290,32999,8/2/2025 6:40:00,"$568,350.00"
9291,33007,7/30/2025 16:28:00,"$472,465.00"
9292,33011,8/4/2025 11:08:00,"$618,332.00"
9293,33014,7/31/2025 10:33:00,"$530,632.00"
9294,33016,7/24/2025 11:53:00,"$390,006.00"
9295,33021,7/30/2025 17:22:00,"$602,312.00"
9296,33022,7/31/2025 7:51:00,"$600,287.00"
9297,33023,7/28/2025 17:03:00,"$614,325.00"
9298,33025,7/31/2025 12:59:00,"$647,771.00"
9299,33026,7/24/2025 13:37:00,"$469,424.00"
9300,33029,7/24/2025 14:03:00,"$631,592.00"
9301,33034,7/27/2025 9:48:00,"$576,798.00"
9302,33035,7/24/2025 14:06:00,"$395,829.00"
9303,33047,7/27/2025 17:59:00,"$425,856.00"
9304,33048,7/27/2025 20:46:00,"$440,150.00"
9305,33049,7/30/2025 12:02:00,"$465,694.00"
9306,33059,7/29/2025 16:37:00,"$486,457.00"
9307,33060,7/31/2025 17:18:00,"$554,215.00"
9308,33061,8/3/2025 9:25:00,"$478,068.00"
9309,33062,7/28/2025 11:13:00,"$461,121.00"
9310,33064,7/27/2025 8:39:00,"$482,817.00"
9311,33066,7/28/2025 1:04:00,"$546,197.00"
9312,33067,8/9/2025 13:00:00,"$529,794.00"
9313,33071,7/27/2025 15:26:00,"$617,313.00"
9314,33073,8/4/2025 8:16:00,"$553,513.00"
9315,33080,7/26/2025 18:08:00,"$402,925.00"
9316,33087,7/28/2025 13:17:00,"$627,129.00"
9317,33090,7/29/2025 13:22:00,"$368,779.00"
9318,33097,8/6/2025 2:52:00,"$431,769.00"
9319,33115,7/29/2025 8:24:00,"$624,054.00"
9320,33117,7/26/2025 16:47:00,"$436,716.00"
9321,33121,7/26/2025 15:26:00,"$503,841.00"
9322,33127,8/3/2025 17:24:00,"$657,513.00"
9323,33128,7/24/2025 20:50:00,"$650,213.00"
9324,33132,8/4/2025 7:30:00,"$388,060.00"
9325,33134,7/27/2025 17:47:00,"$597,629.00"
9326,33137,7/27/2025 9:56:00,"$446,604.00"
9327,33141,8/2/2025 16:48:00,"$581,209.00"
9328,33154,8/3/2025 12:44:00,"$411,593.00"
9329,33161,7/31/2025 18:41:00,"$378,292.00"
9330,33163,7/27/2025 15:59:00,"$487,845.00"
9331,33164,7/28/2025 13:40:00,"$611,081.00"
9332,33166,7/31/2025 10:56:00,"$540,423.00"
9333,33167,7/29/2025 9:15:00,"$626,557.00"
9334,33168,7/28/2025 13:13:00,"$564,868.00"
9335,33170,8/4/2025 15:31:00,"$404,498.00"
9336,33171,7/30/2025 9:13:00,"$602,922.00"
9337,33172,8/2/2025 0:10:00,"$504,737.00"
9338,33176,8/3/2025 13:10:00,"$560,276.00"
9339,33191,7/31/2025 11:57:00,"$370,963.00"
9340,33192,7/30/2025 10:38:00,"$467,853.00"
9341,33194,7/31/2025 15:41:00,"$511,423.00"
9342,33196,7/26/2025 9:55:00,"$438,394.00"
9343,33202,7/29/2025 11:28:00,"$452,256.00"
9344,33204,8/1/2025 23:51:00,"$661,813.00"
9345,33212,7/27/2025 8:57:00,"$628,692.00"
9346,33213,7/29/2025 14:32:00,"$605,463.00"
9347,33218,7/28/2025 14:27:00,"$531,607.00"
9348,33224,7/28/2025 10:07:00,"$484,207.00"
9349,33226,8/6/2025 14:10:00,"$409,185.00"
9350,33234,8/4/2025 14:42:00,"$488,538.00"
9351,33235,7/30/2025 10:01:00,"$559,876.00"
9352,33237,7/29/2025 10:03:00,"$396,764.00"
9353,33238,7/26/2025 14:36:00,"$604,205.00"
9354,33242,7/29/2025 9:49:00,"$506,885.00"
9355,33244,7/30/2025 9:20:00,"$587,341.00"
9356,33248,7/30/2025 14:07:00,"$448,423.00"
9357,33254,7/31/2025 11:00:00,"$609,254.00"
9358,33258,7/29/2025 13:17:00,"$592,569.00"
9359,33259,8/3/2025 16:01:00,"$628,141.00"
9360,33260,8/5/2025 14:55:00,"$650,748.00"
9361,33263,7/28/2025 18:00:00,"$589,710.00"
9362,33269,8/5/2025 9:25:00,"$515,516.00"
9363,33272,7/30/2025 13:02:00,"$489,632.00"
9364,33274,8/2/2025 18:43:00,"$483,928.00"
9365,33275,7/31/2025 12:16:00,"$642,911.00"
9366,33280,7/28/2025 18:44:00,"$657,962.00"
9367,33281,8/4/2025 9:18:00,"$603,613.00"
9368,33282,8/7/2025 17:56:00,"$412,173.00"
9369,33288,8/2/2025 13:04:00,"$513,384.00"
9370,33295,8/1/2025 4:55:00,"$408,033.00"
9371,33296,8/4/2025 12:54:00,"$549,022.00"
9372,33302,7/29/2025 12:58:00,"$625,246.00"
9373,33303,7/28/2025 13:55:00,"$389,203.00"
9374,33305,7/30/2025 14:09:00,"$535,941.00"
9375,33308,8/3/2025 13:24:00,"$656,383.00"
9376,33310,7/28/2025 9:47:00,"$607,690.00"
9377,33317,7/27/2025 9:11:00,"$608,481.00"
9378,33318,7/29/2025 14:36:00,"$501,734.00"
9379,33323,7/27/2025 2:27:00,"$568,885.00"
9380,33326,7/28/2025 10:33:00,"$634,614.00"
9381,33327,7/31/2025 8:40:00,"$480,644.00"
9382,33330,8/2/2025 17:02:00,"$541,430.00"
9383,33331,8/4/2025 10:43:00,"$429,602.00"
9384,33333,8/2/2025 15:49:00,"$450,133.00"
9385,33338,8/4/2025 10:25:00,"$387,869.00"
9386,33341,7/31/2025 21:30:00,"$507,057.00"
9387,33345,7/29/2025 14:51:00,"$509,990.00"
9388,33348,8/4/2025 12:23:00,"$499,588.00"
9389,33351,7/27/2025 16:39:00,"$394,011.00"
9390,33354,7/29/2025 9:37:00,"$643,257.00"
9391,33355,8/7/2025 10:31:00,"$670,724.00"
9392,33356,7/31/2025 13:02:00,"$607,571.00"
9393,33363,7/31/2025 15:44:00,"$511,198.00"
9394,33365,8/4/2025 10:25:00,"$683,938.00"
9395,33366,7/28/2025 19:43:00,"$408,895.00"
9396,33367,7/30/2025 16:13:00,"$442,979.00"
9397,33373,7/30/2025 11:27:00,"$459,503.00"
9398,33374,7/26/2025 16:15:00,"$574,157.00"
9399,33375,8/4/2025 14:04:00,"$602,441.00"
9400,33378,7/30/2025 17:58:00,"$612,808.00"
9401,33379,8/3/2025 3:21:00,"$463,874.00"
9402,33380,8/2/2025 13:53:00,"$625,027.00"
9403,33389,7/26/2025 16:59:00,"$632,532.00"
9404,33390,7/31/2025 13:46:00,"$478,277.00"
9405,33394,7/31/2025 12:58:00,"$626,603.00"
9406,33398,7/30/2025 12:13:00,"$425,475.00"
9407,33400,8/6/2025 17:51:00,"$506,918.00"
9408,33411,7/31/2025 10:52:00,"$605,669.00"
9409,33417,7/29/2025 23:36:00,"$601,802.00"
9410,33420,8/4/2025 0:44:00,"$654,411.00"
9411,33426,8/4/2025 9:34:00,"$553,025.00"
9412,33428,8/2/2025 19:10:00,"$587,950.00"
9413,33429,7/29/2025 23:46:00,"$609,790.00"
9414,33433,8/7/2025 15:10:00,"$561,062.00"
9415,33435,8/3/2025 10:59:00,"$682,618.00"
9416,33437,8/3/2025 13:54:00,"$415,022.00"
9417,33438,8/4/2025 9:20:00,"$546,013.00"
9418,33439,8/2/2025 13:15:00,"$388,330.00"
9419,33440,7/28/2025 8:53:00,"$642,088.00"
9420,33442,7/30/2025 20:12:00,"$417,544.00"
9421,33443,7/30/2025 17:15:00,"$518,932.00"
9422,33444,8/2/2025 13:17:00,"$423,196.00"
9423,33450,7/28/2025 12:30:00,"$468,538.00"
9424,33452,7/29/2025 17:55:00,"$502,421.00"
9425,33454,8/3/2025 14:04:00,"$585,657.00"
9426,33457,7/28/2025 19:46:00,"$516,891.00"
9427,33458,8/3/2025 10:45:00,"$531,485.00"
9428,33462,8/4/2025 15:13:00,"$580,762.00"
9429,33467,7/27/2025 15:26:00,"$381,436.00"
9430,33468,8/6/2025 14:42:00,"$517,064.00"
9431,33469,7/27/2025 13:25:00,"$547,061.00"
9432,33473,8/7/2025 5:38:00,"$387,356.00"
9433,33476,8/2/2025 13:57:00,"$407,776.00"
9434,33482,7/31/2025 20:59:00,"$657,593.00"
9435,33486,7/31/2025 17:03:00,"$441,460.00"
9436,33493,8/1/2025 22:32:00,"$481,567.00"
9437,33494,8/4/2025 17:02:00,"$525,462.00"
9438,33495,7/30/2025 16:49:00,"$624,724.00"
9439,33496,8/4/2025 13:50:00,"$473,334.00"
9440,33503,8/7/2025 13:15:00,"$432,942.00"
9441,33508,8/3/2025 10:11:00,"$570,976.00"
9442,33509,7/27/2025 12:54:00,"$547,738.00"
9443,33511,8/3/2025 17:05:00,"$639,067.00"
9444,33512,7/29/2025 8:05:00,"$368,870.00"
9445,33515,7/31/2025 5:07:00,"$534,551.00"
9446,33518,7/28/2025 15:35:00,"$376,353.00"
9447,33523,8/9/2025 15:21:00,"$632,246.00"
9448,33529,7/29/2025 11:37:00,"$367,031.00"
9449,33531,8/7/2025 13:45:00,"$531,840.00"
9450,33535,7/30/2025 16:17:00,"$423,812.00"
9451,33542,8/6/2025 15:30:00,"$592,408.00"
9452,33543,8/2/2025 14:07:00,"$434,880.00"
9453,33549,7/28/2025 10:08:00,"$572,715.00"
9454,33550,8/4/2025 17:40:00,"$440,304.00"
9455,33554,7/30/2025 15:22:00,"$444,501.00"
9456,33557,7/31/2025 14:21:00,"$481,665.00"
9457,33558,8/7/2025 11:45:00,"$518,219.00"
9458,33566,7/30/2025 17:20:00,"$646,716.00"
9459,33572,7/30/2025 15:21:00,"$495,018.00"
9460,33582,7/30/2025 10:17:00,"$613,219.00"
9461,33586,8/7/2025 15:11:00,"$582,240.00"
9462,33588,8/3/2025 17:59:00,"$662,865.00"
9463,33590,8/7/2025 19:47:00,"$484,223.00"
9464,33591,8/4/2025 10:43:00,"$412,153.00"
9465,33598,7/30/2025 10:07:00,"$647,819.00"
9466,33605,8/9/2025 2:00:00,"$635,743.00"
9467,33613,8/6/2025 19:38:00,"$400,114.00"
9468,33623,7/28/2025 17:36:00,"$412,959.00"
9469,33629,7/30/2025 10:30:00,"$558,146.00"
9470,33631,8/4/2025 6:08:00,"$571,551.00"
9471,33639,8/3/2025 15:18:00,"$493,308.00"
9472,33647,8/7/2025 17:25:00,"$650,697.00"
9473,33648,7/31/2025 15:44:00,"$622,972.00"
9474,33649,8/4/2025 15:57:00,"$443,700.00"
9475,33652,7/31/2025 12:45:00,"$502,115.00"
9476,33653,8/2/2025 20:23:00,"$504,486.00"
9477,33656,7/30/2025 9:23:00,"$554,039.00"
9478,33658,8/6/2025 13:05:00,"$474,703.00"
9479,33659,8/2/2025 16:37:00,"$682,849.00"
9480,33664,8/5/2025 13:48:00,"$489,187.00"
9481,33668,8/10/2025 10:40:00,"$400,109.00"
9482,33670,8/2/2025 11:58:00,"$489,808.00"
9483,33672,8/4/2025 11:39:00,"$504,347.00"
9484,33673,7/31/2025 14:40:00,"$487,251.00"
9485,33674,8/2/2025 19:42:00,"$424,887.00"
9486,33677,8/5/2025 9:05:00,"$595,291.00"
9487,33680,8/5/2025 13:23:00,"$645,805.00"
9488,33682,7/28/2025 13:44:00,"$383,667.00"
9489,33683,8/2/2025 15:08:00,"$563,554.00"
9490,33687,8/10/2025 10:28:00,"$474,199.00"
9491,33697,8/5/2025 17:54:00,"$597,149.00"
9492,33703,8/7/2025 19:59:00,"$621,036.00"
9493,33709,8/6/2025 16:53:00,"$619,386.00"
9494,33712,8/4/2025 14:57:00,"$619,495.00"
9495,33714,7/31/2025 13:32:00,"$580,524.00"
9496,33716,8/10/2025 8:33:00,"$411,337.00"
9497,33721,8/3/2025 17:39:00,"$462,714.00"
9498,33722,8/12/2025 4:57:00,"$672,767.00"
9499,33725,7/31/2025 3:29:00,"$363,108.00"
9500,33726,7/30/2025 10:17:00,"$391,622.00"
9501,33727,8/7/2025 9:22:00,"$619,065.00"
9502,33728,8/5/2025 14:27:00,"$408,175.00"
9503,33730,7/28/2025 23:46:00,"$508,245.00"
9504,33732,8/5/2025 15:29:00,"$471,990.00"
9505,33735,8/4/2025 9:20:00,"$442,650.00"
9506,33738,8/7/2025 16:24:00,"$543,542.00"
9507,33739,7/28/2025 14:30:00,"$618,714.00"
9508,33740,7/31/2025 20:38:00,"$492,519.00"
9509,33743,8/4/2025 23:14:00,"$680,849.00"
9510,33744,7/31/2025 14:03:00,"$573,215.00"
9511,33748,8/7/2025 12:33:00,"$520,914.00"
9512,33757,8/5/2025 15:06:00,"$423,442.00"
9513,33758,7/29/2025 10:10:00,"$520,451.00"
9514,33760,8/1/2025 22:00:00,"$446,540.00"
9515,33763,8/11/2025 16:55:00,"$665,118.00"
9516,33771,8/3/2025 22:14:00,"$635,227.00"
9517,33774,8/1/2025 8:08:00,"$651,682.00"
9518,33776,8/7/2025 15:29:00,"$434,471.00"
9519,33780,8/6/2025 18:25:00,"$637,628.00"
9520,33783,7/30/2025 16:47:00,"$514,639.00"
9521,33789,8/11/2025 17:04:00,"$647,198.00"
9522,33790,8/3/2025 17:27:00,"$398,354.00"
9523,33793,8/7/2025 12:52:00,"$542,233.00"
9524,33801,8/4/2025 15:44:00,"$427,023.00"
9525,33802,7/31/2025 12:07:00,"$423,246.00"
9526,33810,7/30/2025 15:27:00,"$482,001.00"
9527,33811,8/2/2025 14:15:00,"$512,765.00"
9528,33812,7/30/2025 21:25:00,"$573,388.00"
9529,33813,8/7/2025 12:49:00,"$573,903.00"
9530,33821,8/13/2025 13:21:00,"$543,670.00"
9531,33824,8/2/2025 14:29:00,"$500,829.00"
9532,33827,8/6/2025 15:38:00,"$650,418.00"
9533,33830,8/5/2025 16:41:00,"$413,953.00"
9534,33839,8/6/2025 10:20:00,"$410,210.00"
9535,33840,7/29/2025 15:16:00,"$393,296.00"
9536,33849,7/31/2025 15:37:00,"$592,924.00"
9537,33852,8/6/2025 11:59:00,"$418,296.00"
9538,33854,8/6/2025 12:29:00,"$481,216.00"
9539,33857,8/4/2025 15:10:00,"$396,906.00"
9540,33862,8/12/2025 17:16:00,"$533,627.00"
9541,33864,7/29/2025 19:31:00,"$659,945.00"
9542,33865,8/5/2025 9:44:00,"$589,009.00"
9543,33874,7/31/2025 17:31:00,"$488,906.00"
9544,33875,7/31/2025 2:39:00,"$502,821.00"
9545,33880,8/2/2025 12:18:00,"$482,639.00"
9546,33881,8/6/2025 13:17:00,"$433,909.00"
9547,33883,8/11/2025 13:28:00,"$417,527.00"
9548,33884,8/2/2025 12:17:00,"$440,613.00"
9549,33886,8/6/2025 12:55:00,"$427,464.00"
9550,33887,8/2/2025 10:20:00,"$412,966.00"
9551,33889,8/3/2025 9:00:00,"$576,964.00"
9552,33891,8/6/2025 13:33:00,"$504,635.00"
9553,33892,8/6/2025 8:30:00,"$436,067.00"
9554,33894,8/3/2025 11:44:00,"$657,911.00"
9555,33896,7/29/2025 16:22:00,"$612,178.00"
9556,33899,8/5/2025 12:31:00,"$624,535.00"
9557,33901,8/5/2025 14:19:00,"$408,665.00"
9558,33903,8/6/2025 11:17:00,"$449,304.00"
9559,33907,7/31/2025 18:03:00,"$470,837.00"
9560,33915,7/30/2025 16:21:00,"$367,761.00"
9561,33926,8/6/2025 20:57:00,"$653,764.00"
9562,33928,7/30/2025 13:36:00,"$595,714.00"
9563,33934,8/1/2025 20:26:00,"$423,307.00"
9564,33939,8/10/2025 12:25:00,"$524,334.00"
9565,33941,8/2/2025 13:20:00,"$673,132.00"
9566,33958,8/2/2025 11:14:00,"$563,936.00"
9567,33960,8/12/2025 16:33:00,"$634,052.00"
9568,33963,8/2/2025 9:19:00,"$420,598.00"
9569,33973,8/8/2025 3:52:00,"$398,413.00"
9570,33976,8/4/2025 9:44:00,"$596,074.00"
9571,33977,8/10/2025 23:46:00,"$427,946.00"
9572,33983,8/7/2025 15:23:00,"$393,919.00"
9573,33984,8/9/2025 12:45:00,"$541,703.00"
9574,33987,8/2/2025 15:41:00,"$622,984.00"
9575,33988,8/2/2025 15:25:00,"$620,601.00"
9576,33989,8/2/2025 18:23:00,"$526,982.00"
9577,33990,8/12/2025 13:34:00,"$645,202.00"
9578,34000,8/3/2025 13:58:00,"$401,858.00"
9579,34010,8/6/2025 13:28:00,"$598,212.00"
9580,34012,8/4/2025 13:17:00,"$598,929.00"
9581,34013,8/1/2025 19:22:00,"$678,604.00"
9582,34016,8/2/2025 9:08:00,"$459,999.00"
9583,34024,8/7/2025 15:39:00,"$529,968.00"
9584,34028,8/3/2025 8:00:00,"$658,850.00"
9585,34029,8/4/2025 13:34:00,"$476,507.00"
9586,34030,8/7/2025 11:30:00,"$444,708.00"
9587,34033,8/4/2025 11:27:00,"$637,952.00"
9588,34034,8/7/2025 9:27:00,"$638,559.00"
9589,34048,8/5/2025 9:59:00,"$411,684.00"
9590,34064,8/6/2025 10:43:00,"$523,749.00"
9591,34065,8/2/2025 0:30:00,"$543,776.00"
9592,34073,7/31/2025 10:18:00,"$504,038.00"
9593,34079,8/6/2025 11:59:00,"$612,295.00"
9594,34082,7/31/2025 17:43:00,"$598,993.00"
9595,34083,8/3/2025 8:51:00,"$621,713.00"
9596,34085,8/5/2025 15:18:00,"$463,644.00"
9597,34086,8/2/2025 18:30:00,"$652,848.00"
9598,34088,8/4/2025 9:56:00,"$533,854.00"
9599,34097,8/4/2025 14:20:00,"$506,605.00"
9600,34098,8/13/2025 14:02:00,"$606,821.00"
9601,34100,8/6/2025 20:44:00,"$412,392.00"
9602,34103,8/10/2025 11:23:00,"$478,637.00"
9603,34111,8/11/2025 11:12:00,"$670,838.00"
9604,34113,7/31/2025 15:14:00,"$524,862.00"
9605,34125,8/16/2025 9:06:00,"$518,246.00"
9606,34129,8/9/2025 23:01:00,"$663,809.00"
9607,34132,8/6/2025 11:49:00,"$597,533.00"
9608,34133,8/9/2025 13:41:00,"$654,998.00"
9609,34151,8/7/2025 12:40:00,"$633,659.00"
9610,34153,8/2/2025 16:00:00,"$550,060.00"
9611,34156,8/3/2025 13:54:00,"$583,954.00"
9612,34158,8/9/2025 13:06:00,"$556,011.00"
9613,34166,8/3/2025 16:22:00,"$648,310.00"
9614,34168,7/31/2025 15:19:00,"$569,210.00"
9615,34172,8/5/2025 18:16:00,"$570,582.00"
9616,34174,8/10/2025 12:59:00,"$547,342.00"
9617,34190,8/15/2025 1:45:00,"$528,592.00"
9618,34195,8/4/2025 10:41:00,"$397,157.00"
9619,34203,8/2/2025 19:56:00,"$517,131.00"
9620,34213,8/4/2025 19:36:00,"$518,305.00"
9621,34216,8/5/2025 15:48:00,"$586,399.00"
9622,34222,8/2/2025 17:54:00,"$581,744.00"
9623,34224,8/4/2025 19:52:00,"$624,193.00"
9624,34229,8/4/2025 14:19:00,"$645,151.00"
9625,34235,8/2/2025 16:42:00,"$655,113.00"
9626,34237,8/7/2025 9:31:00,"$496,722.00"
9627,34238,8/12/2025 9:10:00,"$617,131.00"
9628,34243,8/7/2025 15:22:00,"$454,156.00"
9629,34248,8/3/2025 14:05:00,"$668,586.00"
9630,34249,8/4/2025 10:07:00,"$554,164.00"
9631,34250,8/6/2025 12:04:00,"$625,397.00"
9632,34253,8/5/2025 2:59:00,"$668,249.00"
9633,34254,7/31/2025 18:19:00,"$606,313.00"
9634,34262,8/7/2025 16:58:00,"$474,330.00"
9635,34266,8/2/2025 11:25:00,"$496,143.00"
9636,34270,8/12/2025 11:55:00,"$403,138.00"
9637,34273,8/3/2025 17:54:00,"$665,923.00"
9638,34276,8/11/2025 14:57:00,"$676,861.00"
9639,34278,8/2/2025 18:18:00,"$403,973.00"
9640,34283,8/1/2025 23:47:00,"$394,532.00"
9641,34284,8/10/2025 10:08:00,"$529,213.00"
9642,34286,8/2/2025 14:31:00,"$518,110.00"
9643,34290,8/2/2025 12:23:00,"$405,622.00"
9644,34292,8/10/2025 16:37:00,"$650,873.00"
9645,34294,8/2/2025 14:38:00,"$425,541.00"
9646,34298,8/4/2025 15:30:00,"$573,449.00"
9647,34305,8/4/2025 21:34:00,"$656,499.00"
9648,34308,8/9/2025 9:59:00,"$404,572.00"
9649,34309,8/10/2025 11:17:00,"$411,520.00"
9650,34311,8/7/2025 17:33:00,"$445,370.00"
9651,34312,8/13/2025 17:50:00,"$477,447.00"
9652,34313,8/7/2025 15:40:00,"$645,602.00"
9653,34315,8/3/2025 16:06:00,"$447,736.00"
9654,34323,8/6/2025 12:53:00,"$549,362.00"
9655,34324,8/3/2025 14:22:00,"$458,156.00"
9656,34326,8/5/2025 16:54:00,"$561,254.00"
9657,34329,8/4/2025 9:31:00,"$515,045.00"
9658,34331,8/2/2025 15:32:00,"$608,112.00"
9659,34335,8/14/2025 17:15:00,"$677,426.00"
9660,34337,8/13/2025 19:13:00,"$674,099.00"
9661,34338,8/5/2025 8:37:00,"$498,296.00"
9662,34340,8/12/2025 15:40:00,"$510,835.00"
9663,34343,8/4/2025 15:05:00,"$665,457.00"
9664,34344,8/5/2025 9:19:00,"$572,688.00"
9665,34345,8/14/2025 13:32:00,"$626,929.00"
9666,34348,8/5/2025 15:02:00,"$546,470.00"
9667,34350,8/7/2025 9:14:00,"$398,275.00"
9668,34352,8/10/2025 12:12:00,"$485,837.00"
9669,34353,8/10/2025 9:59:00,"$516,717.00"
9670,34356,8/9/2025 17:21:00,"$595,124.00"
9671,34362,8/5/2025 13:26:00,"$603,171.00"
9672,34363,8/5/2025 12:31:00,"$542,345.00"
9673,34365,8/2/2025 9:52:00,"$490,689.00"
9674,34374,8/9/2025 11:48:00,"$625,363.00"
9675,34380,8/6/2025 17:52:00,"$545,191.00"
9676,34385,8/5/2025 11:12:00,"$642,848.00"
9677,34387,8/7/2025 13:42:00,"$498,266.00"
9678,34388,8/3/2025 15:04:00,"$601,458.00"
9679,34390,8/12/2025 13:46:00,"$403,349.00"
9680,34392,8/1/2025 20:03:00,"$654,656.00"
9681,34396,8/6/2025 11:26:00,"$469,189.00"
9682,34399,8/10/2025 11:32:00,"$411,653.00"
9683,34402,8/2/2025 16:56:00,"$411,293.00"
9684,34405,8/15/2025 20:54:00,"$673,679.00"
9685,34407,8/4/2025 18:15:00,"$425,114.00"
9686,34409,8/3/2025 18:54:00,"$595,187.00"
9687,34419,8/5/2025 12:02:00,"$515,000.00"
9688,34422,8/11/2025 12:29:00,"$647,440.00"
9689,34426,8/3/2025 17:49:00,"$525,332.00"
9690,34429,8/6/2025 8:18:00,"$498,123.00"
9691,34430,8/14/2025 16:33:00,"$599,625.00"
9692,34435,8/3/2025 16:31:00,"$429,217.00"
9693,34437,8/16/2025 15:50:00,"$525,635.00"
9694,34438,8/2/2025 11:38:00,"$583,095.00"
9695,34441,8/10/2025 17:05:00,"$611,612.00"
9696,34446,8/11/2025 13:07:00,"$640,461.00"
9697,34450,8/3/2025 12:32:00,"$395,008.00"
9698,34455,8/14/2025 10:42:00,"$390,382.00"
9699,34461,8/6/2025 17:47:00,"$436,032.00"
9700,34464,8/5/2025 17:48:00,"$566,958.00"
9701,34468,8/4/2025 10:42:00,"$496,845.00"
9702,34469,8/7/2025 18:06:00,"$487,595.00"
9703,34470,8/7/2025 10:40:00,"$655,983.00"
9704,34471,8/5/2025 2:09:00,"$430,520.00"
9705,34472,8/9/2025 15:33:00,"$435,484.00"
9706,34473,8/9/2025 15:14:00,"$496,767.00"
9707,34477,8/13/2025 8:15:00,"$479,030.00"
9708,34480,8/11/2025 17:50:00,"$409,132.00"
9709,34489,8/13/2025 9:40:00,"$596,797.00"
9710,34492,8/17/2025 6:18:00,"$416,178.00"
9711,34494,8/9/2025 16:30:00,"$425,051.00"
9712,34495,8/13/2025 16:17:00,"$409,338.00"
9713,34496,8/10/2025 14:39:00,"$580,629.00"
9714,34501,8/3/2025 17:42:00,"$630,475.00"
9715,34502,8/13/2025 5:40:00,"$611,327.00"
9716,34503,8/5/2025 16:51:00,"$584,917.00"
9717,34508,8/7/2025 10:46:00,"$643,893.00"
9718,34509,8/7/2025 23:38:00,"$478,419.00"
9719,34512,8/7/2025 11:25:00,"$586,101.00"
9720,34514,8/12/2025 20:58:00,"$677,906.00"
9721,34515,8/7/2025 10:43:00,"$459,160.00"
9722,34518,8/9/2025 3:51:00,"$439,390.00"
9723,34522,8/9/2025 16:49:00,"$591,429.00"
9724,34526,8/4/2025 11:12:00,"$639,047.00"
9725,34529,8/14/2025 15:57:00,"$510,211.00"
9726,34531,8/7/2025 11:09:00,"$478,322.00"
9727,34535,8/5/2025 15:43:00,"$672,909.00"
9728,34541,8/3/2025 11:54:00,"$507,756.00"
9729,34544,8/6/2025 8:58:00,"$490,512.00"
9730,34546,8/7/2025 14:46:00,"$676,380.00"
9731,34547,8/3/2025 12:46:00,"$400,738.00"
9732,34554,8/5/2025 13:10:00,"$624,887.00"
9733,34555,8/8/2025 13:45:00,"$460,490.00"
9734,34558,8/9/2025 15:31:00,"$576,138.00"
9735,34560,8/14/2025 14:33:00,"$413,306.00"
9736,34562,8/3/2025 12:19:00,"$593,158.00"
9737,34563,8/11/2025 12:28:00,"$527,751.00"
9738,34564,8/7/2025 14:47:00,"$444,203.00"
9739,34565,8/10/2025 9:31:00,"$545,099.00"
9740,34567,8/7/2025 10:34:00,"$454,287.00"
9741,34574,8/3/2025 18:19:00,"$639,382.00"
9742,34577,8/3/2025 11:38:00,"$422,606.00"
9743,34580,8/5/2025 22:50:00,"$523,907.00"
9744,34583,8/11/2025 16:58:00,"$667,929.00"
9745,34584,8/7/2025 15:31:00,"$441,513.00"
9746,34585,8/11/2025 7:16:00,"$420,328.00"
9747,34589,8/11/2025 16:59:00,"$563,118.00"
9748,34592,8/5/2025 12:40:00,"$387,833.00"
9749,34595,8/20/2025 13:20:00,"$456,491.00"
9750,34600,8/6/2025 16:11:00,"$545,124.00"
9751,34602,8/10/2025 9:00:00,"$675,050.00"
9752,34605,8/12/2025 20:45:00,"$494,922.00"
9753,34607,8/4/2025 12:21:00,"$619,278.00"
9754,34612,8/5/2025 9:14:00,"$618,834.00"
9755,34613,8/3/2025 12:59:00,"$628,421.00"
9756,34615,8/5/2025 14:26:00,"$406,934.00"
9757,34616,8/9/2025 14:49:00,"$483,225.00"
9758,34623,8/5/2025 13:28:00,"$458,985.00"
9759,34625,8/12/2025 19:47:00,"$681,559.00"
9760,34628,8/16/2025 14:58:00,"$460,486.00"
9761,34649,8/7/2025 19:10:00,"$579,902.00"
9762,34652,8/10/2025 11:57:00,"$657,073.00"
9763,34658,8/6/2025 14:57:00,"$518,220.00"
9764,34673,8/11/2025 12:30:00,"$592,172.00"
9765,34681,8/11/2025 10:09:00,"$633,664.00"
9766,34684,8/17/2025 10:16:00,"$541,129.00"
9767,34685,8/3/2025 15:59:00,"$625,170.00"
9768,34691,8/7/2025 20:06:00,"$413,449.00"
9769,34694,8/6/2025 15:53:00,"$658,324.00"
9770,34701,8/10/2025 16:07:00,"$429,222.00"
9771,34702,8/5/2025 8:37:00,"$455,432.00"
9772,34706,8/10/2025 9:27:00,"$528,927.00"
9773,34708,8/6/2025 11:44:00,"$607,117.00"
9774,34710,8/13/2025 17:21:00,"$589,201.00"
9775,34711,8/7/2025 14:33:00,"$603,965.00"
9776,34712,8/7/2025 13:52:00,"$500,692.00"
9777,34714,8/9/2025 19:11:00,"$529,308.00"
9778,34715,8/11/2025 13:04:00,"$513,105.00"
9779,34716,8/5/2025 13:01:00,"$660,648.00"
9780,34718,8/7/2025 21:22:00,"$511,370.00"
9781,34719,8/6/2025 13:13:00,"$565,275.00"
9782,34721,8/11/2025 10:08:00,"$512,721.00"
9783,34726,8/11/2025 15:16:00,"$510,197.00"
9784,34728,8/6/2025 14:18:00,"$430,770.00"
9785,34731,8/17/2025 12:04:00,"$548,281.00"
9786,34732,8/13/2025 10:45:00,"$654,296.00"
9787,34733,8/7/2025 20:24:00,"$571,465.00"
9788,34734,8/12/2025 15:16:00,"$417,202.00"
9789,34735,8/17/2025 14:50:00,"$590,611.00"
9790,34739,8/5/2025 13:52:00,"$553,789.00"
9791,34756,8/12/2025 14:15:00,"$517,813.00"
9792,34771,8/9/2025 11:00:00,"$563,995.00"
9793,34772,8/17/2025 9:23:00,"$520,850.00"
9794,34774,8/7/2025 15:26:00,"$408,358.00"
9795,34776,8/4/2025 10:46:00,"$493,484.00"
9796,34781,8/7/2025 16:30:00,"$559,996.00"
9797,34786,8/14/2025 11:38:00,"$448,264.00"
9798,34798,8/5/2025 16:17:00,"$386,365.00"
9799,34806,8/5/2025 13:37:00,"$649,115.00"
9800,34808,8/13/2025 9:08:00,"$678,814.00"
9801,34821,8/7/2025 14:05:00,"$609,464.00"
9802,34839,8/14/2025 23:46:00,"$432,492.00"
9803,34840,8/16/2025 12:38:00,"$682,636.00"
9804,34842,8/11/2025 15:16:00,"$502,346.00"
9805,34844,8/9/2025 8:13:00,"$390,706.00"
9806,34846,8/11/2025 16:51:00,"$671,473.00"
9807,34847,8/7/2025 11:11:00,"$496,111.00"
9808,34849,8/15/2025 22:33:00,"$410,594.00"
9809,34850,8/5/2025 14:36:00,"$624,711.00"
9810,34851,8/13/2025 14:57:00,"$434,488.00"
9811,34858,8/11/2025 20:00:00,"$539,842.00"
9812,34860,8/11/2025 13:11:00,"$668,473.00"
9813,34861,8/17/2025 13:13:00,"$511,539.00"
9814,34864,8/14/2025 11:39:00,"$494,028.00"
9815,34868,8/12/2025 17:16:00,"$428,524.00"
9816,34869,8/7/2025 12:47:00,"$593,973.00"
9817,34874,8/12/2025 17:32:00,"$420,566.00"
9818,34882,8/9/2025 13:33:00,"$675,640.00"
9819,34883,8/9/2025 23:14:00,"$571,233.00"
9820,34885,8/17/2025 9:21:00,"$481,499.00"
9821,34887,8/14/2025 14:55:00,"$439,702.00"
9822,34890,8/7/2025 12:48:00,"$507,081.00"
9823,34892,8/12/2025 11:01:00,"$431,753.00"
9824,34896,8/16/2025 14:42:00,"$543,410.00"
9825,34903,8/12/2025 19:12:00,"$525,850.00"
9826,34908,8/9/2025 9:47:00,"$533,284.00"
9827,34909,8/14/2025 13:19:00,"$505,379.00"
9828,34910,8/9/2025 10:50:00,"$590,228.00"
9829,34911,8/9/2025 14:25:00,"$538,263.00"
9830,34913,8/11/2025 0:27:00,"$490,837.00"
9831,34914,8/9/2025 15:23:00,"$480,249.00"
9832,34917,8/8/2025 21:28:00,"$683,666.00"
9833,34918,8/16/2025 12:26:00,"$403,865.00"
9834,34919,8/10/2025 13:14:00,"$561,958.00"
9835,34924,8/9/2025 14:41:00,"$488,888.00"
9836,34926,8/13/2025 15:43:00,"$577,326.00"
9837,34930,8/6/2025 16:00:00,"$525,055.00"
9838,34934,8/10/2025 16:12:00,"$528,974.00"
9839,34936,8/5/2025 17:06:00,"$500,849.00"
9840,34937,8/6/2025 13:16:00,"$625,575.00"
9841,34941,8/14/2025 11:14:00,"$589,703.00"
9842,34949,8/7/2025 14:00:00,"$440,823.00"
9843,34953,8/11/2025 11:29:00,"$489,954.00"
9844,34954,8/7/2025 10:10:00,"$463,273.00"
9845,34957,8/12/2025 16:06:00,"$439,279.00"
9846,34960,8/17/2025 16:17:00,"$683,911.00"
9847,34964,8/17/2025 19:29:00,"$458,681.00"
9848,34965,8/13/2025 16:54:00,"$446,896.00"
9849,34969,8/7/2025 9:06:00,"$626,295.00"
9850,34970,8/18/2025 15:10:00,"$662,683.00"
9851,34973,8/5/2025 12:30:00,"$492,629.00"
9852,34975,8/6/2025 11:26:00,"$602,527.00"
9853,34976,8/6/2025 13:12:00,"$648,853.00"
9854,34980,8/10/2025 19:13:00,"$458,997.00"
9855,34985,8/7/2025 13:20:00,"$617,383.00"
9856,34987,8/14/2025 10:34:00,"$511,384.00"
9857,34989,8/11/2025 12:16:00,"$498,614.00"
9858,34990,8/6/2025 9:41:00,"$587,427.00"
9859,34997,8/13/2025 16:58:00,"$408,920.00"
9860,35007,8/7/2025 15:27:00,"$678,650.00"
9861,35013,8/7/2025 19:17:00,"$476,776.00"
9862,35017,8/14/2025 14:50:00,"$481,851.00"
9863,35021,8/19/2025 11:41:00,"$395,674.00"
9864,35033,8/12/2025 9:19:00,"$643,278.00"
9865,35038,8/18/2025 8:01:00,"$408,396.00"
9866,35040,8/11/2025 9:24:00,"$563,776.00"
9867,35044,8/13/2025 15:18:00,"$521,230.00"
9868,35049,8/7/2025 19:59:00,"$609,693.00"
9869,35050,8/7/2025 13:40:00,"$528,885.00"
9870,35056,8/12/2025 16:22:00,"$627,125.00"
9871,35057,8/11/2025 10:25:00,"$494,751.00"
9872,35058,8/12/2025 11:41:00,"$473,653.00"
9873,35061,8/20/2025 7:40:00,"$416,273.00"
9874,35062,8/13/2025 19:45:00,"$468,387.00"
9875,35064,8/11/2025 13:50:00,"$518,812.00"
9876,35069,8/9/2025 10:15:00,"$531,826.00"
9877,35070,8/12/2025 12:19:00,"$464,813.00"
9878,35072,8/7/2025 14:22:00,"$451,048.00"
9879,35075,8/7/2025 7:21:00,"$464,524.00"
9880,35081,8/16/2025 10:06:00,"$607,495.00"
9881,35088,8/6/2025 11:23:00,"$648,021.00"
9882,35089,8/9/2025 11:55:00,"$430,665.00"
9883,35097,8/6/2025 10:13:00,"$599,129.00"
9884,35101,8/12/2025 13:03:00,"$602,798.00"
9885,35104,8/9/2025 13:35:00,"$571,543.00"
9886,35105,8/12/2025 15:37:00,"$592,388.00"
9887,35107,8/17/2025 13:27:00,"$451,256.00"
9888,35110,8/6/2025 12:56:00,"$493,015.00"
9889,35118,8/7/2025 15:43:00,"$431,215.00"
9890,35121,8/12/2025 10:18:00,"$414,944.00"
9891,35123,8/10/2025 12:59:00,"$521,765.00"
9892,35126,8/17/2025 17:52:00,"$513,236.00"
9893,35127,8/18/2025 16:41:00,"$623,778.00"
9894,35130,8/20/2025 15:41:00,"$426,310.00"
9895,35135,8/9/2025 19:49:00,"$504,776.00"
9896,35141,8/12/2025 23:39:00,"$623,398.00"
9897,35142,8/14/2025 13:47:00,"$672,254.00"
9898,35148,8/11/2025 9:58:00,"$664,046.00"
9899,35156,8/17/2025 9:23:00,"$670,258.00"
9900,35164,8/11/2025 8:56:00,"$624,742.00"
9901,35169,8/18/2025 6:36:00,"$507,041.00"
9902,35175,8/16/2025 19:41:00,"$454,964.00"
9903,35179,8/12/2025 11:54:00,"$434,993.00"
9904,35181,8/7/2025 0:32:00,"$599,832.00"
9905,35186,8/12/2025 21:51:00,"$586,154.00"
9906,35188,8/17/2025 14:12:00,"$459,890.00"
9907,35189,8/9/2025 16:42:00,"$657,046.00"
9908,35193,8/10/2025 14:12:00,"$410,906.00"
9909,35195,8/9/2025 15:56:00,"$413,534.00"
9910,35200,8/12/2025 17:50:00,"$520,507.00"
9911,35203,8/9/2025 11:54:00,"$556,967.00"
9912,35205,8/10/2025 17:52:00,"$407,685.00"
9913,35207,8/14/2025 16:20:00,"$671,988.00"
9914,35210,8/13/2025 11:41:00,"$587,361.00"
9915,35214,8/17/2025 14:53:00,"$620,136.00"
9916,35218,8/18/2025 14:14:00,"$650,836.00"
9917,35223,8/14/2025 17:59:00,"$673,277.00"
9918,35224,8/9/2025 11:58:00,"$593,077.00"
9919,35225,8/9/2025 18:30:00,"$397,090.00"
9920,35226,8/16/2025 11:18:00,"$458,588.00"
9921,35230,8/17/2025 11:35:00,"$622,896.00"
9922,35231,8/11/2025 19:36:00,"$533,850.00"
9923,35233,8/16/2025 13:10:00,"$513,069.00"
9924,35235,8/20/2025 16:39:00,"$669,278.00"
9925,35244,8/13/2025 12:28:00,"$575,961.00"
9926,35246,8/12/2025 10:18:00,"$475,910.00"
9927,35247,8/11/2025 14:06:00,"$470,237.00"
9928,35248,8/9/2025 12:17:00,"$461,764.00"
9929,35258,8/7/2025 8:28:00,"$441,895.00"
9930,35266,8/21/2025 18:35:00,"$459,277.00"
9931,35276,8/16/2025 15:43:00,"$603,477.00"
9932,35278,8/7/2025 12:15:00,"$655,362.00"
9933,35285,8/13/2025 16:17:00,"$661,614.00"
9934,35289,8/11/2025 13:01:00,"$657,265.00"
9935,35292,8/10/2025 17:50:00,"$396,543.00"
9936,35294,8/12/2025 14:00:00,"$506,271.00"
9937,35296,8/10/2025 17:22:00,"$417,181.00"
9938,35300,8/13/2025 11:01:00,"$657,160.00"
9939,35305,8/11/2025 0:27:00,"$396,070.00"
9940,35314,8/15/2025 18:20:00,"$679,627.00"
9941,35317,8/12/2025 19:22:00,"$439,108.00"
9942,35319,8/12/2025 10:02:00,"$650,440.00"
9943,35321,8/14/2025 13:21:00,"$486,960.00"
9944,35322,8/13/2025 10:33:00,"$527,520.00"
9945,35326,8/16/2025 8:47:00,"$442,565.00"
9946,35328,8/7/2025 13:39:00,"$455,499.00"
9947,35334,8/7/2025 17:37:00,"$624,010.00"
9948,35335,8/16/2025 16:00:00,"$526,072.00"
9949,35340,8/16/2025 15:06:00,"$430,021.00"
9950,35344,8/17/2025 11:19:00,"$637,337.00"
9951,35347,8/17/2025 8:56:00,"$508,442.00"
9952,35348,8/11/2025 9:16:00,"$644,820.00"
9953,35355,8/13/2025 15:44:00,"$670,255.00"
9954,35359,8/12/2025 10:49:00,"$598,351.00"
9955,35360,8/13/2025 14:08:00,"$569,611.00"
9956,35362,8/10/2025 14:01:00,"$545,358.00"
9957,35365,8/12/2025 8:35:00,"$491,877.00"
9958,35366,8/16/2025 13:47:00,"$509,487.00"
9959,35375,8/11/2025 14:36:00,"$499,517.00"
9960,35377,8/7/2025 17:51:00,"$629,702.00"
9961,35378,8/11/2025 17:21:00,"$611,239.00"
9962,35380,8/12/2025 7:01:00,"$403,211.00"
9963,35381,8/10/2025 16:20:00,"$526,892.00"
9964,35385,8/10/2025 9:42:00,"$629,316.00"
9965,35388,8/13/2025 14:34:00,"$403,195.00"
9966,35389,8/12/2025 10:50:00,"$546,733.00"
9967,35390,8/11/2025 16:08:00,"$612,333.00"
9968,35392,8/8/2025 21:25:00,"$669,748.00"
9969,35400,8/11/2025 11:56:00,"$425,030.00"
9970,35401,8/18/2025 11:43:00,"$483,374.00"
9971,35405,8/13/2025 16:27:00,"$613,312.00"
9972,35407,8/22/2025 15:32:00,"$451,364.00"
9973,35408,8/16/2025 12:12:00,"$606,113.00"
9974,35411,8/14/2025 11:55:00,"$486,287.00"
9975,35413,8/16/2025 9:56:00,"$659,454.00"
9976,35421,8/9/2025 11:34:00,"$386,901.00"
9977,35427,8/10/2025 5:50:00,"$528,562.00"
9978,35428,8/16/2025 9:35:00,"$404,810.00"
9979,35432,8/18/2025 10:17:00,"$461,832.00"
9980,35435,8/12/2025 19:08:00,"$434,921.00"
9981,35438,8/23/2025 19:20:00,"$573,441.00"
9982,35439,8/13/2025 8:13:00,"$455,213.00"
9983,35440,8/12/2025 17:45:00,"$541,633.00"
9984,35441,8/13/2025 14:05:00,"$564,091.00"
9985,35446,8/13/2025 16:48:00,"$560,836.00"
9986,35447,8/10/2025 14:27:00,"$416,448.00"
9987,35451,8/16/2025 3:41:00,"$671,818.00"
9988,35453,8/20/2025 8:00:00,"$428,215.00"
9989,35457,8/14/2025 19:19:00,"$609,449.00"
9990,35459,8/20/2025 9:09:00,"$532,152.00"
9991,35463,8/14/2025 14:31:00,"$555,072.00"
9992,35464,8/9/2025 14:40:00,"$546,372.00"
9993,35466,8/14/2025 1:47:00,"$414,477.00"
9994,35467,8/9/2025 6:28:00,"$527,603.00"
9995,35468,8/20/2025 8:08:00,"$653,120.00"
9996,35469,8/18/2025 20:09:00,"$622,890.00"
9997,35471,8/18/2025 18:12:00,"$677,595.00"
9998,35472,8/24/2025 7:54:00,"$610,223.00"
9999,35473,8/13/2025 11:42:00,"$546,068.00"
10000,35480,8/9/2025 19:15:00,"$390,735.00"
10001,35482,8/12/2025 9:02:00,"$598,465.00"
10002,35483,8/15/2025 20:33:00,"$593,774.00"
10003,35491,8/9/2025 9:17:00,"$564,631.00"
10004,35496,8/18/2025 8:07:00,"$417,127.00"
10005,35503,8/19/2025 16:14:00,"$435,441.00"
10006,35505,8/18/2025 16:41:00,"$386,610.00"
10007,35508,8/12/2025 5:24:00,"$486,489.00"
10008,35515,8/9/2025 10:27:00,"$589,288.00"
10009,35516,8/16/2025 10:33:00,"$676,332.00"
10010,35518,8/20/2025 10:14:00,"$446,367.00"
10011,35520,8/12/2025 7:05:00,"$455,331.00"
10012,35524,8/17/2025 10:03:00,"$654,287.00"
10013,35529,8/10/2025 13:40:00,"$604,568.00"
10014,35531,8/16/2025 17:57:00,"$506,227.00"
10015,35534,8/18/2025 9:17:00,"$625,814.00"
10016,35536,8/19/2025 11:14:00,"$624,749.00"
10017,35537,8/19/2025 18:23:00,"$563,510.00"
10018,35538,8/12/2025 17:01:00,"$667,095.00"
10019,35542,8/21/2025 14:06:00,"$464,669.00"
10020,35546,8/11/2025 16:25:00,"$512,274.00"
10021,35547,8/17/2025 17:20:00,"$484,442.00"
10022,35552,8/9/2025 13:01:00,"$417,796.00"
10023,35554,8/13/2025 12:45:00,"$430,999.00"
10024,35555,8/9/2025 15:26:00,"$620,705.00"
10025,35575,8/17/2025 14:50:00,"$596,269.00"
10026,35577,8/12/2025 2:27:00,"$408,835.00"
10027,35578,8/14/2025 11:32:00,"$457,496.00"
10028,35579,8/16/2025 13:52:00,"$645,752.00"
10029,35588,8/17/2025 15:47:00,"$560,938.00"
10030,35591,8/13/2025 16:52:00,"$636,998.00"
10031,35592,8/13/2025 11:29:00,"$536,835.00"
10032,35597,8/16/2025 7:08:00,"$465,303.00"
10033,35605,8/19/2025 3:00:00,"$412,687.00"
10034,35609,8/20/2025 11:38:00,"$574,321.00"
10035,35610,8/12/2025 16:01:00,"$593,700.00"
10036,35614,8/19/2025 15:48:00,"$630,801.00"
10037,35615,8/23/2025 13:49:00,"$523,448.00"
10038,35619,8/24/2025 12:41:00,"$502,778.00"
10039,35620,8/24/2025 14:36:00,"$530,074.00"
10040,35622,8/16/2025 16:23:00,"$445,009.00"
10041,35637,8/15/2025 21:46:00,"$401,029.00"
10042,35639,8/10/2025 15:42:00,"$437,608.00"
10043,35640,8/13/2025 9:07:00,"$657,053.00"
10044,35650,8/14/2025 6:58:00,"$633,605.00"
10045,35651,8/10/2025 12:00:00,"$391,295.00"
10046,35654,8/12/2025 18:36:00,"$500,064.00"
10047,35655,8/18/2025 17:41:00,"$435,121.00"
10048,35663,8/12/2025 1:50:00,"$506,849.00"
10049,35665,8/11/2025 17:24:00,"$466,284.00"
10050,35666,8/12/2025 17:12:00,"$683,001.00"
10051,35667,8/14/2025 16:56:00,"$455,352.00"
10052,35672,8/12/2025 0:26:00,"$643,443.00"
10053,35676,8/10/2025 22:48:00,"$514,982.00"
10054,35677,8/14/2025 15:58:00,"$471,189.00"
10055,35678,8/13/2025 13:12:00,"$414,784.00"
10056,35679,8/14/2025 15:33:00,"$621,368.00"
10057,35686,8/10/2025 17:02:00,"$672,738.00"
10058,35689,8/12/2025 16:43:00,"$593,114.00"
10059,35692,8/16/2025 17:31:00,"$508,772.00"
10060,35697,8/9/2025 20:57:00,"$656,530.00"
10061,35702,8/11/2025 10:09:00,"$425,979.00"
10062,35703,8/22/2025 20:57:00,"$454,589.00"
10063,35705,8/12/2025 7:05:00,"$579,427.00"
10064,35711,8/19/2025 2:36:00,"$552,895.00"
10065,35714,8/19/2025 13:34:00,"$458,459.00"
10066,35719,8/10/2025 6:36:00,"$449,177.00"
10067,35720,8/13/2025 10:16:00,"$412,732.00"
10068,35724,8/14/2025 18:05:00,"$485,117.00"
10069,35727,8/18/2025 9:28:00,"$502,286.00"
10070,35728,8/18/2025 14:32:00,"$484,170.00"
10071,35729,8/17/2025 15:06:00,"$566,561.00"
10072,35731,8/17/2025 13:24:00,"$642,332.00"
10073,35734,8/17/2025 11:02:00,"$477,219.00"
10074,35740,8/17/2025 10:16:00,"$529,516.00"
10075,35745,8/11/2025 11:34:00,"$445,541.00"
10076,35749,8/11/2025 15:15:00,"$529,175.00"
10077,35750,8/13/2025 15:45:00,"$647,166.00"
10078,35754,8/14/2025 7:52:00,"$530,975.00"
10079,35756,8/21/2025 17:22:00,"$432,726.00"
10080,35761,8/14/2025 16:23:00,"$452,042.00"
10081,35763,8/13/2025 10:31:00,"$577,724.00"
10082,35766,8/17/2025 20:51:00,"$534,312.00"
10083,35767,8/19/2025 15:45:00,"$436,141.00"
10084,35769,8/20/2025 13:27:00,"$457,213.00"
10085,35770,8/13/2025 17:23:00,"$641,724.00"
10086,35780,8/10/2025 17:33:00,"$454,544.00"
10087,35789,8/13/2025 15:05:00,"$645,364.00"
10088,35805,8/12/2025 20:35:00,"$450,743.00"
10089,35811,8/14/2025 10:59:00,"$538,338.00"
10090,35816,8/11/2025 18:35:00,"$539,747.00"
10091,35818,8/19/2025 13:48:00,"$517,122.00"
10092,35821,8/10/2025 19:42:00,"$455,897.00"
10093,35822,8/24/2025 8:30:00,"$550,262.00"
10094,35827,8/12/2025 12:07:00,"$403,660.00"
10095,35830,8/11/2025 11:50:00,"$500,172.00"
10096,35832,8/17/2025 17:01:00,"$619,037.00"
10097,35835,8/17/2025 9:48:00,"$500,733.00"
10098,35842,8/11/2025 18:04:00,"$454,812.00"
10099,35845,8/12/2025 7:46:00,"$663,352.00"
10100,35847,8/21/2025 11:34:00,"$512,625.00"
10101,35848,8/14/2025 13:35:00,"$541,642.00"
10102,35853,8/13/2025 13:51:00,"$519,403.00"
10103,35856,8/15/2025 12:33:00,"$604,616.00"
10104,35857,8/11/2025 4:34:00,"$677,098.00"
10105,35862,8/24/2025 11:32:00,"$529,508.00"
10106,35863,8/20/2025 0:59:00,"$630,318.00"
10107,35865,8/20/2025 8:58:00,"$495,665.00"
10108,35866,8/17/2025 10:54:00,"$584,137.00"
10109,35871,8/17/2025 13:08:00,"$508,703.00"
10110,35876,8/12/2025 10:41:00,"$507,054.00"
10111,35879,8/24/2025 7:27:00,"$402,737.00"
10112,35882,8/16/2025 9:48:00,"$639,139.00"
10113,35884,8/21/2025 18:33:00,"$432,885.00"
10114,35885,8/20/2025 13:35:00,"$430,593.00"
10115,35888,8/19/2025 9:42:00,"$573,709.00"
10116,35891,8/17/2025 12:20:00,"$417,811.00"
10117,35905,8/19/2025 11:01:00,"$429,259.00"
10118,35909,8/14/2025 15:14:00,"$583,668.00"
10119,35912,8/15/2025 14:53:00,"$680,245.00"
10120,35918,8/23/2025 7:24:00,"$468,400.00"
10121,35923,8/12/2025 20:20:00,"$547,739.00"
10122,35924,8/21/2025 11:16:00,"$407,250.00"
10123,35925,8/17/2025 15:57:00,"$456,413.00"
10124,35931,8/13/2025 18:55:00,"$405,112.00"
10125,35933,8/14/2025 17:06:00,"$636,990.00"
10126,35938,8/17/2025 13:17:00,"$659,327.00"
10127,35939,8/12/2025 10:57:00,"$398,850.00"
10128,35941,8/12/2025 10:05:00,"$483,433.00"
10129,35942,8/19/2025 20:09:00,"$561,943.00"
10130,35943,8/17/2025 17:13:00,"$385,184.00"
10131,35946,8/16/2025 15:52:00,"$499,758.00"
10132,35952,8/18/2025 11:38:00,"$571,423.00"
10133,35957,8/17/2025 10:14:00,"$657,449.00"
10134,35959,8/12/2025 12:58:00,"$515,504.00"
10135,35960,8/17/2025 13:19:00,"$422,520.00"
10136,35962,8/17/2025 11:54:00,"$534,399.00"
10137,35968,8/17/2025 20:09:00,"$504,174.00"
10138,35972,8/17/2025 17:42:00,"$640,997.00"
10139,35974,8/14/2025 9:06:00,"$384,589.00"
10140,35980,8/24/2025 17:53:00,"$591,588.00"
10141,35982,8/23/2025 14:12:00,"$491,121.00"
10142,35993,8/21/2025 13:13:00,"$494,937.00"
10143,35995,8/18/2025 14:43:00,"$529,731.00"
10144,36005,8/18/2025 9:55:00,"$388,809.00"
10145,36006,8/14/2025 9:57:00,"$477,018.00"
10146,36017,8/14/2025 14:40:00,"$551,105.00"
10147,36020,8/18/2025 19:36:00,"$389,966.00"
10148,36022,8/14/2025 20:37:00,"$398,320.00"
10149,36024,8/17/2025 16:51:00,"$560,751.00"
10150,36027,8/20/2025 11:30:00,"$397,954.00"
10151,36031,8/18/2025 21:58:00,"$454,625.00"
10152,36035,8/21/2025 14:44:00,"$414,867.00"
10153,36038,8/19/2025 11:51:00,"$425,122.00"
10154,36040,8/19/2025 9:42:00,"$490,134.00"
10155,36041,8/13/2025 15:27:00,"$505,733.00"
10156,36061,8/18/2025 9:04:00,"$681,724.00"
10157,36075,8/21/2025 16:19:00,"$636,529.00"
10158,36076,8/23/2025 2:40:00,"$466,989.00"
10159,36079,8/16/2025 8:21:00,"$564,148.00"
10160,36082,8/23/2025 9:00:00,"$444,641.00"
10161,36085,8/21/2025 9:14:00,"$396,231.00"
10162,36088,8/17/2025 9:23:00,"$594,270.00"
10163,36089,8/16/2025 16:37:00,"$498,307.00"
10164,36094,8/18/2025 15:01:00,"$384,175.00"
10165,36095,8/15/2025 16:49:00,"$654,405.00"
10166,36099,8/18/2025 17:33:00,"$613,748.00"
10167,36103,8/24/2025 11:03:00,"$500,429.00"
10168,36105,8/19/2025 15:27:00,"$649,952.00"
10169,36106,8/23/2025 12:17:00,"$405,961.00"
10170,36107,8/21/2025 16:50:00,"$529,712.00"
10171,36110,8/25/2025 9:14:00,"$483,462.00"
10172,36117,8/17/2025 13:27:00,"$411,151.00"
10173,36121,8/14/2025 15:22:00,"$516,594.00"
10174,36123,8/21/2025 10:06:00,"$520,581.00"
10175,36126,8/17/2025 13:30:00,"$398,734.00"
10176,36131,8/16/2025 20:36:00,"$490,287.00"
10177,36132,8/27/2025 13:05:00,"$396,809.00"
10178,36141,8/21/2025 14:50:00,"$593,286.00"
10179,36142,8/18/2025 10:39:00,"$543,610.00"
10180,36145,8/19/2025 21:30:00,"$584,270.00"
10181,36147,8/18/2025 18:49:00,"$672,842.00"
10182,36150,8/20/2025 9:40:00,"$507,625.00"
10183,36151,8/21/2025 4:46:00,"$665,223.00"
10184,36157,8/18/2025 10:03:00,"$553,513.00"
10185,36160,8/18/2025 17:58:00,"$418,542.00"
10186,36161,8/19/2025 14:38:00,"$648,743.00"
10187,36162,8/21/2025 11:55:00,"$446,126.00"
10188,36163,8/13/2025 9:18:00,"$449,741.00"
10189,36164,8/16/2025 12:22:00,"$431,250.00"
10190,36165,8/19/2025 17:02:00,"$598,163.00"
10191,36166,8/16/2025 13:48:00,"$676,515.00"
10192,36167,8/15/2025 15:46:00,"$490,783.00"
10193,36170,8/13/2025 11:24:00,"$477,731.00"
10194,36172,8/16/2025 11:00:00,"$470,912.00"
10195,36174,8/18/2025 11:27:00,"$462,428.00"
10196,36175,8/26/2025 8:38:00,"$529,145.00"
10197,36176,8/14/2025 11:57:00,"$583,855.00"
10198,36185,8/21/2025 10:12:00,"$539,752.00"
10199,36191,8/16/2025 14:56:00,"$670,282.00"
10200,36192,8/21/2025 16:00:00,"$539,370.00"
10201,36194,8/19/2025 15:53:00,"$565,259.00"
10202,36195,8/19/2025 15:57:00,"$497,220.00"
10203,36202,8/16/2025 16:02:00,"$415,431.00"
10204,36208,8/19/2025 17:52:00,"$636,227.00"
10205,36214,8/16/2025 10:32:00,"$548,094.00"
10206,36215,8/17/2025 1:18:00,"$624,962.00"
10207,36217,8/19/2025 10:19:00,"$655,648.00"
10208,36219,8/19/2025 13:12:00,"$631,393.00"
10209,36223,8/20/2025 13:50:00,"$617,930.00"
10210,36226,8/26/2025 11:51:00,"$409,456.00"
10211,36227,8/13/2025 13:44:00,"$481,777.00"
10212,36235,8/17/2025 13:35:00,"$453,365.00"
10213,36245,8/20/2025 15:54:00,"$676,835.00"
10214,36248,8/19/2025 14:22:00,"$434,359.00"
10215,36252,8/23/2025 1:59:00,"$413,646.00"
10216,36254,8/18/2025 9:56:00,"$446,676.00"
10217,36258,8/18/2025 11:43:00,"$469,718.00"
10218,36260,8/18/2025 9:05:00,"$438,858.00"
10219,36261,8/20/2025 7:24:00,"$620,568.00"
10220,36262,8/14/2025 12:27:00,"$585,703.00"
10221,36268,8/21/2025 10:58:00,"$420,050.00"
10222,36269,8/27/2025 11:55:00,"$566,528.00"
10223,36271,8/23/2025 11:20:00,"$440,021.00"
10224,36273,8/19/2025 12:30:00,"$681,906.00"
10225,36275,8/14/2025 15:45:00,"$390,354.00"
10226,36277,8/18/2025 13:55:00,"$387,881.00"
10227,36280,8/14/2025 14:09:00,"$668,756.00"
10228,36281,8/14/2025 7:24:00,"$567,145.00"
10229,36282,8/20/2025 9:38:00,"$580,286.00"
10230,36283,8/18/2025 8:37:00,"$435,886.00"
10231,36289,8/26/2025 17:57:00,"$408,676.00"
10232,36294,8/17/2025 5:34:00,"$531,001.00"
10233,36295,8/19/2025 16:11:00,"$586,661.00"
10234,36298,8/18/2025 4:12:00,"$485,302.00"
10235,36299,8/23/2025 17:07:00,"$442,901.00"
10236,36302,8/20/2025 11:59:00,"$610,171.00"
10237,36312,8/16/2025 16:56:00,"$486,171.00"
10238,36314,8/23/2025 20:16:00,"$572,833.00"
10239,36315,8/19/2025 19:04:00,"$651,216.00"
10240,36319,8/21/2025 14:02:00,"$394,193.00"
10241,36321,8/17/2025 11:23:00,"$511,136.00"
10242,36337,8/21/2025 13:23:00,"$548,934.00"
10243,36340,8/19/2025 19:53:00,"$658,479.00"
10244,36345,8/20/2025 6:08:00,"$682,401.00"
10245,36352,8/24/2025 13:56:00,"$603,191.00"
10246,36354,8/17/2025 15:05:00,"$664,414.00"
10247,36357,8/20/2025 11:14:00,"$646,462.00"
10248,36361,8/19/2025 9:33:00,"$662,877.00"
10249,36362,8/23/2025 16:06:00,"$660,902.00"
10250,36363,8/19/2025 16:35:00,"$550,349.00"
10251,36364,8/14/2025 13:24:00,"$418,764.00"
10252,36372,8/18/2025 13:11:00,"$442,265.00"
10253,36373,8/20/2025 16:39:00,"$659,072.00"
10254,36389,8/14/2025 15:53:00,"$563,078.00"
10255,36395,8/16/2025 8:14:00,"$678,258.00"
10256,36400,8/20/2025 6:11:00,"$669,295.00"
10257,36401,8/25/2025 20:46:00,"$513,992.00"
10258,36403,8/26/2025 14:04:00,"$472,509.00"
10259,36405,8/16/2025 16:02:00,"$646,261.00"
10260,36406,8/17/2025 14:51:00,"$467,432.00"
10261,36410,8/24/2025 9:52:00,"$465,844.00"
10262,36411,8/16/2025 10:55:00,"$395,945.00"
10263,36417,8/22/2025 2:36:00,"$547,824.00"
10264,36421,8/19/2025 12:57:00,"$672,798.00"
10265,36422,8/18/2025 14:56:00,"$541,057.00"
10266,36425,8/21/2025 17:56:00,"$479,346.00"
10267,36426,8/25/2025 19:15:00,"$424,008.00"
10268,36427,8/25/2025 5:12:00,"$661,382.00"
10269,36431,8/24/2025 15:28:00,"$401,253.00"
10270,36434,8/24/2025 8:10:00,"$557,947.00"
10271,36435,8/23/2025 9:04:00,"$625,608.00"
10272,36436,8/23/2025 10:48:00,"$438,081.00"
10273,36438,8/17/2025 0:36:00,"$503,021.00"
10274,36443,8/21/2025 12:30:00,"$547,660.00"
10275,36444,8/17/2025 8:06:00,"$570,372.00"
10276,36449,8/16/2025 11:54:00,"$610,119.00"
10277,36450,8/19/2025 11:15:00,"$447,801.00"
10278,36451,8/16/2025 10:17:00,"$468,212.00"
10279,36453,8/18/2025 6:28:00,"$483,638.00"
10280,36460,8/28/2025 13:22:00,"$669,777.00"
10281,36462,8/19/2025 10:20:00,"$653,166.00"
10282,36463,8/19/2025 9:42:00,"$449,548.00"
10283,36466,8/24/2025 9:35:00,"$523,317.00"
10284,36470,8/21/2025 23:19:00,"$669,363.00"
10285,36472,8/24/2025 10:30:00,"$468,575.00"
10286,36477,8/17/2025 17:18:00,"$599,863.00"
10287,36479,8/14/2025 22:10:00,"$451,016.00"
10288,36480,8/24/2025 10:16:00,"$672,161.00"
10289,36481,8/26/2025 9:55:00,"$418,497.00"
10290,36486,8/23/2025 16:14:00,"$654,433.00"
10291,36487,8/20/2025 16:17:00,"$395,306.00"
10292,36490,8/19/2025 15:38:00,"$486,387.00"
10293,36491,8/24/2025 9:37:00,"$430,820.00"
10294,36493,8/22/2025 8:34:00,"$473,771.00"
10295,36495,8/17/2025 13:18:00,"$576,187.00"
10296,36497,8/20/2025 10:44:00,"$589,271.00"
10297,36503,8/21/2025 9:05:00,"$611,461.00"
10298,36508,8/21/2025 10:00:00,"$580,481.00"
10299,36511,8/18/2025 2:52:00,"$475,905.00"
10300,36512,8/21/2025 15:34:00,"$516,718.00"
10301,36513,8/28/2025 8:53:00,"$654,593.00"
10302,36515,8/23/2025 18:52:00,"$647,571.00"
10303,36516,8/24/2025 14:24:00,"$625,930.00"
10304,36529,8/24/2025 17:52:00,"$517,082.00"
10305,36530,8/16/2025 8:59:00,"$444,653.00"
10306,36539,8/21/2025 17:31:00,"$426,855.00"
10307,36540,8/18/2025 12:42:00,"$588,384.00"
10308,36551,8/20/2025 10:59:00,"$607,369.00"
10309,36555,8/28/2025 8:00:00,"$480,364.00"
10310,36556,8/25/2025 3:46:00,"$621,906.00"
10311,36559,8/20/2025 18:31:00,"$555,054.00"
10312,36560,8/15/2025 17:21:00,"$465,189.00"
10313,36562,8/24/2025 13:47:00,"$484,215.00"
10314,36577,8/31/2025 11:44:00,"$513,137.00"
10315,36580,8/21/2025 10:27:00,"$660,508.00"
10316,36582,8/18/2025 9:21:00,"$640,746.00"
10317,36592,8/23/2025 9:59:00,"$637,430.00"
10318,36593,8/19/2025 13:22:00,"$652,519.00"
10319,36595,8/22/2025 11:06:00,"$615,205.00"
10320,36599,8/21/2025 10:09:00,"$427,169.00"
10321,36600,8/24/2025 12:27:00,"$455,651.00"
10322,36603,8/18/2025 12:54:00,"$662,397.00"
10323,36604,8/29/2025 8:17:00,"$670,815.00"
10324,36605,8/18/2025 17:44:00,"$400,666.00"
10325,36608,8/19/2025 17:57:00,"$603,477.00"
10326,36609,8/21/2025 16:24:00,"$553,339.00"
10327,36612,8/19/2025 10:03:00,"$497,161.00"
10328,36617,8/16/2025 12:42:00,"$629,539.00"
10329,36618,8/20/2025 18:06:00,"$574,602.00"
10330,36619,8/22/2025 15:16:00,"$459,233.00"
10331,36627,8/16/2025 10:56:00,"$634,782.00"
10332,36628,8/23/2025 15:42:00,"$537,471.00"
10333,36636,8/17/2025 4:57:00,"$407,034.00"
10334,36647,8/26/2025 9:30:00,"$495,469.00"
10335,36648,8/16/2025 13:53:00,"$554,750.00"
10336,36654,8/19/2025 21:00:00,"$596,143.00"
10337,36655,8/26/2025 10:55:00,"$620,014.00"
10338,36666,8/21/2025 14:49:00,"$467,910.00"
10339,36667,8/26/2025 12:27:00,"$488,188.00"
10340,36670,8/21/2025 15:47:00,"$507,951.00"
10341,36671,8/19/2025 21:23:00,"$511,938.00"
10342,36674,8/19/2025 13:34:00,"$553,463.00"
10343,36676,8/20/2025 17:56:00,"$559,837.00"
10344,36682,8/24/2025 13:38:00,"$439,974.00"
10345,36686,8/19/2025 10:42:00,"$569,740.00"
10346,36691,8/17/2025 18:53:00,"$497,179.00"
10347,36692,8/26/2025 7:11:00,"$476,542.00"
10348,36693,8/17/2025 17:03:00,"$636,781.00"
10349,36694,8/20/2025 9:01:00,"$531,489.00"
10350,36695,8/19/2025 10:32:00,"$491,451.00"
10351,36699,8/24/2025 8:55:00,"$399,995.00"
10352,36700,8/18/2025 12:59:00,"$668,580.00"
10353,36703,8/26/2025 11:07:00,"$668,367.00"
10354,36705,8/20/2025 22:59:00,"$396,649.00"
10355,36713,8/23/2025 0:24:00,"$461,537.00"
10356,36716,8/17/2025 14:20:00,"$507,664.00"
10357,36718,8/25/2025 14:41:00,"$451,834.00"
10358,36723,8/20/2025 11:52:00,"$664,910.00"
10359,36730,8/21/2025 11:18:00,"$555,583.00"
10360,36732,8/31/2025 13:40:00,"$421,693.00"
10361,36733,8/24/2025 11:01:00,"$534,810.00"
10362,36737,8/28/2025 22:45:00,"$398,078.00"
10363,36739,8/26/2025 17:44:00,"$458,087.00"
10364,36746,8/24/2025 22:30:00,"$419,531.00"
10365,36750,8/24/2025 20:58:00,"$553,241.00"
10366,36752,8/26/2025 19:18:00,"$618,603.00"
10367,36753,8/25/2025 9:20:00,"$573,661.00"
10368,36758,8/24/2025 7:12:00,"$540,967.00"
10369,36760,8/18/2025 10:00:00,"$443,803.00"
10370,36761,8/25/2025 17:51:00,"$524,361.00"
10371,36766,8/19/2025 11:58:00,"$457,907.00"
10372,36771,8/24/2025 20:15:00,"$545,415.00"
10373,36772,8/27/2025 16:16:00,"$612,733.00"
10374,36774,8/26/2025 12:21:00,"$645,802.00"
10375,36776,8/26/2025 15:28:00,"$622,692.00"
10376,36777,8/25/2025 16:21:00,"$557,156.00"
10377,36778,8/26/2025 17:20:00,"$444,487.00"
10378,36783,8/17/2025 9:45:00,"$601,902.00"
10379,36784,8/27/2025 9:45:00,"$543,452.00"
10380,36785,8/24/2025 14:44:00,"$545,454.00"
10381,36789,8/20/2025 10:09:00,"$524,548.00"
10382,36794,8/27/2025 15:36:00,"$428,201.00"
10383,36797,8/16/2025 16:06:00,"$594,922.00"
10384,36798,8/24/2025 10:21:00,"$455,835.00"
10385,36806,8/19/2025 10:04:00,"$663,002.00"
10386,36810,8/21/2025 15:24:00,"$645,008.00"
10387,36814,8/16/2025 16:45:00,"$644,085.00"
10388,36815,8/19/2025 10:25:00,"$435,941.00"
10389,36817,8/18/2025 9:34:00,"$443,969.00"
10390,36818,8/25/2025 16:24:00,"$497,647.00"
10391,36823,8/21/2025 10:03:00,"$599,615.00"
10392,36824,8/21/2025 14:51:00,"$527,795.00"
10393,36825,8/25/2025 18:31:00,"$427,417.00"
10394,36831,8/21/2025 9:10:00,"$473,186.00"
10395,36837,8/24/2025 10:17:00,"$430,530.00"
10396,36839,8/27/2025 14:14:00,"$598,297.00"
10397,36840,8/21/2025 14:13:00,"$644,997.00"
10398,36843,8/23/2025 16:57:00,"$392,993.00"
10399,36845,8/19/2025 13:28:00,"$683,266.00"
10400,36846,8/24/2025 15:46:00,"$596,131.00"
10401,36853,8/26/2025 11:21:00,"$598,050.00"
10402,36865,8/17/2025 14:58:00,"$598,353.00"
10403,36867,8/18/2025 13:20:00,"$431,663.00"
10404,36871,8/17/2025 14:06:00,"$393,831.00"
10405,36875,9/2/2025 12:03:00,"$696,412.00"
10406,36877,8/23/2025 4:47:00,"$392,897.00"
10407,36881,8/28/2025 17:41:00,"$440,710.00"
10408,36890,8/20/2025 14:52:00,"$644,237.00"
10409,36892,8/23/2025 12:57:00,"$463,378.00"
10410,36893,8/18/2025 5:36:00,"$641,266.00"
10411,36899,8/24/2025 10:12:00,"$392,114.00"
10412,36900,8/26/2025 9:16:00,"$507,978.00"
10413,36904,8/24/2025 14:02:00,"$585,685.00"
10414,36905,8/20/2025 12:29:00,"$466,724.00"
10415,36906,8/21/2025 17:09:00,"$601,106.00"
10416,36917,8/17/2025 14:28:00,"$482,712.00"
10417,36930,8/28/2025 17:09:00,"$421,608.00"
10418,36932,9/3/2025 16:01:00,"$687,197.00"
10419,36936,8/21/2025 2:54:00,"$514,770.00"
10420,36939,8/20/2025 14:50:00,"$604,631.00"
10421,36941,8/26/2025 18:54:00,"$495,007.00"
10422,36957,8/23/2025 8:23:00,"$399,711.00"
10423,36967,8/19/2025 15:31:00,"$447,701.00"
10424,36972,8/30/2025 1:47:00,"$575,773.00"
10425,36977,8/26/2025 17:29:00,"$469,190.00"
10426,36980,8/19/2025 9:40:00,"$594,164.00"
10427,36982,8/24/2025 14:47:00,"$474,657.00"
10428,36987,8/23/2025 16:15:00,"$432,626.00"
10429,36988,8/21/2025 16:32:00,"$528,893.00"
10430,36989,8/20/2025 11:14:00,"$635,869.00"
10431,36992,8/26/2025 14:27:00,"$534,991.00"
10432,36994,8/20/2025 16:16:00,"$476,030.00"
10433,36995,8/23/2025 9:25:00,"$611,687.00"
10434,37015,8/26/2025 8:46:00,"$480,363.00"
10435,37016,9/2/2025 17:53:00,"$660,151.00"
10436,37020,8/21/2025 8:58:00,"$654,957.00"
10437,37035,9/2/2025 12:05:00,"$703,892.00"
10438,37039,8/19/2025 14:44:00,"$681,639.00"
10439,37040,8/27/2025 19:22:00,"$421,760.00"
10440,37046,8/21/2025 11:27:00,"$387,244.00"
10441,37048,8/18/2025 16:36:00,"$444,401.00"
10442,37049,8/27/2025 11:57:00,"$417,775.00"
10443,37050,8/30/2025 16:31:00,"$604,288.00"
10444,37056,8/24/2025 9:18:00,"$536,573.00"
10445,37062,8/24/2025 16:50:00,"$450,122.00"
10446,37064,8/25/2025 15:59:00,"$502,267.00"
10447,37071,8/23/2025 15:50:00,"$433,047.00"
10448,37072,8/23/2025 16:52:00,"$672,968.00"
10449,37074,8/18/2025 18:19:00,"$627,039.00"
10450,37075,8/24/2025 10:46:00,"$597,131.00"
10451,37079,8/20/2025 17:04:00,"$482,464.00"
10452,37087,8/23/2025 11:56:00,"$464,699.00"
10453,37088,9/2/2025 3:20:00,"$559,602.00"
10454,37090,8/21/2025 11:38:00,"$629,866.00"
10455,37091,8/24/2025 20:23:00,"$605,644.00"
10456,37095,8/24/2025 16:55:00,"$610,728.00"
10457,37096,8/29/2025 17:17:00,"$669,052.00"
10458,37097,9/1/2025 11:33:00,"$657,704.00"
10459,37101,8/26/2025 13:08:00,"$385,531.00"
10460,37109,8/23/2025 8:19:00,"$668,285.00"
10461,37111,8/18/2025 16:41:00,"$672,310.00"
10462,37116,8/29/2025 22:23:00,"$573,087.00"
10463,37120,8/19/2025 11:51:00,"$433,135.00"
10464,37125,8/23/2025 23:23:00,"$489,266.00"
10465,37126,8/25/2025 17:04:00,"$446,149.00"
10466,37127,8/22/2025 11:10:00,"$510,446.00"
10467,37132,9/1/2025 16:58:00,"$586,729.00"
10468,37133,8/24/2025 14:25:00,"$476,017.00"
10469,37135,8/26/2025 12:17:00,"$538,580.00"
10470,37136,8/31/2025 8:37:00,"$617,259.00"
10471,37137,8/19/2025 11:35:00,"$535,942.00"
10472,37139,8/28/2025 12:39:00,"$594,824.00"
10473,37141,8/23/2025 16:25:00,"$442,806.00"
10474,37144,8/21/2025 12:39:00,"$416,209.00"
10475,37149,8/25/2025 11:30:00,"$483,713.00"
10476,37152,9/2/2025 17:09:00,"$590,504.00"
10477,37153,8/20/2025 9:44:00,"$406,520.00"
10478,37156,8/20/2025 12:52:00,"$541,090.00"
10479,37163,9/2/2025 9:24:00,"$550,306.00"
10480,37166,8/23/2025 19:34:00,"$442,360.00"
10481,37167,8/26/2025 14:19:00,"$580,126.00"
10482,37174,8/25/2025 15:14:00,"$515,937.00"
10483,37175,8/21/2025 12:36:00,"$503,117.00"
10484,37181,8/21/2025 16:44:00,"$488,956.00"
10485,37182,8/19/2025 16:55:00,"$630,200.00"
10486,37187,8/30/2025 17:33:00,"$478,619.00"
10487,37190,8/25/2025 16:42:00,"$592,687.00"
10488,37191,8/23/2025 10:59:00,"$445,278.00"
10489,37193,8/19/2025 11:59:00,"$459,302.00"
10490,37201,8/28/2025 8:44:00,"$403,477.00"
10491,37202,8/21/2025 13:53:00,"$384,620.00"
10492,37205,8/25/2025 11:06:00,"$477,020.00"
10493,37209,8/23/2025 11:04:00,"$594,527.00"
10494,37215,8/23/2025 9:36:00,"$577,048.00"
10495,37226,8/29/2025 3:08:00,"$458,753.00"
10496,37230,8/23/2025 7:52:00,"$631,706.00"
10497,37233,8/30/2025 12:46:00,"$424,160.00"
10498,37236,8/25/2025 17:11:00,"$610,762.00"
10499,37239,8/24/2025 12:01:00,"$496,903.00"
10500,37242,8/26/2025 15:39:00,"$546,177.00"
10501,37243,8/29/2025 7:56:00,"$675,474.00"
10502,37246,8/21/2025 9:44:00,"$431,198.00"
10503,37248,8/25/2025 16:55:00,"$605,349.00"
10504,37251,8/25/2025 12:14:00,"$497,467.00"
10505,37253,8/25/2025 13:03:00,"$504,411.00"
10506,37256,9/1/2025 11:33:00,"$552,597.00"
10507,37258,8/23/2025 12:50:00,"$511,621.00"
10508,37262,8/25/2025 13:06:00,"$471,689.00"
10509,37267,8/26/2025 13:41:00,"$590,369.00"
10510,37269,8/25/2025 11:29:00,"$543,108.00"
10511,37274,8/23/2025 13:44:00,"$594,260.00"
10512,37275,8/26/2025 13:34:00,"$663,776.00"
10513,37277,8/25/2025 8:15:00,"$596,208.00"
10514,37281,9/4/2025 14:18:00,"$468,541.00"
10515,37282,8/31/2025 12:07:00,"$408,196.00"
10516,37283,8/28/2025 14:52:00,"$592,047.00"
10517,37284,8/24/2025 18:07:00,"$579,841.00"
10518,37293,8/21/2025 17:13:00,"$445,173.00"
10519,37298,8/24/2025 15:43:00,"$476,049.00"
10520,37302,8/31/2025 15:58:00,"$670,601.00"
10521,37303,9/3/2025 10:32:00,"$550,502.00"
10522,37309,8/25/2025 4:41:00,"$422,143.00"
10523,37311,8/26/2025 23:35:00,"$551,158.00"
10524,37312,9/1/2025 9:21:00,"$413,495.00"
10525,37315,8/31/2025 15:26:00,"$489,547.00"
10526,37319,8/23/2025 12:44:00,"$518,515.00"
10527,37320,8/25/2025 11:43:00,"$580,284.00"
10528,37324,8/31/2025 9:20:00,"$417,753.00"
10529,37328,9/2/2025 17:14:00,"$569,187.00"
10530,37343,9/4/2025 17:32:00,"$702,339.00"
10531,37346,8/20/2025 10:12:00,"$400,494.00"
10532,37353,8/22/2025 3:11:00,"$447,650.00"
10533,37355,8/25/2025 13:59:00,"$572,126.00"
10534,37357,8/28/2025 16:56:00,"$409,718.00"
10535,37360,8/25/2025 11:15:00,"$582,829.00"
10536,37364,8/25/2025 9:38:00,"$403,918.00"
10537,37365,8/25/2025 10:16:00,"$539,941.00"
10538,37368,8/25/2025 11:06:00,"$646,351.00"
10539,37369,9/1/2025 14:04:00,"$591,394.00"
10540,37374,8/23/2025 15:51:00,"$478,730.00"
10541,37379,8/22/2025 6:01:00,"$470,707.00"
10542,37380,8/31/2025 14:05:00,"$397,664.00"
10543,37386,8/25/2025 10:06:00,"$592,942.00"
10544,37387,8/24/2025 10:37:00,"$518,323.00"
10545,37388,8/28/2025 8:07:00,"$553,096.00"
10546,37389,8/24/2025 6:01:00,"$476,037.00"
10547,37400,8/30/2025 14:15:00,"$420,845.00"
10548,37402,8/27/2025 10:42:00,"$558,993.00"
10549,37404,8/24/2025 11:49:00,"$579,227.00"
10550,37405,8/26/2025 1:33:00,"$474,770.00"
10551,37409,8/31/2025 14:48:00,"$640,695.00"
10552,37411,8/26/2025 8:39:00,"$474,297.00"
10553,37413,9/2/2025 14:09:00,"$644,601.00"
10554,37425,8/27/2025 18:46:00,"$633,208.00"
10555,37426,8/23/2025 13:54:00,"$658,845.00"
10556,37436,8/26/2025 12:09:00,"$409,544.00"
10557,37437,8/25/2025 9:50:00,"$523,174.00"
10558,37438,8/21/2025 13:46:00,"$681,886.00"
10559,37439,8/25/2025 9:56:00,"$422,533.00"
10560,37444,8/21/2025 6:40:00,"$424,229.00"
10561,37450,9/1/2025 9:07:00,"$644,207.00"
10562,37453,8/26/2025 15:00:00,"$618,772.00"
10563,37458,8/24/2025 9:17:00,"$449,978.00"
10564,37466,8/20/2025 17:21:00,"$444,479.00"
10565,37467,8/27/2025 10:08:00,"$611,373.00"
10566,37470,8/23/2025 13:35:00,"$526,310.00"
10567,37474,8/26/2025 11:25:00,"$610,147.00"
10568,37475,8/23/2025 9:53:00,"$545,344.00"
10569,37476,9/3/2025 10:42:00,"$517,434.00"
10570,37477,8/21/2025 12:32:00,"$558,977.00"
10571,37479,8/28/2025 15:14:00,"$667,520.00"
10572,37480,8/28/2025 11:35:00,"$483,969.00"
10573,37481,8/30/2025 10:06:00,"$509,772.00"
10574,37484,8/27/2025 9:48:00,"$457,941.00"
10575,37485,9/3/2025 14:10:00,"$619,583.00"
10576,37499,8/28/2025 14:32:00,"$596,142.00"
10577,37500,9/3/2025 10:32:00,"$564,139.00"
10578,37503,8/26/2025 16:30:00,"$435,802.00"
10579,37517,8/30/2025 3:11:00,"$434,274.00"
10580,37519,8/26/2025 15:44:00,"$454,463.00"
10581,37520,8/26/2025 16:41:00,"$419,854.00"
10582,37529,8/25/2025 7:54:00,"$482,840.00"
10583,37530,8/25/2025 15:15:00,"$448,948.00"
10584,37532,8/31/2025 9:55:00,"$459,763.00"
10585,37533,8/21/2025 14:55:00,"$470,585.00"
10586,37535,8/27/2025 16:45:00,"$525,011.00"
10587,37536,8/23/2025 11:51:00,"$683,052.00"
10588,37538,8/25/2025 16:53:00,"$652,310.00"
10589,37543,8/23/2025 13:16:00,"$619,794.00"
10590,37545,8/26/2025 9:36:00,"$396,499.00"
10591,37548,8/24/2025 17:32:00,"$596,196.00"
10592,37553,8/24/2025 10:14:00,"$507,986.00"
10593,37555,8/25/2025 17:25:00,"$612,656.00"
10594,37565,8/28/2025 16:32:00,"$467,738.00"
10595,37566,9/1/2025 17:49:00,"$414,802.00"
10596,37574,8/24/2025 11:33:00,"$681,154.00"
10597,37583,8/23/2025 16:24:00,"$628,306.00"
10598,37585,8/23/2025 14:52:00,"$511,552.00"
10599,37587,8/30/2025 11:37:00,"$634,725.00"
10600,37588,8/26/2025 14:39:00,"$597,083.00"
10601,37589,8/28/2025 19:03:00,"$649,961.00"
10602,37591,8/25/2025 9:37:00,"$517,464.00"
10603,37599,8/31/2025 13:03:00,"$611,425.00"
10604,37600,8/27/2025 10:24:00,"$617,179.00"
10605,37603,8/25/2025 8:43:00,"$660,879.00"
10606,37604,8/24/2025 15:45:00,"$461,689.00"
10607,37609,8/23/2025 14:32:00,"$393,689.00"
10608,37610,9/2/2025 12:26:00,"$638,660.00"
10609,37618,8/27/2025 12:48:00,"$426,366.00"
10610,37620,9/1/2025 10:28:00,"$596,012.00"
10611,37622,8/26/2025 11:17:00,"$450,577.00"
10612,37625,8/30/2025 14:26:00,"$568,480.00"
10613,37627,8/23/2025 6:48:00,"$499,298.00"
10614,37629,8/27/2025 9:29:00,"$494,805.00"
10615,37634,8/24/2025 10:08:00,"$610,519.00"
10616,37636,8/30/2025 11:32:00,"$542,467.00"
10617,37640,9/3/2025 20:59:00,"$446,124.00"
10618,37644,8/31/2025 22:37:00,"$547,928.00"
10619,37646,8/25/2025 10:48:00,"$495,353.00"
10620,37650,8/26/2025 4:13:00,"$396,476.00"
10621,37651,8/31/2025 13:42:00,"$563,932.00"
10622,37653,8/25/2025 14:15:00,"$598,175.00"
10623,37657,8/28/2025 1:35:00,"$416,410.00"
10624,37662,9/1/2025 13:13:00,"$421,774.00"
10625,37666,8/29/2025 17:02:00,"$576,888.00"
10626,37667,8/27/2025 16:14:00,"$681,513.00"
10627,37676,9/2/2025 15:06:00,"$550,467.00"
10628,37677,8/24/2025 10:31:00,"$467,614.00"
10629,37679,9/2/2025 17:33:00,"$553,749.00"
10630,37680,9/1/2025 14:42:00,"$507,680.00"
10631,37686,8/25/2025 9:54:00,"$588,692.00"
10632,37687,9/1/2025 13:22:00,"$565,594.00"
10633,37691,8/24/2025 14:03:00,"$534,083.00"
10634,37692,8/25/2025 13:09:00,"$676,099.00"
10635,37696,9/1/2025 17:46:00,"$653,809.00"
10636,37697,8/26/2025 13:42:00,"$653,733.00"
10637,37698,8/27/2025 17:42:00,"$411,131.00"
10638,37699,9/1/2025 9:58:00,"$555,348.00"
10639,37701,9/4/2025 11:50:00,"$449,231.00"
10640,37709,8/30/2025 9:00:00,"$459,179.00"
10641,37710,8/28/2025 8:21:00,"$492,867.00"
10642,37715,8/30/2025 16:00:00,"$433,734.00"
10643,37724,8/28/2025 15:30:00,"$443,953.00"
10644,37727,9/1/2025 16:11:00,"$494,059.00"
10645,37728,8/31/2025 13:43:00,"$667,767.00"
10646,37731,8/26/2025 17:27:00,"$415,878.00"
10647,37732,8/24/2025 13:58:00,"$472,794.00"
10648,37735,9/1/2025 15:46:00,"$603,869.00"
10649,37736,9/3/2025 11:38:00,"$539,558.00"
10650,37737,8/23/2025 23:00:00,"$639,134.00"
10651,37740,8/25/2025 10:57:00,"$617,953.00"
10652,37741,8/25/2025 13:08:00,"$394,361.00"
10653,37746,8/30/2025 17:09:00,"$599,040.00"
10654,37747,9/2/2025 13:35:00,"$581,060.00"
10655,37749,8/23/2025 17:49:00,"$471,502.00"
10656,37755,8/31/2025 0:12:00,"$427,369.00"
10657,37756,8/25/2025 15:03:00,"$454,355.00"
10658,37758,8/27/2025 17:38:00,"$566,166.00"
10659,37760,8/26/2025 10:47:00,"$540,412.00"
10660,37762,9/3/2025 15:34:00,"$553,029.00"
10661,37764,8/31/2025 13:51:00,"$556,364.00"
10662,37767,8/25/2025 13:44:00,"$484,263.00"
10663,37774,8/30/2025 12:25:00,"$433,593.00"
10664,37776,8/30/2025 9:39:00,"$648,991.00"
10665,37779,8/26/2025 9:17:00,"$582,062.00"
10666,37785,9/3/2025 8:35:00,"$429,111.00"
10667,37786,8/30/2025 14:44:00,"$651,766.00"
10668,37788,8/24/2025 14:13:00,"$523,279.00"
10669,37797,8/29/2025 14:33:00,"$390,556.00"
10670,37799,8/25/2025 14:29:00,"$608,013.00"
10671,37800,8/30/2025 15:40:00,"$390,330.00"
10672,37804,9/2/2025 14:13:00,"$505,790.00"
10673,37808,8/28/2025 14:48:00,"$653,567.00"
10674,37814,9/1/2025 9:43:00,"$452,594.00"
10675,37815,9/3/2025 17:05:00,"$466,102.00"
10676,37817,8/31/2025 12:56:00,"$480,063.00"
10677,37822,8/27/2025 12:16:00,"$599,089.00"
10678,37823,8/24/2025 16:44:00,"$664,239.00"
10679,37824,8/28/2025 17:29:00,"$651,801.00"
10680,37826,8/24/2025 3:36:00,"$485,821.00"
10681,37828,8/28/2025 17:16:00,"$640,245.00"
10682,37832,8/30/2025 12:36:00,"$412,119.00"
10683,37833,8/24/2025 16:36:00,"$549,875.00"
10684,37835,9/1/2025 1:59:00,"$659,468.00"
10685,37842,9/6/2025 8:35:00,"$512,356.00"
10686,37845,8/26/2025 13:06:00,"$410,880.00"
10687,37853,8/25/2025 16:38:00,"$523,731.00"
10688,37857,8/24/2025 17:59:00,"$596,485.00"
10689,37858,9/2/2025 11:24:00,"$660,032.00"
10690,37860,9/6/2025 11:01:00,"$690,922.00"
10691,37861,8/27/2025 10:21:00,"$504,843.00"
10692,37862,8/26/2025 15:55:00,"$588,806.00"
10693,37864,8/27/2025 15:08:00,"$433,118.00"
10694,37869,8/25/2025 11:27:00,"$683,341.00"
10695,37873,8/26/2025 9:07:00,"$607,353.00"
10696,37876,8/25/2025 10:06:00,"$619,897.00"
10697,37884,8/31/2025 17:23:00,"$641,941.00"
10698,37889,9/6/2025 17:25:00,"$442,831.00"
10699,37893,9/3/2025 19:20:00,"$531,746.00"
10700,37896,8/28/2025 11:55:00,"$542,038.00"
10701,37897,8/27/2025 12:41:00,"$512,094.00"
10702,37912,8/28/2025 11:13:00,"$418,326.00"
10703,37913,8/30/2025 10:57:00,"$672,366.00"
10704,37916,8/26/2025 15:46:00,"$567,084.00"
10705,37918,8/30/2025 11:13:00,"$647,001.00"
10706,37921,8/27/2025 2:56:00,"$510,471.00"
10707,37927,9/1/2025 20:13:00,"$698,739.00"
10708,37928,9/2/2025 15:40:00,"$703,908.00"
10709,37937,9/1/2025 16:29:00,"$499,882.00"
10710,37945,8/31/2025 1:54:00,"$528,546.00"
10711,37958,9/2/2025 10:25:00,"$451,161.00"
10712,37960,9/1/2025 15:29:00,"$696,178.00"
10713,37961,9/3/2025 16:49:00,"$549,501.00"
10714,37963,8/28/2025 12:14:00,"$595,080.00"
10715,37971,8/28/2025 15:43:00,"$436,975.00"
10716,37985,9/3/2025 17:50:00,"$671,926.00"
10717,37987,8/27/2025 16:21:00,"$442,784.00"
10718,37988,9/5/2025 9:01:00,"$601,196.00"
10719,37990,8/30/2025 16:00:00,"$477,943.00"
10720,37991,9/7/2025 9:40:00,"$431,655.00"
10721,38002,8/31/2025 17:13:00,"$540,277.00"
10722,38005,8/28/2025 9:25:00,"$640,258.00"
10723,38008,9/3/2025 11:18:00,"$632,706.00"
10724,38010,8/27/2025 17:41:00,"$476,868.00"
10725,38011,8/28/2025 15:04:00,"$399,072.00"
10726,38012,9/2/2025 16:05:00,"$663,436.00"
10727,38013,8/31/2025 13:30:00,"$455,604.00"
10728,38016,9/7/2025 20:01:00,"$454,449.00"
10729,38017,8/30/2025 17:38:00,"$576,683.00"
10730,38024,8/29/2025 18:07:00,"$387,232.00"
10731,38027,8/25/2025 10:49:00,"$570,369.00"
10732,38028,8/31/2025 16:33:00,"$387,555.00"
10733,38031,8/27/2025 18:19:00,"$538,176.00"
10734,38032,8/31/2025 11:30:00,"$542,503.00"
10735,38033,9/7/2025 7:15:00,"$475,629.00"
10736,38034,8/29/2025 18:42:00,"$566,757.00"
10737,38040,9/2/2025 20:07:00,"$556,560.00"
10738,38041,8/26/2025 7:20:00,"$539,751.00"
10739,38049,9/4/2025 10:29:00,"$521,397.00"
10740,38050,9/4/2025 17:33:00,"$582,728.00"
10741,38052,9/3/2025 18:20:00,"$436,264.00"
10742,38053,9/4/2025 20:51:00,"$567,941.00"
10743,38059,8/26/2025 8:32:00,"$624,587.00"
10744,38064,9/2/2025 19:05:00,"$453,702.00"
10745,38066,9/6/2025 15:22:00,"$601,071.00"
10746,38068,8/27/2025 13:21:00,"$580,258.00"
10747,38072,8/30/2025 20:48:00,"$439,376.00"
10748,38074,8/26/2025 11:29:00,"$580,460.00"
10749,38079,8/26/2025 16:28:00,"$480,538.00"
10750,38080,8/25/2025 13:57:00,"$588,633.00"
10751,38086,8/28/2025 14:41:00,"$641,126.00"
10752,38088,9/8/2025 8:05:00,"$505,401.00"
10753,38090,8/25/2025 14:47:00,"$543,820.00"
10754,38093,9/3/2025 6:10:00,"$651,449.00"
10755,38094,9/3/2025 2:43:00,"$607,513.00"
10756,38096,9/5/2025 10:27:00,"$433,243.00"
10757,38101,8/30/2025 13:07:00,"$652,098.00"
10758,38104,9/4/2025 15:20:00,"$644,645.00"
10759,38119,8/29/2025 21:57:00,"$510,844.00"
10760,38124,9/4/2025 15:24:00,"$414,011.00"
10761,38129,9/9/2025 12:57:00,"$646,162.00"
10762,38133,8/31/2025 14:44:00,"$545,998.00"
10763,38138,8/30/2025 14:11:00,"$583,782.00"
10764,38140,9/1/2025 13:36:00,"$414,871.00"
10765,38145,9/6/2025 17:48:00,"$559,714.00"
10766,38146,9/9/2025 18:07:00,"$557,788.00"
10767,38147,9/1/2025 19:32:00,"$434,005.00"
10768,38148,8/25/2025 11:04:00,"$491,231.00"
10769,38164,9/8/2025 14:36:00,"$468,133.00"
10770,38166,8/28/2025 16:24:00,"$619,574.00"
10771,38181,9/2/2025 13:49:00,"$684,448.00"
10772,38186,8/31/2025 10:58:00,"$666,179.00"
10773,38188,9/4/2025 7:59:00,"$477,548.00"
10774,38190,8/30/2025 6:36:00,"$682,736.00"
10775,38191,8/31/2025 19:40:00,"$660,507.00"
10776,38195,9/3/2025 12:53:00,"$615,139.00"
10777,38196,8/30/2025 11:45:00,"$484,218.00"
10778,38198,8/27/2025 14:51:00,"$511,427.00"
10779,38200,9/3/2025 20:08:00,"$471,991.00"
10780,38202,9/6/2025 23:49:00,"$434,388.00"
10781,38205,8/30/2025 18:04:00,"$639,049.00"
10782,38206,9/2/2025 21:16:00,"$549,958.00"
10783,38207,9/2/2025 4:28:00,"$520,364.00"
10784,38209,9/7/2025 15:03:00,"$644,486.00"
10785,38226,9/2/2025 13:29:00,"$506,091.00"
10786,38227,9/3/2025 13:06:00,"$428,937.00"
10787,38230,9/8/2025 10:46:00,"$695,568.00"
10788,38231,8/28/2025 15:45:00,"$563,930.00"
10789,38232,8/30/2025 16:42:00,"$592,764.00"
10790,38238,8/31/2025 12:22:00,"$405,653.00"
10791,38244,8/30/2025 16:20:00,"$587,493.00"
10792,38245,9/2/2025 18:49:00,"$553,647.00"
10793,38246,9/3/2025 10:07:00,"$626,430.00"
10794,38249,8/28/2025 13:41:00,"$525,177.00"
10795,38252,9/1/2025 15:49:00,"$604,117.00"
10796,38278,8/30/2025 9:30:00,"$523,354.00"
10797,38284,8/31/2025 16:09:00,"$681,041.00"
10798,38285,9/4/2025 13:52:00,"$664,961.00"
10799,38287,8/30/2025 13:42:00,"$523,388.00"
10800,38289,8/27/2025 15:17:00,"$498,351.00"
10801,38292,8/28/2025 14:00:00,"$534,522.00"
10802,38293,9/5/2025 7:12:00,"$504,523.00"
10803,38296,8/30/2025 12:04:00,"$387,896.00"
10804,38299,9/6/2025 10:26:00,"$601,311.00"
10805,38310,9/3/2025 9:52:00,"$599,813.00"
10806,38320,9/4/2025 17:18:00,"$614,084.00"
10807,38322,9/4/2025 9:05:00,"$556,310.00"
10808,38328,8/31/2025 3:15:00,"$521,319.00"
10809,38334,8/28/2025 10:57:00,"$468,820.00"
10810,38338,8/27/2025 12:07:00,"$580,180.00"
10811,38342,9/1/2025 17:09:00,"$421,526.00"
10812,38355,9/7/2025 6:40:00,"$582,082.00"
10813,38364,9/3/2025 10:41:00,"$410,594.00"
10814,38377,8/28/2025 14:32:00,"$606,441.00"
10815,38379,9/4/2025 17:31:00,"$690,687.00"
10816,38385,8/30/2025 14:20:00,"$671,131.00"
10817,38390,8/28/2025 11:52:00,"$479,961.00"
10818,38399,8/28/2025 8:37:00,"$609,842.00"
10819,38400,8/31/2025 8:41:00,"$471,814.00"
10820,38403,9/2/2025 13:23:00,"$464,706.00"
10821,38407,8/27/2025 11:38:00,"$653,296.00"
10822,38408,9/2/2025 9:25:00,"$484,007.00"
10823,38411,9/6/2025 15:26:00,"$637,523.00"
10824,38412,9/4/2025 9:44:00,"$466,170.00"
10825,38414,9/2/2025 11:25:00,"$704,343.00"
10826,38416,9/3/2025 12:03:00,"$457,369.00"
10827,38421,8/31/2025 8:50:00,"$542,231.00"
10828,38422,8/31/2025 15:57:00,"$394,291.00"
10829,38423,9/6/2025 15:45:00,"$521,828.00"
10830,38427,9/1/2025 10:05:00,"$552,358.00"
10831,38432,8/31/2025 23:00:00,"$428,704.00"
10832,38435,9/4/2025 12:15:00,"$419,315.00"
10833,38440,8/30/2025 17:40:00,"$668,775.00"
10834,38443,8/31/2025 20:49:00,"$546,604.00"
10835,38444,8/29/2025 0:55:00,"$534,072.00"
10836,38445,9/6/2025 11:07:00,"$422,940.00"
10837,38451,9/2/2025 13:10:00,"$668,606.00"
10838,38453,9/7/2025 0:05:00,"$639,436.00"
10839,38454,9/6/2025 14:13:00,"$703,480.00"
10840,38457,8/27/2025 19:00:00,"$682,750.00"
10841,38465,9/4/2025 15:01:00,"$563,829.00"
10842,38466,9/4/2025 11:26:00,"$535,455.00"
10843,38468,8/28/2025 14:08:00,"$609,985.00"
10844,38471,9/3/2025 14:01:00,"$449,478.00"
10845,38472,9/2/2025 12:50:00,"$626,718.00"
10846,38480,9/1/2025 17:59:00,"$408,329.00"
10847,38481,9/3/2025 13:31:00,"$495,346.00"
10848,38483,8/30/2025 13:56:00,"$451,881.00"
10849,38485,8/30/2025 13:55:00,"$655,976.00"
10850,38489,8/30/2025 20:24:00,"$546,597.00"
10851,38499,8/30/2025 13:29:00,"$652,594.00"
10852,38500,9/1/2025 15:35:00,"$543,731.00"
10853,38503,8/31/2025 16:00:00,"$549,646.00"
10854,38504,9/11/2025 9:16:00,"$427,171.00"
10855,38506,9/2/2025 18:59:00,"$704,527.00"
10856,38507,8/31/2025 9:44:00,"$411,626.00"
10857,38508,9/3/2025 15:05:00,"$423,283.00"
10858,38509,9/3/2025 19:22:00,"$549,753.00"
10859,38517,9/1/2025 14:36:00,"$655,974.00"
10860,38519,9/2/2025 14:05:00,"$415,080.00"
10861,38525,9/8/2025 11:55:00,"$504,920.00"
10862,38531,8/31/2025 15:43:00,"$668,410.00"
10863,38532,9/8/2025 9:26:00,"$611,493.00"
10864,38537,9/4/2025 12:15:00,"$438,580.00"
10865,38541,9/9/2025 12:03:00,"$418,361.00"
10866,38543,8/30/2025 10:42:00,"$411,969.00"
10867,38544,9/2/2025 19:52:00,"$641,171.00"
10868,38547,9/9/2025 9:46:00,"$457,058.00"
10869,38555,8/28/2025 15:30:00,"$430,785.00"
10870,38556,9/4/2025 12:39:00,"$571,294.00"
10871,38557,9/3/2025 15:22:00,"$582,852.00"
10872,38558,9/6/2025 14:12:00,"$651,331.00"
10873,38573,8/31/2025 17:51:00,"$653,540.00"
10874,38581,9/3/2025 17:23:00,"$486,390.00"
10875,38582,9/7/2025 13:11:00,"$456,366.00"
10876,38586,9/7/2025 11:39:00,"$490,512.00"
10877,38587,8/30/2025 14:28:00,"$519,322.00"
10878,38588,8/28/2025 13:43:00,"$562,481.00"
10879,38596,9/1/2025 7:07:00,"$704,660.00"
10880,38597,8/30/2025 12:22:00,"$624,420.00"
10881,38600,9/10/2025 15:26:00,"$552,578.00"
10882,38602,9/4/2025 10:00:00,"$411,156.00"
10883,38606,9/4/2025 14:09:00,"$577,519.00"
10884,38607,9/6/2025 12:38:00,"$520,458.00"
10885,38609,9/2/2025 13:18:00,"$444,331.00"
10886,38611,8/29/2025 8:04:00,"$590,645.00"
10887,38612,9/10/2025 11:29:00,"$503,889.00"
10888,38623,8/30/2025 11:25:00,"$396,875.00"
10889,38624,8/31/2025 9:09:00,"$466,853.00"
10890,38628,9/2/2025 14:07:00,"$416,842.00"
10891,38629,9/4/2025 16:36:00,"$483,315.00"
10892,38635,8/31/2025 9:34:00,"$438,532.00"
10893,38638,9/8/2025 10:35:00,"$434,948.00"
10894,38643,9/9/2025 10:50:00,"$668,786.00"
10895,38648,9/9/2025 15:18:00,"$656,309.00"
10896,38649,9/8/2025 9:53:00,"$458,644.00"
10897,38654,9/11/2025 13:18:00,"$640,283.00"
10898,38655,9/4/2025 11:48:00,"$567,486.00"
10899,38657,8/31/2025 13:27:00,"$639,954.00"
10900,38667,9/8/2025 10:13:00,"$497,317.00"
10901,38668,9/6/2025 6:07:00,"$637,247.00"
10902,38673,9/8/2025 14:45:00,"$644,370.00"
10903,38678,9/8/2025 15:24:00,"$629,193.00"
10904,38682,8/29/2025 20:56:00,"$653,331.00"
10905,38683,8/28/2025 14:16:00,"$454,760.00"
10906,38690,9/7/2025 14:34:00,"$556,052.00"
10907,38695,9/4/2025 11:45:00,"$643,127.00"
10908,38701,9/12/2025 15:42:00,"$686,901.00"
10909,38704,8/28/2025 17:49:00,"$462,038.00"
10910,38706,9/4/2025 8:13:00,"$484,656.00"
10911,38713,9/3/2025 12:50:00,"$427,266.00"
10912,38714,8/29/2025 5:37:00,"$677,367.00"
10913,38715,8/31/2025 15:02:00,"$395,828.00"
10914,38721,9/9/2025 15:14:00,"$553,543.00"
10915,38724,9/6/2025 9:40:00,"$573,137.00"
10916,38727,8/31/2025 12:20:00,"$568,043.00"
10917,38729,8/30/2025 12:45:00,"$644,747.00"
10918,38733,9/7/2025 10:51:00,"$450,685.00"
10919,38735,9/8/2025 16:40:00,"$502,140.00"
10920,38736,8/31/2025 16:03:00,"$481,273.00"
10921,38737,9/6/2025 13:28:00,"$466,943.00"
10922,38741,8/30/2025 22:44:00,"$572,358.00"
10923,38749,9/2/2025 9:28:00,"$451,089.00"
10924,38750,8/31/2025 16:17:00,"$413,992.00"
10925,38754,9/7/2025 12:22:00,"$483,704.00"
10926,38758,9/3/2025 13:37:00,"$423,873.00"
10927,38767,9/6/2025 16:06:00,"$658,557.00"
10928,38769,9/10/2025 17:31:00,"$638,159.00"
10929,38770,9/11/2025 10:28:00,"$689,914.00"
10930,38775,9/13/2025 11:35:00,"$548,296.00"
10931,38778,9/10/2025 16:51:00,"$612,194.00"
10932,38780,8/30/2025 17:58:00,"$630,505.00"
10933,38791,9/8/2025 15:31:00,"$490,886.00"
10934,38792,9/4/2025 13:42:00,"$673,824.00"
10935,38794,9/9/2025 10:00:00,"$658,078.00"
10936,38796,9/3/2025 14:19:00,"$449,019.00"
10937,38798,9/2/2025 16:03:00,"$511,008.00"
10938,38804,9/1/2025 16:22:00,"$423,803.00"
10939,38805,9/2/2025 16:08:00,"$519,682.00"
10940,38811,9/1/2025 9:08:00,"$668,753.00"
10941,38817,9/7/2025 19:52:00,"$654,470.00"
10942,38818,9/11/2025 14:09:00,"$542,485.00"
10943,38819,9/6/2025 2:38:00,"$698,977.00"
10944,38820,9/9/2025 0:53:00,"$598,623.00"
10945,38823,9/2/2025 8:13:00,"$539,786.00"
10946,38824,9/2/2025 10:02:00,"$537,999.00"
10947,38830,9/3/2025 17:28:00,"$612,129.00"
10948,38838,8/31/2025 14:40:00,"$657,257.00"
10949,38845,8/31/2025 9:03:00,"$667,850.00"
10950,38846,8/31/2025 13:08:00,"$548,996.00"
10951,38852,9/8/2025 12:10:00,"$543,698.00"
10952,38857,9/3/2025 10:04:00,"$439,142.00"
10953,38858,9/4/2025 12:39:00,"$414,197.00"
10954,38861,9/4/2025 17:51:00,"$669,339.00"
10955,38867,9/6/2025 7:13:00,"$696,807.00"
10956,38875,8/30/2025 11:44:00,"$679,591.00"
10957,38880,9/3/2025 11:29:00,"$433,605.00"
10958,38889,9/4/2025 17:57:00,"$653,320.00"
10959,38895,9/1/2025 15:37:00,"$492,320.00"
10960,38897,9/6/2025 9:15:00,"$424,468.00"
10961,38906,9/9/2025 12:45:00,"$609,707.00"
10962,38908,9/2/2025 22:52:00,"$440,238.00"
10963,38916,8/30/2025 11:24:00,"$620,128.00"
10964,38917,8/30/2025 11:40:00,"$562,055.00"
10965,38918,9/3/2025 14:51:00,"$541,954.00"
10966,38925,9/4/2025 14:37:00,"$683,366.00"
10967,38928,9/8/2025 15:27:00,"$635,869.00"
10968,38930,9/3/2025 6:21:00,"$527,493.00"
10969,38940,9/11/2025 14:19:00,"$542,386.00"
10970,38942,9/3/2025 10:10:00,"$418,797.00"
10971,38944,8/31/2025 9:07:00,"$655,664.00"
10972,38945,9/2/2025 17:28:00,"$411,376.00"
10973,38946,9/6/2025 11:01:00,"$623,438.00"
10974,38949,9/3/2025 7:44:00,"$554,291.00"
10975,38951,9/1/2025 16:48:00,"$591,982.00"
10976,38952,9/14/2025 16:52:00,"$413,636.00"
10977,38953,9/3/2025 12:11:00,"$592,583.00"
10978,38954,9/2/2025 11:23:00,"$430,307.00"
10979,38963,9/13/2025 16:48:00,"$558,496.00"
10980,38968,9/8/2025 17:17:00,"$456,719.00"
10981,38970,9/4/2025 8:04:00,"$650,094.00"
10982,38971,9/8/2025 6:43:00,"$407,518.00"
10983,38972,8/30/2025 14:19:00,"$592,877.00"
10984,38975,9/2/2025 18:50:00,"$516,647.00"
10985,38976,9/9/2025 18:42:00,"$673,395.00"
10986,38982,9/1/2025 13:40:00,"$426,129.00"
10987,38988,9/3/2025 17:03:00,"$546,492.00"
10988,38989,9/6/2025 20:54:00,"$408,510.00"
10989,38993,9/3/2025 19:55:00,"$539,919.00"
10990,38994,9/11/2025 17:38:00,"$485,093.00"
10991,38999,9/15/2025 16:07:00,"$584,058.00"
10992,39000,8/30/2025 22:10:00,"$636,818.00"
10993,39003,9/2/2025 13:27:00,"$507,076.00"
10994,39004,9/4/2025 10:34:00,"$433,087.00"
10995,39005,9/6/2025 9:13:00,"$590,735.00"
10996,39007,9/10/2025 8:05:00,"$454,643.00"
10997,39008,9/6/2025 18:44:00,"$585,652.00"
10998,39016,9/4/2025 0:39:00,"$410,281.00"
10999,39018,9/2/2025 11:18:00,"$561,773.00"
11000,39019,9/8/2025 9:43:00,"$692,930.00"
11001,39022,9/11/2025 13:23:00,"$462,245.00"
11002,39026,9/8/2025 9:06:00,"$643,556.00"
11003,39028,8/31/2025 18:22:00,"$563,340.00"
11004,39029,9/2/2025 14:38:00,"$668,869.00"
11005,39032,9/4/2025 13:52:00,"$653,643.00"
11006,39035,9/1/2025 16:48:00,"$608,437.00"
11007,39046,9/11/2025 9:46:00,"$516,332.00"
11008,39055,9/7/2025 16:07:00,"$527,132.00"
11009,39058,9/4/2025 9:02:00,"$579,338.00"
11010,39062,9/9/2025 13:39:00,"$681,238.00"
11011,39064,8/31/2025 12:57:00,"$558,944.00"
11012,39067,9/7/2025 15:48:00,"$543,088.00"
11013,39074,9/4/2025 16:55:00,"$613,802.00"
11014,39077,9/3/2025 14:11:00,"$553,792.00"
11015,39080,9/15/2025 21:26:00,"$408,687.00"
11016,39081,9/13/2025 17:02:00,"$508,365.00"
11017,39082,9/9/2025 8:42:00,"$423,153.00"
11018,39089,9/6/2025 14:03:00,"$529,137.00"
11019,39090,9/6/2025 16:53:00,"$447,393.00"
11020,39095,9/7/2025 16:21:00,"$625,428.00"
11021,39100,9/10/2025 14:58:00,"$542,637.00"
11022,39105,9/7/2025 13:05:00,"$640,032.00"
11023,39114,8/31/2025 15:56:00,"$392,062.00"
11024,39120,9/9/2025 13:35:00,"$598,281.00"
11025,39128,9/3/2025 11:36:00,"$537,623.00"
11026,39133,9/3/2025 14:17:00,"$436,287.00"
11027,39141,9/3/2025 20:22:00,"$472,560.00"
11028,39148,9/8/2025 12:23:00,"$501,341.00"
11029,39150,9/11/2025 15:38:00,"$571,590.00"
11030,39153,9/10/2025 12:24:00,"$468,898.00"
11031,39157,9/8/2025 14:31:00,"$636,373.00"
11032,39162,9/11/2025 0:09:00,"$572,789.00"
11033,39167,9/7/2025 13:13:00,"$608,797.00"
11034,39168,9/7/2025 12:04:00,"$526,777.00"
11035,39170,9/8/2025 10:53:00,"$436,251.00"
11036,39174,9/7/2025 13:46:00,"$572,821.00"
11037,39175,9/11/2025 13:27:00,"$663,797.00"
11038,39178,9/10/2025 10:04:00,"$466,494.00"
11039,39181,9/9/2025 14:33:00,"$545,441.00"
11040,39183,9/3/2025 19:09:00,"$533,818.00"
11041,39184,9/8/2025 19:49:00,"$503,584.00"
11042,39185,9/1/2025 8:00:00,"$567,870.00"
11043,39189,9/7/2025 17:04:00,"$696,265.00"
11044,39192,9/8/2025 16:27:00,"$487,626.00"
11045,39195,9/4/2025 12:39:00,"$610,353.00"
11046,39200,9/4/2025 10:42:00,"$596,720.00"
11047,39202,9/13/2025 17:08:00,"$447,362.00"
11048,39207,9/7/2025 9:35:00,"$583,868.00"
11049,39213,9/3/2025 16:46:00,"$410,721.00"
11050,39217,9/10/2025 15:50:00,"$415,951.00"
11051,39221,9/8/2025 14:44:00,"$445,251.00"
11052,39222,9/4/2025 11:49:00,"$486,396.00"
11053,39229,9/3/2025 11:42:00,"$617,971.00"
11054,39233,9/1/2025 17:30:00,"$464,757.00"
11055,39241,9/6/2025 9:38:00,"$625,775.00"
11056,39243,9/6/2025 9:22:00,"$671,082.00"
11057,39245,9/3/2025 17:05:00,"$665,962.00"
11058,39259,9/5/2025 11:09:00,"$458,085.00"
11059,39263,9/11/2025 3:59:00,"$649,106.00"
11060,39271,9/6/2025 15:09:00,"$472,548.00"
11061,39272,9/8/2025 15:01:00,"$574,834.00"
11062,39274,9/2/2025 8:38:00,"$698,587.00"
11063,39276,9/8/2025 17:28:00,"$600,764.00"
11064,39277,9/3/2025 15:22:00,"$640,850.00"
11065,39278,9/9/2025 17:23:00,"$649,782.00"
11066,39279,9/3/2025 8:19:00,"$625,450.00"
11067,39281,9/7/2025 15:47:00,"$630,525.00"
11068,39283,9/4/2025 14:28:00,"$631,990.00"
11069,39284,9/7/2025 19:56:00,"$415,595.00"
11070,39287,9/10/2025 13:57:00,"$476,428.00"
11071,39290,9/10/2025 19:00:00,"$676,876.00"
11072,39294,9/3/2025 17:54:00,"$438,174.00"
11073,39295,9/9/2025 14:38:00,"$613,063.00"
11074,39309,9/8/2025 9:30:00,"$427,655.00"
11075,39314,9/7/2025 16:54:00,"$513,168.00"
11076,39315,9/10/2025 16:02:00,"$697,272.00"
11077,39323,9/10/2025 10:05:00,"$411,710.00"
11078,39324,9/16/2025 10:38:00,"$561,521.00"
11079,39327,9/6/2025 2:54:00,"$522,798.00"
11080,39329,9/7/2025 12:37:00,"$494,280.00"
11081,39330,9/13/2025 15:53:00,"$611,295.00"
11082,39331,9/1/2025 17:14:00,"$586,953.00"
11083,39336,9/7/2025 16:51:00,"$459,255.00"
11084,39340,9/7/2025 16:30:00,"$446,355.00"
11085,39344,9/9/2025 11:12:00,"$462,182.00"
11086,39345,9/2/2025 14:19:00,"$522,582.00"
11087,39346,9/6/2025 15:32:00,"$560,273.00"
11088,39347,9/3/2025 17:39:00,"$500,778.00"
11089,39348,9/8/2025 13:37:00,"$668,119.00"
11090,39350,9/5/2025 15:20:00,"$431,816.00"
11091,39351,9/6/2025 17:11:00,"$637,209.00"
11092,39353,9/10/2025 5:00:00,"$422,932.00"
11093,39355,9/8/2025 11:04:00,"$432,791.00"
11094,39358,9/3/2025 11:57:00,"$502,399.00"
11095,39363,9/6/2025 13:12:00,"$579,894.00"
11096,39364,9/10/2025 17:57:00,"$628,469.00"
11097,39372,9/8/2025 13:37:00,"$640,113.00"
11098,39377,9/17/2025 13:12:00,"$650,138.00"
11099,39384,9/8/2025 9:33:00,"$689,865.00"
11100,39386,9/14/2025 14:36:00,"$655,089.00"
11101,39394,9/15/2025 17:35:00,"$600,918.00"
11102,39399,9/10/2025 12:13:00,"$616,117.00"
11103,39401,9/14/2025 15:31:00,"$672,818.00"
11104,39405,9/7/2025 16:35:00,"$490,696.00"
11105,39411,9/13/2025 19:54:00,"$501,698.00"
11106,39414,9/10/2025 14:12:00,"$602,398.00"
11107,39418,9/8/2025 11:58:00,"$677,117.00"
11108,39422,9/11/2025 14:13:00,"$612,299.00"
11109,39425,9/7/2025 20:52:00,"$519,874.00"
11110,39428,9/11/2025 17:17:00,"$557,513.00"
11111,39429,9/9/2025 17:15:00,"$639,604.00"
11112,39437,9/8/2025 8:23:00,"$647,290.00"
11113,39439,9/5/2025 11:30:00,"$458,399.00"
11114,39442,9/8/2025 12:51:00,"$661,949.00"
11115,39447,9/7/2025 17:08:00,"$681,434.00"
11116,39449,9/6/2025 16:43:00,"$679,502.00"
11117,39451,9/10/2025 11:01:00,"$438,389.00"
11118,39455,9/9/2025 10:11:00,"$542,545.00"
11119,39456,9/11/2025 9:02:00,"$435,536.00"
11120,39457,9/3/2025 12:37:00,"$516,717.00"
11121,39464,9/4/2025 14:13:00,"$635,909.00"
11122,39466,9/8/2025 13:48:00,"$581,065.00"
11123,39472,9/6/2025 17:10:00,"$690,078.00"
11124,39473,9/4/2025 9:53:00,"$582,801.00"
11125,39484,9/7/2025 8:54:00,"$635,673.00"
11126,39491,9/9/2025 16:17:00,"$695,256.00"
11127,39493,9/4/2025 3:44:00,"$567,800.00"
11128,39496,9/16/2025 8:49:00,"$503,308.00"
11129,39503,9/8/2025 10:07:00,"$636,623.00"
11130,39507,9/4/2025 9:12:00,"$437,551.00"
11131,39511,9/14/2025 12:13:00,"$610,678.00"
11132,39513,9/7/2025 3:26:00,"$683,276.00"
11133,39514,9/7/2025 12:59:00,"$588,980.00"
11134,39517,9/4/2025 8:44:00,"$584,228.00"
11135,39520,9/3/2025 7:48:00,"$687,074.00"
11136,39521,9/14/2025 8:43:00,"$696,690.00"
11137,39523,9/10/2025 12:53:00,"$639,342.00"
11138,39531,9/6/2025 10:32:00,"$642,426.00"
11139,39535,9/15/2025 8:17:00,"$673,870.00"
11140,39547,9/6/2025 14:35:00,"$686,262.00"
11141,39551,9/7/2025 16:30:00,"$648,918.00"
11142,39552,9/10/2025 9:28:00,"$470,650.00"
11143,39553,9/6/2025 14:12:00,"$670,096.00"
11144,39554,9/3/2025 19:15:00,"$552,156.00"
11145,39555,9/9/2025 13:48:00,"$589,084.00"
11146,39558,9/3/2025 12:55:00,"$660,990.00"
11147,39560,9/6/2025 10:20:00,"$409,463.00"
11148,39562,9/11/2025 12:42:00,"$566,572.00"
11149,39563,9/3/2025 16:22:00,"$475,705.00"
11150,39571,9/4/2025 16:10:00,"$484,831.00"
11151,39573,9/16/2025 9:15:00,"$527,547.00"
11152,39575,9/14/2025 20:43:00,"$544,361.00"
11153,39576,9/7/2025 16:23:00,"$617,364.00"
11154,39579,9/10/2025 11:39:00,"$592,420.00"
11155,39583,9/9/2025 9:12:00,"$434,098.00"
11156,39585,9/7/2025 16:56:00,"$534,891.00"
11157,39592,9/14/2025 12:08:00,"$552,034.00"
11158,39594,9/6/2025 10:05:00,"$455,222.00"
11159,39603,9/18/2025 10:17:00,"$671,418.00"
11160,39607,9/7/2025 19:07:00,"$459,883.00"
11161,39609,9/9/2025 12:46:00,"$619,684.00"
11162,39611,9/13/2025 13:27:00,"$658,287.00"
11163,39612,9/8/2025 13:54:00,"$459,974.00"
11164,39613,9/8/2025 12:28:00,"$706,577.00"
11165,39614,9/15/2025 14:58:00,"$560,019.00"
11166,39617,9/16/2025 18:59:00,"$412,100.00"
11167,39618,9/13/2025 16:25:00,"$502,329.00"
11168,39619,9/8/2025 10:37:00,"$477,820.00"
11169,39621,9/9/2025 12:17:00,"$690,603.00"
11170,39624,9/6/2025 11:32:00,"$548,330.00"
11171,39627,9/7/2025 15:23:00,"$567,357.00"
11172,39628,9/17/2025 13:17:00,"$690,929.00"
11173,39634,9/13/2025 16:06:00,"$441,065.00"
11174,39635,9/17/2025 15:35:00,"$668,767.00"
11175,39636,9/8/2025 17:35:00,"$582,083.00"
11176,39637,9/8/2025 10:39:00,"$678,629.00"
11177,39644,9/13/2025 16:48:00,"$610,628.00"
11178,39646,9/11/2025 15:48:00,"$462,379.00"
11179,39650,9/7/2025 13:25:00,"$407,670.00"
11180,39653,9/13/2025 17:40:00,"$492,699.00"
11181,39655,9/15/2025 14:03:00,"$422,943.00"
11182,39656,9/10/2025 15:12:00,"$545,699.00"
11183,39657,9/18/2025 12:34:00,"$660,788.00"
11184,39659,9/12/2025 0:42:00,"$415,528.00"
11185,39664,9/6/2025 17:09:00,"$441,490.00"
11186,39669,9/14/2025 14:52:00,"$459,524.00"
11187,39670,9/4/2025 17:41:00,"$460,094.00"
11188,39672,9/8/2025 12:15:00,"$577,142.00"
11189,39680,9/11/2025 8:06:00,"$618,582.00"
11190,39685,9/9/2025 2:09:00,"$597,977.00"
11191,39687,9/8/2025 17:10:00,"$625,354.00"
11192,39688,9/16/2025 13:50:00,"$435,915.00"
11193,39689,9/6/2025 9:18:00,"$563,426.00"
11194,39690,9/14/2025 14:04:00,"$704,267.00"
11195,39697,9/8/2025 0:57:00,"$462,189.00"
11196,39702,9/9/2025 12:30:00,"$675,166.00"
11197,39707,9/11/2025 14:22:00,"$573,100.00"
11198,39710,9/6/2025 17:44:00,"$665,604.00"
11199,39711,9/16/2025 9:04:00,"$646,389.00"
11200,39713,9/6/2025 14:30:00,"$555,072.00"
11201,39715,9/10/2025 14:23:00,"$706,378.00"
11202,39716,9/10/2025 12:21:00,"$577,627.00"
11203,39721,9/6/2025 13:55:00,"$691,044.00"
11204,39725,9/11/2025 9:40:00,"$440,138.00"
11205,39728,9/6/2025 9:55:00,"$582,044.00"
11206,39729,9/14/2025 11:25:00,"$521,089.00"
11207,39731,9/8/2025 11:36:00,"$525,916.00"
11208,39737,9/8/2025 12:18:00,"$621,343.00"
11209,39744,9/12/2025 5:29:00,"$514,714.00"
11210,39746,9/10/2025 4:59:00,"$689,170.00"
11211,39748,9/4/2025 12:32:00,"$422,516.00"
11212,39749,9/15/2025 7:05:00,"$474,706.00"
11213,39759,9/15/2025 13:36:00,"$436,562.00"
11214,39761,9/22/2025 17:36:00,"$625,573.00"
11215,39763,9/8/2025 15:32:00,"$705,371.00"
11216,39764,9/6/2025 11:06:00,"$689,311.00"
11217,39765,9/9/2025 8:43:00,"$633,584.00"
11218,39767,9/9/2025 12:42:00,"$511,726.00"
11219,39768,9/6/2025 16:49:00,"$470,147.00"
11220,39773,9/6/2025 20:28:00,"$438,277.00"
11221,39778,9/6/2025 12:31:00,"$490,404.00"
11222,39779,9/8/2025 14:40:00,"$447,098.00"
11223,39784,9/13/2025 11:23:00,"$579,942.00"
11224,39787,9/10/2025 13:34:00,"$469,498.00"
11225,39789,9/14/2025 11:37:00,"$629,390.00"
11226,39794,9/8/2025 10:35:00,"$490,265.00"
11227,39796,9/12/2025 13:53:00,"$554,126.00"
11228,39797,9/13/2025 15:50:00,"$565,517.00"
11229,39799,9/8/2025 11:04:00,"$677,101.00"
11230,39801,9/4/2025 18:46:00,"$514,663.00"
11231,39803,9/15/2025 14:10:00,"$483,097.00"
11232,39804,9/13/2025 11:26:00,"$603,365.00"
11233,39805,9/6/2025 9:18:00,"$706,431.00"
11234,39806,9/7/2025 15:33:00,"$411,268.00"
11235,39808,9/11/2025 9:59:00,"$481,074.00"
11236,39810,9/11/2025 16:29:00,"$464,168.00"
11237,39817,9/9/2025 13:38:00,"$540,465.00"
11238,39821,9/14/2025 11:44:00,"$410,594.00"
11239,39827,9/10/2025 19:13:00,"$538,395.00"
11240,39828,9/7/2025 16:27:00,"$477,040.00"
11241,39837,9/15/2025 14:16:00,"$426,750.00"
11242,39846,9/9/2025 13:10:00,"$617,748.00"
11243,39847,9/7/2025 1:42:00,"$435,770.00"
11244,39852,9/14/2025 2:38:00,"$519,819.00"
11245,39854,9/7/2025 13:50:00,"$693,755.00"
11246,39855,9/9/2025 17:42:00,"$664,819.00"
11247,39861,9/16/2025 17:11:00,"$623,329.00"
11248,39862,9/9/2025 16:24:00,"$699,914.00"
11249,39866,9/16/2025 11:06:00,"$687,130.00"
11250,39868,9/18/2025 9:58:00,"$415,669.00"
11251,39869,9/11/2025 13:00:00,"$407,696.00"
11252,39870,9/18/2025 1:36:00,"$583,041.00"
11253,39871,9/13/2025 11:32:00,"$574,027.00"
11254,39877,9/14/2025 15:47:00,"$615,319.00"
11255,39883,9/17/2025 16:58:00,"$523,597.00"
11256,39886,9/20/2025 15:59:00,"$537,258.00"
11257,39900,9/9/2025 12:02:00,"$475,882.00"
11258,39902,9/8/2025 12:39:00,"$433,365.00"
11259,39906,9/6/2025 5:09:00,"$543,043.00"
11260,39914,9/15/2025 9:32:00,"$409,701.00"
11261,39915,9/11/2025 10:03:00,"$631,176.00"
11262,39929,9/15/2025 10:15:00,"$608,973.00"
11263,39931,9/8/2025 11:17:00,"$673,837.00"
11264,39937,9/8/2025 15:19:00,"$544,692.00"
11265,39944,9/16/2025 8:19:00,"$588,259.00"
11266,39948,9/10/2025 8:39:00,"$550,504.00"
11267,39949,9/9/2025 16:49:00,"$646,107.00"
11268,39953,9/11/2025 21:33:00,"$482,924.00"
11269,39954,9/9/2025 18:25:00,"$466,523.00"
11270,39962,9/9/2025 9:10:00,"$487,324.00"
11271,39978,9/10/2025 13:43:00,"$471,756.00"
11272,39981,9/8/2025 11:45:00,"$594,512.00"
11273,39983,9/11/2025 12:16:00,"$454,328.00"
11274,39989,9/9/2025 15:44:00,"$668,715.00"
11275,39997,9/13/2025 15:20:00,"$468,973.00"
11276,39999,9/13/2025 14:45:00,"$524,088.00"
11277,40000,9/11/2025 9:47:00,"$441,108.00"
11278,40002,9/14/2025 11:03:00,"$464,877.00"
11279,40006,9/18/2025 22:35:00,"$629,369.00"
11280,40010,9/16/2025 19:51:00,"$689,759.00"
11281,40020,9/10/2025 9:13:00,"$435,057.00"
11282,40040,9/13/2025 17:17:00,"$471,026.00"
11283,40041,9/10/2025 15:05:00,"$678,400.00"
11284,40042,9/20/2025 8:20:00,"$539,786.00"
11285,40049,9/6/2025 14:04:00,"$549,829.00"
11286,40050,9/10/2025 13:49:00,"$626,279.00"
11287,40053,9/7/2025 12:20:00,"$506,701.00"
11288,40067,9/10/2025 13:30:00,"$474,687.00"
11289,40070,9/11/2025 9:04:00,"$566,901.00"
11290,40071,9/6/2025 13:04:00,"$478,641.00"
11291,40074,9/10/2025 19:33:00,"$479,134.00"
11292,40080,9/15/2025 16:17:00,"$449,292.00"
11293,40081,9/9/2025 13:11:00,"$532,647.00"
11294,40086,9/16/2025 16:34:00,"$597,983.00"
11295,40088,9/15/2025 10:21:00,"$491,949.00"
11296,40091,9/11/2025 16:12:00,"$631,768.00"
11297,40093,9/9/2025 11:10:00,"$699,039.00"
11298,40094,9/22/2025 9:36:00,"$453,248.00"
11299,40096,9/11/2025 11:04:00,"$434,111.00"
11300,40099,9/14/2025 6:20:00,"$534,695.00"
11301,40100,9/8/2025 16:16:00,"$511,090.00"
11302,40102,9/18/2025 11:07:00,"$695,369.00"
11303,40111,9/11/2025 10:07:00,"$664,162.00"
11304,40113,9/7/2025 16:02:00,"$706,526.00"
11305,40114,9/9/2025 15:11:00,"$699,282.00"
11306,40116,9/13/2025 13:47:00,"$702,809.00"
11307,40117,9/17/2025 16:12:00,"$698,501.00"
11308,40119,9/18/2025 10:24:00,"$697,983.00"
11309,40121,9/12/2025 3:23:00,"$462,259.00"
11310,40122,9/8/2025 10:41:00,"$457,991.00"
11311,40125,9/20/2025 9:37:00,"$605,199.00"
11312,40128,9/18/2025 17:55:00,"$688,028.00"
11313,40132,9/20/2025 0:51:00,"$614,392.00"
11314,40138,9/16/2025 10:08:00,"$409,635.00"
11315,40139,9/18/2025 9:08:00,"$704,442.00"
11316,40145,9/11/2025 15:32:00,"$649,012.00"
11317,40152,9/11/2025 8:50:00,"$567,368.00"
11318,40156,9/11/2025 13:57:00,"$534,630.00"
11319,40157,9/17/2025 20:36:00,"$596,276.00"
11320,40160,9/13/2025 13:28:00,"$628,922.00"
11321,40162,9/11/2025 3:58:00,"$514,821.00"
11322,40163,9/7/2025 19:28:00,"$540,943.00"
11323,40166,9/10/2025 15:33:00,"$497,815.00"
11324,40167,9/14/2025 11:09:00,"$547,007.00"
11325,40168,9/10/2025 13:53:00,"$623,851.00"
11326,40169,9/23/2025 10:47:00,"$523,986.00"
11327,40172,9/10/2025 10:10:00,"$582,254.00"
11328,40181,9/9/2025 10:59:00,"$682,560.00"
11329,40185,9/13/2025 8:19:00,"$412,200.00"
11330,40187,9/10/2025 20:47:00,"$603,423.00"
11331,40188,9/8/2025 7:45:00,"$632,584.00"
11332,40200,9/16/2025 15:00:00,"$631,321.00"
11333,40201,9/14/2025 18:16:00,"$598,673.00"
11334,40213,9/14/2025 12:10:00,"$466,969.00"
11335,40215,9/13/2025 18:51:00,"$577,780.00"
11336,40217,9/16/2025 14:01:00,"$451,914.00"
11337,40218,9/13/2025 12:31:00,"$664,191.00"
11338,40219,9/14/2025 12:38:00,"$549,299.00"
11339,40222,9/18/2025 9:17:00,"$456,476.00"
11340,40223,9/15/2025 17:33:00,"$443,220.00"
11341,40224,9/15/2025 1:02:00,"$559,315.00"
11342,40226,9/7/2025 16:57:00,"$479,710.00"
11343,40230,9/9/2025 16:52:00,"$510,862.00"
11344,40234,9/11/2025 8:56:00,"$474,477.00"
11345,40235,9/11/2025 9:06:00,"$454,804.00"
11346,40236,9/15/2025 12:16:00,"$530,808.00"
11347,40239,9/16/2025 15:51:00,"$576,326.00"
11348,40241,9/11/2025 13:51:00,"$423,041.00"
11349,40247,9/15/2025 17:52:00,"$672,457.00"
11350,40248,9/11/2025 9:07:00,"$491,086.00"
11351,40258,9/12/2025 18:28:00,"$442,545.00"
11352,40259,9/16/2025 16:49:00,"$507,987.00"
11353,40260,9/13/2025 2:12:00,"$414,908.00"
11354,40266,9/12/2025 2:54:00,"$693,030.00"
11355,40267,9/11/2025 11:54:00,"$547,947.00"
11356,40275,9/11/2025 13:13:00,"$434,778.00"
11357,40276,9/10/2025 12:58:00,"$499,669.00"
11358,40277,9/9/2025 10:52:00,"$625,921.00"
11359,40278,9/13/2025 17:34:00,"$634,808.00"
11360,40279,9/18/2025 13:53:00,"$565,721.00"
11361,40283,9/11/2025 15:50:00,"$637,109.00"
11362,40293,9/11/2025 15:31:00,"$561,257.00"
11363,40295,9/10/2025 14:59:00,"$596,186.00"
11364,40296,9/12/2025 0:55:00,"$417,143.00"
11365,40307,9/14/2025 15:34:00,"$445,149.00"
11366,40317,9/17/2025 13:31:00,"$693,017.00"
11367,40319,9/11/2025 9:37:00,"$504,818.00"
11368,40320,9/13/2025 22:59:00,"$488,720.00"
11369,40321,9/10/2025 15:08:00,"$573,278.00"
11370,40323,9/15/2025 20:44:00,"$605,491.00"
11371,40324,9/10/2025 13:59:00,"$612,338.00"
11372,40335,9/17/2025 15:05:00,"$536,971.00"
11373,40338,9/13/2025 9:11:00,"$469,616.00"
11374,40339,9/16/2025 11:57:00,"$522,421.00"
11375,40343,9/17/2025 11:35:00,"$638,972.00"
11376,40347,9/14/2025 20:58:00,"$631,835.00"
11377,40348,9/13/2025 13:49:00,"$468,462.00"
11378,40349,9/15/2025 16:23:00,"$429,931.00"
11379,40353,9/15/2025 14:54:00,"$682,060.00"
11380,40354,9/13/2025 15:39:00,"$415,576.00"
11381,40355,9/8/2025 16:28:00,"$693,433.00"
11382,40362,9/15/2025 12:46:00,"$469,538.00"
11383,40363,9/18/2025 14:20:00,"$479,956.00"
11384,40368,9/13/2025 14:51:00,"$656,069.00"
11385,40370,9/11/2025 19:03:00,"$446,223.00"
11386,40372,9/15/2025 17:19:00,"$699,842.00"
11387,40374,9/11/2025 16:26:00,"$520,291.00"
11388,40375,9/9/2025 20:11:00,"$664,757.00"
11389,40385,9/10/2025 19:09:00,"$661,107.00"
11390,40387,9/15/2025 12:25:00,"$555,036.00"
11391,40388,9/10/2025 9:37:00,"$587,280.00"
11392,40389,9/17/2025 12:41:00,"$535,118.00"
11393,40397,9/18/2025 18:31:00,"$410,814.00"
11394,40405,9/13/2025 15:10:00,"$697,687.00"
11395,40406,9/10/2025 13:10:00,"$635,581.00"
11396,40410,9/13/2025 14:05:00,"$667,742.00"
11397,40412,9/15/2025 17:29:00,"$701,364.00"
11398,40416,9/14/2025 17:39:00,"$501,015.00"
11399,40417,9/11/2025 9:14:00,"$428,762.00"
11400,40418,9/15/2025 13:41:00,"$632,392.00"
11401,40419,9/17/2025 11:14:00,"$563,511.00"
11402,40422,9/9/2025 8:55:00,"$584,373.00"
11403,40427,9/22/2025 16:40:00,"$575,975.00"
11404,40432,9/9/2025 16:28:00,"$702,462.00"
11405,40433,9/8/2025 17:43:00,"$575,920.00"
11406,40435,9/8/2025 14:29:00,"$474,439.00"
11407,40439,9/18/2025 10:38:00,"$580,762.00"
11408,40440,9/16/2025 16:47:00,"$651,906.00"
11409,40444,9/13/2025 14:10:00,"$430,104.00"
11410,40446,9/16/2025 9:13:00,"$523,063.00"
11411,40448,9/21/2025 10:28:00,"$489,929.00"
11412,40454,9/11/2025 18:23:00,"$426,419.00"
11413,40457,9/13/2025 10:09:00,"$502,867.00"
11414,40461,9/18/2025 20:29:00,"$683,609.00"
11415,40465,9/17/2025 12:51:00,"$514,505.00"
11416,40470,9/16/2025 13:10:00,"$617,261.00"
11417,40473,9/14/2025 11:41:00,"$563,604.00"
11418,40478,9/15/2025 1:10:00,"$651,716.00"
11419,40485,9/11/2025 12:56:00,"$640,067.00"
11420,40488,9/15/2025 8:05:00,"$658,822.00"
11421,40495,9/13/2025 9:33:00,"$588,301.00"
11422,40498,9/17/2025 4:00:00,"$537,081.00"
11423,40502,9/15/2025 14:50:00,"$471,648.00"
11424,40504,9/15/2025 8:53:00,"$704,672.00"
11425,40507,9/11/2025 14:21:00,"$631,462.00"
11426,40512,9/16/2025 11:10:00,"$696,401.00"
11427,40515,9/13/2025 16:00:00,"$662,149.00"
11428,40516,9/14/2025 17:16:00,"$488,144.00"
11429,40517,9/11/2025 16:49:00,"$620,232.00"
11430,40534,9/22/2025 20:40:00,"$454,251.00"
11431,40536,9/17/2025 22:04:00,"$459,373.00"
11432,40537,9/15/2025 7:28:00,"$656,229.00"
11433,40539,9/17/2025 0:14:00,"$647,595.00"
11434,40540,9/20/2025 16:34:00,"$466,363.00"
11435,40542,9/16/2025 10:39:00,"$515,045.00"
11436,40543,9/10/2025 12:30:00,"$533,566.00"
11437,40546,9/15/2025 13:49:00,"$602,080.00"
11438,40549,9/13/2025 9:51:00,"$467,039.00"
11439,40554,9/18/2025 6:12:00,"$584,695.00"
11440,40559,9/14/2025 17:24:00,"$569,221.00"
11441,40562,9/17/2025 16:29:00,"$482,380.00"
11442,40564,9/16/2025 13:34:00,"$687,782.00"
11443,40567,9/14/2025 11:18:00,"$665,117.00"
11444,40568,9/14/2025 10:00:00,"$505,911.00"
11445,40569,9/18/2025 11:09:00,"$587,824.00"
11446,40572,9/17/2025 11:49:00,"$490,844.00"
11447,40576,9/17/2025 11:30:00,"$559,711.00"
11448,40577,9/25/2025 10:27:00,"$655,156.00"
11449,40581,9/13/2025 22:05:00,"$650,182.00"
11450,40585,9/11/2025 15:40:00,"$637,836.00"
11451,40586,9/10/2025 10:10:00,"$698,583.00"
11452,40591,9/20/2025 15:34:00,"$495,646.00"
11453,40596,9/10/2025 15:22:00,"$619,604.00"
11454,40597,9/15/2025 16:03:00,"$621,067.00"
11455,40600,9/13/2025 9:45:00,"$598,494.00"
11456,40601,9/19/2025 11:37:00,"$604,957.00"
11457,40602,9/13/2025 10:48:00,"$559,941.00"
11458,40604,9/10/2025 7:10:00,"$520,584.00"
11459,40612,9/14/2025 13:47:00,"$503,484.00"
11460,40613,9/18/2025 16:27:00,"$524,361.00"
11461,40617,9/17/2025 15:24:00,"$439,724.00"
11462,40624,9/11/2025 12:42:00,"$441,657.00"
11463,40627,9/10/2025 13:28:00,"$561,715.00"
11464,40630,9/13/2025 14:27:00,"$567,695.00"
11465,40631,9/17/2025 12:03:00,"$524,846.00"
11466,40639,9/18/2025 15:24:00,"$458,603.00"
11467,40646,9/16/2025 11:16:00,"$674,668.00"
11468,40650,9/14/2025 13:48:00,"$469,662.00"
11469,40651,9/17/2025 15:50:00,"$547,736.00"
11470,40657,9/16/2025 12:54:00,"$479,251.00"
11471,40660,9/11/2025 16:54:00,"$509,318.00"
11472,40662,9/11/2025 8:43:00,"$633,464.00"
11473,40664,9/14/2025 11:50:00,"$419,074.00"
11474,40669,9/18/2025 15:33:00,"$460,380.00"
11475,40671,9/17/2025 2:32:00,"$420,419.00"
11476,40676,9/24/2025 9:21:00,"$688,777.00"
11477,40679,9/16/2025 0:05:00,"$703,517.00"
11478,40681,9/14/2025 5:03:00,"$692,060.00"
11479,40683,9/15/2025 17:49:00,"$421,454.00"
11480,40685,9/14/2025 19:01:00,"$473,649.00"
11481,40690,9/14/2025 13:00:00,"$672,032.00"
11482,40694,9/20/2025 13:05:00,"$596,577.00"
11483,40695,9/23/2025 13:29:00,"$561,307.00"
11484,40699,9/24/2025 15:28:00,"$662,124.00"
11485,40706,9/13/2025 9:59:00,"$443,294.00"
11486,40708,9/15/2025 9:20:00,"$645,048.00"
11487,40710,9/17/2025 17:18:00,"$517,863.00"
11488,40715,9/11/2025 10:08:00,"$589,653.00"
11489,40722,9/21/2025 10:08:00,"$699,344.00"
11490,40724,9/17/2025 9:36:00,"$555,681.00"
11491,40725,9/20/2025 8:46:00,"$547,453.00"
11492,40726,9/10/2025 17:11:00,"$577,756.00"
11493,40732,9/21/2025 15:54:00,"$637,921.00"
11494,40738,9/16/2025 15:15:00,"$668,079.00"
11495,40740,9/14/2025 12:09:00,"$491,714.00"
11496,40745,9/13/2025 9:52:00,"$423,471.00"
11497,40758,9/14/2025 15:52:00,"$534,582.00"
11498,40762,9/23/2025 16:43:00,"$497,075.00"
11499,40763,9/16/2025 9:39:00,"$476,012.00"
11500,40765,9/16/2025 16:26:00,"$565,633.00"
11501,40769,9/14/2025 13:10:00,"$433,410.00"
11502,40770,9/11/2025 2:01:00,"$586,850.00"
11503,40771,9/17/2025 13:55:00,"$662,978.00"
11504,40772,9/18/2025 9:40:00,"$656,667.00"
11505,40775,9/17/2025 17:11:00,"$503,959.00"
11506,40777,9/18/2025 15:12:00,"$427,463.00"
11507,40779,9/15/2025 13:49:00,"$706,062.00"
11508,40789,9/17/2025 11:02:00,"$693,385.00"
11509,40790,9/15/2025 16:59:00,"$638,086.00"
11510,40795,9/24/2025 10:59:00,"$497,919.00"
11511,40796,9/21/2025 11:21:00,"$480,494.00"
11512,40797,9/16/2025 22:31:00,"$527,812.00"
11513,40805,9/17/2025 16:05:00,"$645,899.00"
11514,40808,9/13/2025 13:52:00,"$631,427.00"
11515,40814,9/16/2025 10:51:00,"$560,620.00"
11516,40816,9/20/2025 8:05:00,"$556,112.00"
11517,40818,9/21/2025 9:59:00,"$701,936.00"
11518,40819,9/16/2025 11:34:00,"$491,718.00"
11519,40823,9/21/2025 17:15:00,"$651,927.00"
11520,40825,9/14/2025 3:33:00,"$624,024.00"
11521,40833,9/15/2025 9:40:00,"$462,383.00"
11522,40834,9/12/2025 15:22:00,"$551,805.00"
11523,40836,9/20/2025 12:52:00,"$680,045.00"
11524,40840,9/14/2025 15:57:00,"$581,616.00"
11525,40843,9/13/2025 17:55:00,"$625,565.00"
11526,40847,9/15/2025 18:47:00,"$532,928.00"
11527,40852,9/15/2025 6:52:00,"$561,133.00"
11528,40856,9/20/2025 8:44:00,"$498,178.00"
11529,40857,9/18/2025 11:51:00,"$531,028.00"
11530,40859,9/13/2025 23:08:00,"$480,070.00"
11531,40864,9/20/2025 17:19:00,"$435,431.00"
11532,40867,9/17/2025 17:24:00,"$703,232.00"
11533,40869,9/16/2025 12:14:00,"$576,837.00"
11534,40871,9/15/2025 9:18:00,"$617,551.00"
11535,40873,9/16/2025 7:36:00,"$650,954.00"
11536,40875,9/23/2025 12:20:00,"$577,491.00"
11537,40879,9/17/2025 10:49:00,"$450,154.00"
11538,40880,9/17/2025 8:51:00,"$603,771.00"
11539,40884,9/23/2025 22:06:00,"$509,632.00"
11540,40887,9/22/2025 20:37:00,"$517,667.00"
11541,40892,9/15/2025 17:28:00,"$457,167.00"
11542,40893,9/15/2025 12:22:00,"$671,095.00"
11543,40894,9/20/2025 7:01:00,"$641,967.00"
11544,40895,9/18/2025 9:25:00,"$517,594.00"
11545,40896,9/11/2025 16:18:00,"$696,542.00"
11546,40901,9/17/2025 6:32:00,"$486,539.00"
11547,40909,9/18/2025 8:49:00,"$619,972.00"
11548,40910,9/13/2025 14:39:00,"$690,554.00"
11549,40912,9/18/2025 12:18:00,"$469,143.00"
11550,40913,9/18/2025 15:22:00,"$645,591.00"
11551,40926,9/27/2025 9:21:00,"$483,935.00"
11552,40927,9/22/2025 17:14:00,"$620,386.00"
11553,40931,9/14/2025 17:44:00,"$700,607.00"
11554,40932,9/20/2025 11:37:00,"$440,826.00"
11555,40935,9/17/2025 14:56:00,"$574,483.00"
11556,40943,9/16/2025 16:48:00,"$541,635.00"
11557,40945,9/16/2025 17:30:00,"$488,940.00"
11558,40946,9/23/2025 16:59:00,"$422,499.00"
11559,40949,9/16/2025 15:42:00,"$634,095.00"
11560,40956,9/12/2025 21:06:00,"$415,291.00"
11561,40964,9/18/2025 9:12:00,"$681,156.00"
11562,40965,9/19/2025 7:29:00,"$458,083.00"
11563,40970,9/13/2025 13:38:00,"$598,171.00"
11564,40974,9/16/2025 15:36:00,"$550,620.00"
11565,40976,9/15/2025 18:32:00,"$658,723.00"
11566,40982,9/13/2025 13:51:00,"$624,632.00"
11567,40985,9/14/2025 8:25:00,"$658,422.00"
11568,40998,9/17/2025 11:39:00,"$664,669.00"
11569,40999,9/24/2025 9:06:00,"$466,111.00"
11570,41001,9/18/2025 16:37:00,"$448,534.00"
11571,41005,9/15/2025 8:30:00,"$591,735.00"
11572,41006,9/16/2025 11:40:00,"$496,410.00"
11573,41014,9/13/2025 17:27:00,"$621,810.00"
11574,41019,9/14/2025 18:22:00,"$701,620.00"
11575,41022,9/17/2025 9:45:00,"$643,730.00"
11576,41024,9/14/2025 16:25:00,"$511,777.00"
11577,41026,9/13/2025 18:07:00,"$534,374.00"
11578,41027,9/16/2025 12:37:00,"$507,014.00"
11579,41028,9/23/2025 13:28:00,"$425,840.00"
11580,41030,9/15/2025 9:27:00,"$669,138.00"
11581,41033,9/17/2025 9:16:00,"$464,198.00"
11582,41036,9/24/2025 14:59:00,"$637,839.00"
11583,41038,9/25/2025 9:42:00,"$454,682.00"
11584,41040,9/21/2025 9:16:00,"$632,360.00"
11585,41042,9/16/2025 14:13:00,"$572,236.00"
11586,41045,9/18/2025 17:48:00,"$586,410.00"
11587,41046,9/16/2025 4:35:00,"$422,307.00"
11588,41050,9/23/2025 10:42:00,"$501,176.00"
11589,41053,9/13/2025 12:50:00,"$701,237.00"
11590,41057,9/20/2025 3:34:00,"$624,640.00"
11591,41058,9/17/2025 16:53:00,"$535,746.00"
11592,41068,9/20/2025 8:29:00,"$558,980.00"
11593,41073,9/16/2025 9:02:00,"$494,813.00"
11594,41074,9/14/2025 10:54:00,"$538,665.00"
11595,41078,9/21/2025 17:39:00,"$581,727.00"
11596,41081,9/17/2025 12:11:00,"$478,940.00"
11597,41089,9/20/2025 17:48:00,"$488,987.00"
11598,41090,9/21/2025 15:34:00,"$457,975.00"
11599,41097,9/16/2025 15:51:00,"$689,385.00"
11600,41098,9/24/2025 13:51:00,"$574,245.00"
11601,41100,9/27/2025 13:25:00,"$428,171.00"
11602,41106,9/23/2025 10:15:00,"$436,526.00"
11603,41112,9/20/2025 15:04:00,"$522,383.00"
11604,41131,9/24/2025 16:11:00,"$658,040.00"
11605,41134,9/16/2025 14:07:00,"$484,823.00"
11606,41136,9/15/2025 14:47:00,"$640,733.00"
11607,41137,9/16/2025 19:24:00,"$622,234.00"
11608,41144,9/21/2025 14:30:00,"$580,472.00"
11609,41146,9/16/2025 17:28:00,"$451,587.00"
11610,41152,9/22/2025 16:42:00,"$645,768.00"
11611,41157,9/14/2025 13:45:00,"$445,231.00"
11612,41160,9/17/2025 11:15:00,"$563,715.00"
11613,41161,9/23/2025 19:59:00,"$604,557.00"
11614,41162,9/16/2025 16:35:00,"$612,784.00"
11615,41165,9/16/2025 17:27:00,"$486,034.00"
11616,41167,9/21/2025 16:20:00,"$596,555.00"
11617,41169,9/16/2025 10:09:00,"$408,197.00"
11618,41172,9/17/2025 17:38:00,"$559,863.00"
11619,41174,9/17/2025 9:29:00,"$512,567.00"
11620,41177,9/25/2025 11:11:00,"$407,686.00"
11621,41179,9/14/2025 8:44:00,"$435,408.00"
11622,41180,9/25/2025 15:36:00,"$555,677.00"
11623,41183,9/23/2025 16:16:00,"$525,401.00"
11624,41190,9/22/2025 10:02:00,"$460,514.00"
11625,41191,9/16/2025 8:04:00,"$700,049.00"
11626,41193,9/14/2025 19:38:00,"$503,435.00"
11627,41194,9/18/2025 12:40:00,"$555,715.00"
11628,41196,9/19/2025 19:19:00,"$415,369.00"
11629,41221,9/24/2025 12:56:00,"$638,758.00"
11630,41227,9/28/2025 8:28:00,"$441,026.00"
11631,41229,9/18/2025 7:27:00,"$693,788.00"
11632,41235,9/15/2025 6:38:00,"$447,973.00"
11633,41237,9/22/2025 14:40:00,"$508,666.00"
11634,41238,9/23/2025 13:47:00,"$433,332.00"
11635,41240,9/19/2025 18:35:00,"$700,984.00"
11636,41247,9/21/2025 16:48:00,"$602,049.00"
11637,41251,9/28/2025 16:35:00,"$664,773.00"
11638,41253,9/23/2025 0:03:00,"$628,314.00"
11639,41259,9/29/2025 17:57:00,"$634,389.00"
11640,41262,9/22/2025 15:18:00,"$678,242.00"
11641,41264,9/23/2025 22:56:00,"$576,452.00"
11642,41268,9/14/2025 17:21:00,"$418,580.00"
11643,41269,9/20/2025 16:18:00,"$615,088.00"
11644,41271,9/16/2025 12:32:00,"$643,099.00"
11645,41276,9/22/2025 17:19:00,"$704,148.00"
11646,41280,9/19/2025 19:04:00,"$606,298.00"
11647,41283,9/15/2025 18:06:00,"$587,940.00"
11648,41285,9/15/2025 8:19:00,"$641,968.00"
11649,41290,9/27/2025 11:12:00,"$702,653.00"
11650,41291,9/14/2025 11:56:00,"$600,962.00"
11651,41294,9/16/2025 12:24:00,"$606,556.00"
11652,41303,9/16/2025 8:15:00,"$434,158.00"
11653,41309,9/21/2025 17:40:00,"$540,162.00"
11654,41310,9/24/2025 9:59:00,"$518,083.00"
11655,41316,9/23/2025 12:39:00,"$565,203.00"
11656,41318,9/24/2025 18:01:00,"$469,047.00"
11657,41320,9/22/2025 17:18:00,"$608,824.00"
11658,41322,9/21/2025 9:17:00,"$453,408.00"
11659,41323,9/22/2025 0:05:00,"$544,945.00"
11660,41332,9/15/2025 13:53:00,"$579,945.00"
11661,41333,9/21/2025 17:00:00,"$572,927.00"
11662,41336,9/20/2025 17:47:00,"$556,481.00"
11663,41339,9/22/2025 16:26:00,"$494,477.00"
11664,41340,9/23/2025 8:09:00,"$531,988.00"
11665,41347,9/16/2025 10:06:00,"$508,330.00"
11666,41348,9/27/2025 12:49:00,"$458,968.00"
11667,41352,9/25/2025 12:40:00,"$583,150.00"
11668,41353,9/18/2025 17:05:00,"$632,775.00"
11669,41355,9/18/2025 15:41:00,"$447,940.00"
11670,41356,9/21/2025 19:09:00,"$440,501.00"
11671,41365,9/18/2025 20:14:00,"$463,827.00"
11672,41367,9/25/2025 9:10:00,"$543,087.00"
11673,41369,9/17/2025 13:30:00,"$430,132.00"
11674,41371,9/14/2025 20:05:00,"$587,404.00"
11675,41373,9/17/2025 8:39:00,"$502,804.00"
11676,41374,9/18/2025 12:21:00,"$578,249.00"
11677,41375,9/22/2025 16:06:00,"$526,215.00"
11678,41390,9/24/2025 19:21:00,"$566,394.00"
11679,41394,9/14/2025 16:16:00,"$632,353.00"
11680,41401,9/23/2025 14:32:00,"$622,611.00"
11681,41404,9/17/2025 4:42:00,"$413,284.00"
11682,41415,9/20/2025 15:00:00,"$518,862.00"
11683,41416,9/20/2025 8:23:00,"$508,260.00"
11684,41418,9/20/2025 12:36:00,"$578,356.00"
11685,41420,9/22/2025 11:11:00,"$580,790.00"
11686,41423,9/18/2025 9:52:00,"$679,206.00"
11687,41429,9/14/2025 16:56:00,"$695,866.00"
11688,41430,9/18/2025 8:23:00,"$483,033.00"
11689,41435,9/17/2025 5:21:00,"$563,883.00"
11690,41449,9/21/2025 9:32:00,"$703,596.00"
11691,41452,9/21/2025 10:41:00,"$641,716.00"
11692,41453,9/15/2025 17:05:00,"$488,164.00"
11693,41457,9/22/2025 17:38:00,"$638,647.00"
11694,41460,9/22/2025 20:22:00,"$456,302.00"
11695,41465,9/19/2025 11:24:00,"$464,817.00"
11696,41469,9/21/2025 16:33:00,"$616,394.00"
11697,41476,9/22/2025 16:16:00,"$661,341.00"
11698,41489,9/22/2025 12:16:00,"$634,491.00"
11699,41495,9/20/2025 10:10:00,"$647,652.00"
11700,41497,9/24/2025 16:52:00,"$514,003.00"
11701,41499,9/22/2025 17:51:00,"$647,473.00"
11702,41501,9/20/2025 13:18:00,"$675,034.00"
11703,41502,9/20/2025 9:17:00,"$516,280.00"
11704,41503,9/24/2025 13:26:00,"$529,019.00"
11705,41504,9/21/2025 11:36:00,"$610,685.00"
11706,41505,9/16/2025 1:50:00,"$452,081.00"
11707,41506,9/18/2025 17:57:00,"$529,607.00"
11708,41507,9/17/2025 8:39:00,"$563,653.00"
11709,41516,9/17/2025 17:35:00,"$527,126.00"
11710,41530,9/24/2025 14:05:00,"$488,585.00"
11711,41532,9/17/2025 13:06:00,"$531,000.00"
11712,41535,9/25/2025 11:10:00,"$681,513.00"
11713,41538,9/22/2025 9:33:00,"$419,940.00"
11714,41544,9/22/2025 15:57:00,"$608,838.00"
11715,41563,9/28/2025 21:14:00,"$644,589.00"
11716,41565,9/23/2025 17:11:00,"$544,261.00"
11717,41567,9/24/2025 9:30:00,"$549,926.00"
11718,41576,9/15/2025 15:58:00,"$549,352.00"
11719,41577,9/24/2025 10:17:00,"$553,811.00"
11720,41581,9/17/2025 20:49:00,"$464,294.00"
11721,41582,9/25/2025 12:44:00,"$606,503.00"
11722,41584,9/25/2025 17:34:00,"$616,255.00"
11723,41587,9/25/2025 18:19:00,"$605,853.00"
11724,41589,9/20/2025 15:52:00,"$642,886.00"
11725,41593,9/22/2025 13:19:00,"$592,478.00"
11726,41594,9/21/2025 16:31:00,"$510,494.00"
11727,41596,9/20/2025 14:22:00,"$444,041.00"
11728,41597,9/22/2025 7:40:00,"$515,026.00"
11729,41603,9/21/2025 14:41:00,"$538,961.00"
11730,41604,9/23/2025 15:02:00,"$568,746.00"
11731,41607,9/23/2025 15:03:00,"$641,178.00"
11732,41609,9/19/2025 13:35:00,"$644,384.00"
11733,41614,9/27/2025 10:13:00,"$582,184.00"
11734,41619,9/24/2025 12:59:00,"$519,350.00"
11735,41623,9/22/2025 9:51:00,"$582,304.00"
11736,41627,9/20/2025 13:13:00,"$555,639.00"
11737,41630,9/20/2025 22:45:00,"$589,696.00"
11738,41635,9/27/2025 2:32:00,"$610,941.00"
11739,41637,9/29/2025 13:28:00,"$411,301.00"
11740,41644,9/18/2025 15:16:00,"$646,775.00"
11741,41658,9/20/2025 11:50:00,"$495,732.00"
11742,41659,9/17/2025 17:09:00,"$680,929.00"
11743,41662,9/22/2025 10:56:00,"$432,575.00"
11744,41676,9/20/2025 17:23:00,"$561,179.00"
11745,41677,9/25/2025 16:21:00,"$502,342.00"
11746,41683,9/22/2025 18:56:00,"$421,474.00"
11747,41684,9/23/2025 17:10:00,"$699,879.00"
11748,41686,10/1/2025 5:40:00,"$622,771.00"
11749,41690,9/28/2025 9:47:00,"$494,033.00"
11750,41692,9/27/2025 14:05:00,"$412,409.00"
11751,41703,9/22/2025 9:21:00,"$423,897.00"
11752,41705,9/18/2025 16:02:00,"$691,336.00"
11753,41707,9/24/2025 7:31:00,"$506,455.00"
11754,41710,9/24/2025 21:27:00,"$453,436.00"
11755,41718,9/23/2025 7:31:00,"$577,069.00"
11756,41721,9/17/2025 17:37:00,"$660,387.00"
11757,41724,9/22/2025 12:29:00,"$643,992.00"
11758,41728,9/18/2025 11:59:00,"$445,334.00"
11759,41730,9/22/2025 13:39:00,"$575,020.00"
11760,41732,9/25/2025 9:52:00,"$541,640.00"
11761,41735,9/21/2025 10:23:00,"$628,355.00"
11762,41737,9/24/2025 11:05:00,"$496,401.00"
11763,41740,9/22/2025 15:05:00,"$605,939.00"
11764,41744,9/24/2025 18:40:00,"$519,566.00"
11765,41745,9/19/2025 21:34:00,"$690,269.00"
11766,41751,9/18/2025 12:01:00,"$643,601.00"
11767,41756,9/25/2025 22:15:00,"$425,124.00"
11768,41758,9/20/2025 15:39:00,"$513,103.00"
11769,41759,9/29/2025 20:50:00,"$564,588.00"
11770,41762,9/17/2025 9:58:00,"$480,677.00"
11771,41764,9/25/2025 12:38:00,"$562,709.00"
11772,41769,9/20/2025 11:40:00,"$450,710.00"
11773,41771,9/23/2025 17:22:00,"$579,796.00"
11774,41774,9/21/2025 11:24:00,"$703,563.00"
11775,41779,9/25/2025 9:26:00,"$673,239.00"
11776,41799,10/1/2025 17:49:00,"$431,132.00"
11777,41804,9/22/2025 15:53:00,"$602,392.00"
11778,41805,9/17/2025 16:46:00,"$500,050.00"
11779,41806,9/20/2025 4:43:00,"$554,064.00"
11780,41809,9/21/2025 14:04:00,"$599,887.00"
11781,41813,9/20/2025 17:38:00,"$671,044.00"
11782,41814,9/25/2025 13:33:00,"$667,888.00"
11783,41818,9/24/2025 14:38:00,"$690,356.00"
11784,41823,9/29/2025 13:09:00,"$658,360.00"
11785,41825,9/18/2025 11:55:00,"$644,074.00"
11786,41829,9/27/2025 17:55:00,"$495,934.00"
11787,41834,9/22/2025 18:46:00,"$500,824.00"
11788,41836,9/25/2025 22:19:00,"$633,970.00"
11789,41839,9/18/2025 5:57:00,"$408,811.00"
11790,41840,9/19/2025 0:16:00,"$635,450.00"
11791,41846,9/21/2025 17:04:00,"$648,925.00"
11792,41850,9/20/2025 15:57:00,"$634,298.00"
11793,41851,9/25/2025 12:31:00,"$615,179.00"
11794,41852,9/25/2025 9:25:00,"$501,602.00"
11795,41853,9/20/2025 6:13:00,"$471,483.00"
11796,41857,9/23/2025 11:25:00,"$656,702.00"
11797,41858,9/18/2025 15:30:00,"$553,102.00"
11798,41863,9/22/2025 17:20:00,"$635,144.00"
11799,41866,9/18/2025 0:19:00,"$589,606.00"
11800,41867,9/28/2025 12:09:00,"$561,964.00"
11801,41871,9/28/2025 15:28:00,"$674,242.00"
11802,41890,9/23/2025 11:02:00,"$433,698.00"
11803,41897,9/24/2025 12:28:00,"$416,440.00"
11804,41901,9/21/2025 14:06:00,"$702,495.00"
11805,41902,9/27/2025 20:16:00,"$591,700.00"
11806,41909,9/25/2025 22:04:00,"$598,636.00"
11807,41910,9/27/2025 13:26:00,"$466,236.00"
11808,41914,9/24/2025 21:25:00,"$467,824.00"
11809,41916,9/24/2025 15:33:00,"$556,354.00"
11810,41920,9/23/2025 18:09:00,"$431,631.00"
11811,41921,9/30/2025 17:39:00,"$704,663.00"
11812,41926,9/20/2025 13:35:00,"$648,809.00"
11813,41927,9/22/2025 11:23:00,"$494,791.00"
11814,41928,9/24/2025 9:01:00,"$650,016.00"
11815,41934,9/30/2025 14:59:00,"$496,562.00"
11816,41940,9/25/2025 9:30:00,"$465,319.00"
11817,41941,10/1/2025 18:59:00,"$553,910.00"
11818,41946,9/21/2025 10:18:00,"$422,204.00"
11819,41950,9/30/2025 9:18:00,"$655,096.00"
11820,41953,9/27/2025 14:07:00,"$502,772.00"
11821,41958,9/20/2025 14:40:00,"$595,196.00"
11822,41961,10/4/2025 3:15:00,"$665,086.00"
11823,41964,9/23/2025 8:27:00,"$554,313.00"
11824,41966,10/1/2025 0:06:00,"$673,167.00"
11825,41967,9/18/2025 16:16:00,"$499,908.00"
11826,41975,9/23/2025 11:33:00,"$600,327.00"
11827,41976,9/21/2025 10:02:00,"$492,910.00"
11828,41978,9/26/2025 13:57:00,"$563,253.00"
11829,41985,9/23/2025 19:04:00,"$456,988.00"
11830,41986,9/22/2025 13:53:00,"$533,231.00"
11831,41988,9/27/2025 13:56:00,"$469,462.00"
11832,41993,9/23/2025 12:25:00,"$697,168.00"
11833,41994,9/21/2025 20:05:00,"$550,799.00"
11834,42005,9/22/2025 4:57:00,"$525,951.00"
11835,42007,9/20/2025 15:52:00,"$604,238.00"
11836,42014,9/29/2025 14:35:00,"$670,060.00"
11837,42015,9/28/2025 9:27:00,"$566,129.00"
11838,42016,9/28/2025 16:50:00,"$471,150.00"
11839,42017,9/25/2025 9:05:00,"$473,024.00"
11840,42018,9/25/2025 10:09:00,"$520,781.00"
11841,42023,9/23/2025 19:31:00,"$470,858.00"
11842,42024,9/27/2025 19:34:00,"$489,491.00"
11843,42025,9/23/2025 13:12:00,"$649,289.00"
11844,42027,9/21/2025 9:32:00,"$667,303.00"
11845,42033,9/21/2025 8:10:00,"$426,082.00"
11846,42040,9/25/2025 10:37:00,"$680,659.00"
11847,42042,9/20/2025 12:21:00,"$647,891.00"
11848,42045,10/2/2025 20:40:00,"$646,741.00"
11849,42046,9/24/2025 10:29:00,"$587,077.00"
11850,42047,9/25/2025 10:46:00,"$537,215.00"
11851,42048,9/28/2025 13:12:00,"$415,238.00"
11852,42050,9/20/2025 17:34:00,"$631,999.00"
11853,42053,9/25/2025 17:11:00,"$500,307.00"
11854,42055,9/21/2025 12:05:00,"$611,301.00"
11855,42056,9/28/2025 17:31:00,"$550,340.00"
11856,42058,9/27/2025 12:32:00,"$675,146.00"
11857,42059,9/23/2025 13:10:00,"$664,143.00"
11858,42063,9/28/2025 11:15:00,"$587,476.00"
11859,42069,9/22/2025 10:30:00,"$536,474.00"
11860,42075,10/2/2025 14:24:00,"$709,202.00"
11861,42081,9/28/2025 15:51:00,"$699,901.00"
11862,42082,9/21/2025 10:04:00,"$628,644.00"
11863,42089,9/20/2025 16:06:00,"$693,360.00"
11864,42090,9/21/2025 11:18:00,"$550,249.00"
11865,42091,9/28/2025 20:23:00,"$705,328.00"
11866,42096,9/22/2025 11:46:00,"$679,186.00"
11867,42100,9/20/2025 16:15:00,"$590,904.00"
11868,42110,9/22/2025 17:43:00,"$518,887.00"
11869,42122,9/21/2025 16:30:00,"$503,204.00"
11870,42125,9/22/2025 13:50:00,"$437,282.00"
11871,42127,9/22/2025 15:07:00,"$674,118.00"
11872,42130,9/21/2025 13:44:00,"$618,958.00"
11873,42133,9/21/2025 20:06:00,"$610,807.00"
11874,42136,9/24/2025 10:00:00,"$560,914.00"
11875,42144,9/27/2025 6:57:00,"$505,482.00"
11876,42146,9/23/2025 10:11:00,"$556,084.00"
11877,42152,9/29/2025 15:02:00,"$572,801.00"
11878,42159,9/22/2025 19:58:00,"$585,780.00"
11879,42161,9/25/2025 8:00:00,"$648,398.00"
11880,42167,9/30/2025 12:35:00,"$458,862.00"
11881,42168,10/1/2025 12:41:00,"$446,131.00"
11882,42172,9/28/2025 10:12:00,"$533,609.00"
11883,42180,9/24/2025 13:12:00,"$678,392.00"
11884,42182,9/23/2025 17:54:00,"$592,367.00"
11885,42186,9/28/2025 14:44:00,"$555,810.00"
11886,42187,9/20/2025 11:59:00,"$494,643.00"
11887,42189,9/30/2025 9:51:00,"$552,534.00"
11888,42193,9/23/2025 8:39:00,"$561,173.00"
11889,42199,9/24/2025 21:11:00,"$506,451.00"
11890,42207,9/24/2025 9:56:00,"$690,718.00"
11891,42209,9/25/2025 14:58:00,"$674,571.00"
11892,42214,9/23/2025 14:08:00,"$614,004.00"
11893,42219,9/20/2025 12:12:00,"$529,214.00"
11894,42222,9/21/2025 10:39:00,"$499,506.00"
11895,42223,9/27/2025 14:36:00,"$592,877.00"
11896,42228,9/28/2025 16:30:00,"$703,742.00"
11897,42229,9/28/2025 17:21:00,"$499,353.00"
11898,42237,9/23/2025 9:16:00,"$684,660.00"
11899,42240,10/1/2025 16:08:00,"$583,933.00"
11900,42242,9/27/2025 11:59:00,"$684,913.00"
11901,42244,9/21/2025 15:35:00,"$580,199.00"
11902,42248,9/25/2025 12:20:00,"$431,572.00"
11903,42250,9/25/2025 9:56:00,"$446,084.00"
11904,42251,9/22/2025 16:50:00,"$659,066.00"
11905,42257,9/26/2025 22:13:00,"$555,349.00"
11906,42262,9/20/2025 17:43:00,"$478,524.00"
11907,42263,9/22/2025 15:26:00,"$584,288.00"
11908,42266,9/27/2025 14:33:00,"$697,887.00"
11909,42268,9/24/2025 9:10:00,"$586,070.00"
11910,42270,9/28/2025 16:21:00,"$590,135.00"
11911,42274,9/22/2025 13:43:00,"$429,192.00"
11912,42276,9/25/2025 9:50:00,"$609,648.00"
11913,42278,10/1/2025 15:13:00,"$520,031.00"
11914,42279,9/24/2025 21:25:00,"$500,183.00"
11915,42281,9/22/2025 20:43:00,"$562,859.00"
11916,42283,9/25/2025 16:09:00,"$559,378.00"
11917,42284,9/20/2025 13:00:00,"$471,197.00"
11918,42290,9/24/2025 15:43:00,"$453,495.00"
11919,42292,9/30/2025 12:19:00,"$507,715.00"
11920,42293,9/23/2025 20:38:00,"$481,857.00"
11921,42295,9/22/2025 11:21:00,"$611,558.00"
11922,42301,9/23/2025 9:46:00,"$530,238.00"
11923,42303,9/24/2025 22:47:00,"$509,983.00"
11924,42306,9/24/2025 13:08:00,"$536,591.00"
11925,42307,9/28/2025 8:39:00,"$618,672.00"
11926,42310,9/29/2025 15:24:00,"$556,767.00"
11927,42313,9/30/2025 11:40:00,"$492,192.00"
11928,42315,9/21/2025 14:16:00,"$681,612.00"
11929,42320,9/27/2025 18:19:00,"$477,923.00"
11930,42329,9/24/2025 22:18:00,"$519,553.00"
11931,42330,9/22/2025 18:22:00,"$559,739.00"
11932,42334,9/24/2025 14:10:00,"$540,514.00"
11933,42336,9/21/2025 12:51:00,"$561,982.00"
11934,42337,9/23/2025 13:26:00,"$445,519.00"
11935,42340,9/24/2025 17:28:00,"$539,718.00"
11936,42343,9/23/2025 10:13:00,"$656,474.00"
11937,42344,10/1/2025 13:16:00,"$498,845.00"
11938,42360,9/30/2025 14:25:00,"$629,958.00"
11939,42361,9/21/2025 11:07:00,"$688,651.00"
11940,42366,9/23/2025 18:01:00,"$413,352.00"
11941,42367,9/22/2025 15:40:00,"$480,153.00"
11942,42368,9/27/2025 8:40:00,"$623,100.00"
11943,42370,9/29/2025 12:34:00,"$609,398.00"
11944,42371,9/27/2025 15:34:00,"$698,671.00"
11945,42372,9/28/2025 10:46:00,"$430,355.00"
11946,42374,10/1/2025 8:53:00,"$649,152.00"
11947,42376,9/29/2025 16:15:00,"$588,067.00"
11948,42380,10/1/2025 15:00:00,"$613,313.00"
11949,42383,9/21/2025 9:58:00,"$523,077.00"
11950,42392,9/24/2025 17:50:00,"$539,766.00"
11951,42396,10/1/2025 9:59:00,"$437,425.00"
11952,42402,9/30/2025 12:23:00,"$541,399.00"
11953,42411,9/27/2025 22:22:00,"$595,531.00"
11954,42412,9/25/2025 9:23:00,"$501,224.00"
11955,42413,9/29/2025 16:16:00,"$425,272.00"
11956,42415,9/30/2025 13:31:00,"$424,768.00"
11957,42417,9/28/2025 17:42:00,"$675,826.00"
11958,42418,10/6/2025 7:21:00,"$710,037.00"
11959,42421,9/29/2025 17:19:00,"$481,909.00"
11960,42422,10/1/2025 18:21:00,"$435,673.00"
11961,42427,9/28/2025 11:46:00,"$628,248.00"
11962,42429,9/27/2025 15:08:00,"$445,391.00"
11963,42430,9/21/2025 16:08:00,"$650,666.00"
11964,42437,10/2/2025 13:32:00,"$508,339.00"
11965,42439,9/29/2025 19:56:00,"$592,435.00"
11966,42442,9/27/2025 19:42:00,"$607,778.00"
11967,42445,9/30/2025 9:30:00,"$441,774.00"
11968,42448,9/25/2025 15:01:00,"$659,438.00"
11969,42449,9/27/2025 10:23:00,"$411,675.00"
11970,42452,9/23/2025 15:07:00,"$522,196.00"
11971,42454,9/23/2025 13:37:00,"$660,048.00"
11972,42457,9/25/2025 12:35:00,"$577,537.00"
11973,42459,9/25/2025 15:16:00,"$522,121.00"
11974,42460,10/4/2025 4:35:00,"$710,368.00"
11975,42462,10/1/2025 17:10:00,"$464,518.00"
11976,42468,9/29/2025 13:12:00,"$665,476.00"
11977,42470,9/23/2025 16:01:00,"$473,119.00"
11978,42471,9/27/2025 17:51:00,"$665,957.00"
11979,42473,9/24/2025 17:23:00,"$456,924.00"
11980,42476,10/2/2025 9:05:00,"$450,056.00"
11981,42478,9/24/2025 1:50:00,"$567,510.00"
11982,42480,9/28/2025 14:22:00,"$617,529.00"
11983,42486,9/27/2025 15:46:00,"$516,570.00"
11984,42487,9/28/2025 3:38:00,"$585,321.00"
11985,42490,10/5/2025 11:49:00,"$554,377.00"
11986,42501,9/27/2025 21:39:00,"$655,866.00"
11987,42508,9/23/2025 16:05:00,"$617,736.00"
11988,42510,10/1/2025 19:31:00,"$478,019.00"
11989,42514,9/25/2025 13:11:00,"$442,787.00"
11990,42515,9/25/2025 9:31:00,"$583,039.00"
11991,42516,9/23/2025 15:38:00,"$452,941.00"
11992,42519,9/23/2025 9:20:00,"$526,299.00"
11993,42520,9/23/2025 16:56:00,"$616,832.00"
11994,42522,9/29/2025 13:30:00,"$659,447.00"
11995,42532,9/30/2025 11:19:00,"$479,052.00"
11996,42533,10/1/2025 15:09:00,"$696,742.00"
11997,42539,9/25/2025 10:39:00,"$651,825.00"
11998,42547,9/29/2025 20:41:00,"$450,913.00"
11999,42549,10/4/2025 15:44:00,"$610,951.00"
12000,42553,10/2/2025 15:05:00,"$672,972.00"
12001,42561,9/27/2025 20:26:00,"$434,615.00"
12002,42563,10/1/2025 9:25:00,"$700,323.00"
12003,42565,9/23/2025 11:18:00,"$661,354.00"
12004,42568,9/22/2025 10:04:00,"$635,647.00"
12005,42569,10/5/2025 17:46:00,"$634,690.00"
12006,42585,9/24/2025 11:00:00,"$581,016.00"
12007,42590,9/24/2025 8:19:00,"$665,853.00"
12008,42597,10/4/2025 13:06:00,"$510,517.00"
12009,42600,9/25/2025 11:35:00,"$471,112.00"
12010,42604,9/22/2025 15:58:00,"$555,144.00"
12011,42606,9/29/2025 17:31:00,"$478,769.00"
12012,42609,9/26/2025 23:23:00,"$474,958.00"
12013,42613,9/24/2025 0:04:00,"$410,261.00"
12014,42615,9/30/2025 12:08:00,"$535,451.00"
12015,42622,10/4/2025 17:32:00,"$629,377.00"
12016,42625,9/27/2025 13:58:00,"$651,122.00"
12017,42628,9/29/2025 14:12:00,"$536,333.00"
12018,42629,9/27/2025 17:07:00,"$583,796.00"
12019,42636,9/24/2025 14:03:00,"$548,829.00"
12020,42643,10/2/2025 8:29:00,"$722,684.00"
12021,42649,9/30/2025 16:18:00,"$549,590.00"
12022,42650,9/27/2025 0:25:00,"$476,823.00"
12023,42651,9/25/2025 9:03:00,"$459,885.00"
12024,42652,9/27/2025 9:07:00,"$552,738.00"
12025,42665,9/30/2025 9:02:00,"$487,979.00"
12026,42667,10/1/2025 13:01:00,"$462,125.00"
12027,42670,10/6/2025 6:35:00,"$587,838.00"
12028,42675,9/25/2025 17:08:00,"$419,234.00"
12029,42677,9/28/2025 15:20:00,"$504,068.00"
12030,42678,9/28/2025 11:05:00,"$464,073.00"
12031,42681,9/24/2025 17:31:00,"$605,012.00"
12032,42682,10/2/2025 11:14:00,"$728,174.00"
12033,42686,10/6/2025 16:35:00,"$454,827.00"
12034,42696,10/4/2025 7:53:00,"$531,615.00"
12035,42700,9/29/2025 10:45:00,"$413,650.00"
12036,42711,9/29/2025 16:33:00,"$511,335.00"
12037,42715,9/28/2025 12:10:00,"$644,688.00"
12038,42716,9/26/2025 10:55:00,"$572,660.00"
12039,42717,9/28/2025 17:49:00,"$659,799.00"
12040,42719,9/26/2025 15:28:00,"$454,680.00"
12041,42720,10/2/2025 21:10:00,"$496,450.00"
12042,42722,10/2/2025 8:34:00,"$470,834.00"
12043,42725,10/4/2025 10:54:00,"$530,474.00"
12044,42728,9/30/2025 13:37:00,"$506,463.00"
12045,42731,10/2/2025 16:55:00,"$480,971.00"
12046,42740,9/26/2025 5:05:00,"$624,811.00"
12047,42744,9/29/2025 14:57:00,"$683,577.00"
12048,42748,10/2/2025 20:09:00,"$443,436.00"
12049,42751,9/23/2025 18:19:00,"$524,209.00"
12050,42761,10/2/2025 19:48:00,"$462,362.00"
12051,42767,10/5/2025 16:21:00,"$581,534.00"
12052,42768,9/29/2025 16:19:00,"$677,371.00"
12053,42774,9/29/2025 11:05:00,"$580,862.00"
12054,42777,9/27/2025 19:25:00,"$669,570.00"
12055,42778,9/25/2025 9:53:00,"$473,016.00"
12056,42779,9/27/2025 13:01:00,"$462,637.00"
12057,42783,10/1/2025 11:13:00,"$447,147.00"
12058,42784,9/24/2025 4:55:00,"$594,739.00"
12059,42787,9/29/2025 7:36:00,"$699,446.00"
12060,42789,9/28/2025 11:08:00,"$421,266.00"
12061,42791,10/2/2025 18:12:00,"$641,251.00"
12062,42792,9/27/2025 11:38:00,"$408,479.00"
12063,42800,9/30/2025 13:18:00,"$677,492.00"
12064,42801,10/7/2025 12:15:00,"$516,695.00"
12065,42805,10/6/2025 15:39:00,"$565,695.00"
12066,42809,9/27/2025 9:26:00,"$520,067.00"
12067,42810,9/28/2025 12:45:00,"$703,737.00"
12068,42815,10/1/2025 20:33:00,"$601,497.00"
12069,42816,9/29/2025 14:59:00,"$517,111.00"
12070,42817,9/25/2025 13:03:00,"$542,157.00"
12071,42829,10/3/2025 8:24:00,"$639,263.00"
12072,42832,10/4/2025 9:59:00,"$603,064.00"
12073,42835,9/28/2025 9:04:00,"$570,608.00"
12074,42839,10/7/2025 14:51:00,"$605,640.00"
12075,42848,9/27/2025 17:21:00,"$599,071.00"
12076,42858,10/5/2025 8:35:00,"$484,274.00"
12077,42861,9/25/2025 13:39:00,"$551,989.00"
12078,42862,10/8/2025 12:47:00,"$686,228.00"
12079,42864,10/2/2025 9:25:00,"$472,413.00"
12080,42880,9/25/2025 22:38:00,"$410,269.00"
12081,42882,10/6/2025 2:50:00,"$611,672.00"
12082,42891,10/6/2025 10:51:00,"$675,700.00"
12083,42892,10/1/2025 15:45:00,"$521,046.00"
12084,42893,9/29/2025 16:59:00,"$546,720.00"
12085,42896,9/28/2025 17:23:00,"$564,353.00"
12086,42897,10/4/2025 16:39:00,"$594,067.00"
12087,42910,10/1/2025 4:48:00,"$698,750.00"
12088,42915,9/29/2025 13:33:00,"$478,378.00"
12089,42918,10/2/2025 10:49:00,"$568,397.00"
12090,42921,10/5/2025 10:06:00,"$478,074.00"
12091,42924,9/29/2025 8:57:00,"$581,255.00"
12092,42926,10/2/2025 17:48:00,"$575,743.00"
12093,42930,10/1/2025 17:04:00,"$634,414.00"
12094,42931,10/5/2025 15:19:00,"$611,999.00"
12095,42932,10/6/2025 16:00:00,"$665,198.00"
12096,42933,9/27/2025 13:25:00,"$687,768.00"
12097,42938,10/1/2025 11:52:00,"$450,106.00"
12098,42941,9/30/2025 12:09:00,"$561,745.00"
12099,42942,9/25/2025 23:13:00,"$459,648.00"
12100,42943,10/6/2025 10:26:00,"$597,397.00"
12101,42944,9/29/2025 13:35:00,"$458,797.00"
12102,42945,10/7/2025 15:41:00,"$718,220.00"
12103,42947,9/30/2025 12:28:00,"$444,401.00"
12104,42951,9/28/2025 16:39:00,"$549,758.00"
12105,42954,10/1/2025 18:58:00,"$472,139.00"
12106,42955,10/7/2025 14:44:00,"$521,972.00"
12107,42960,9/30/2025 9:32:00,"$605,950.00"
12108,42966,10/1/2025 7:28:00,"$524,547.00"
12109,42970,9/29/2025 10:19:00,"$474,941.00"
12110,42971,9/30/2025 16:52:00,"$640,203.00"
12111,42975,9/29/2025 23:05:00,"$702,544.00"
12112,42976,9/27/2025 17:49:00,"$430,287.00"
12113,42983,9/28/2025 17:25:00,"$422,794.00"
12114,42984,10/4/2025 19:16:00,"$570,869.00"
12115,42985,9/25/2025 17:37:00,"$621,544.00"
12116,42989,10/5/2025 2:55:00,"$500,100.00"
12117,42994,10/7/2025 12:58:00,"$535,316.00"
12118,42996,9/28/2025 10:56:00,"$554,029.00"
12119,43000,9/25/2025 1:30:00,"$566,575.00"
12120,43001,10/6/2025 17:55:00,"$430,463.00"
12121,43003,9/25/2025 15:46:00,"$433,870.00"
12122,43005,9/29/2025 15:25:00,"$442,784.00"
12123,43006,10/1/2025 13:08:00,"$509,449.00"
12124,43007,9/28/2025 7:51:00,"$485,642.00"
12125,43009,9/29/2025 9:06:00,"$463,389.00"
12126,43012,9/29/2025 13:44:00,"$586,183.00"
12127,43013,9/28/2025 4:09:00,"$669,140.00"
12128,43014,9/29/2025 13:25:00,"$533,266.00"
12129,43017,10/2/2025 9:35:00,"$621,113.00"
12130,43018,9/27/2025 14:53:00,"$519,895.00"
12131,43019,9/27/2025 10:11:00,"$560,560.00"
12132,43020,9/29/2025 14:23:00,"$582,516.00"
12133,43021,9/28/2025 17:18:00,"$501,689.00"
12134,43025,10/8/2025 1:37:00,"$467,252.00"
12135,43039,9/29/2025 9:22:00,"$530,003.00"
12136,43052,10/2/2025 11:00:00,"$608,246.00"
12137,43053,10/2/2025 9:11:00,"$541,115.00"
12138,43058,9/28/2025 2:04:00,"$655,600.00"
12139,43059,9/27/2025 23:55:00,"$445,255.00"
12140,43063,9/29/2025 8:41:00,"$512,601.00"
12141,43065,9/29/2025 16:52:00,"$468,493.00"
12142,43066,9/25/2025 19:29:00,"$485,233.00"
12143,43068,9/30/2025 14:04:00,"$671,940.00"
12144,43071,10/1/2025 14:58:00,"$685,783.00"
12145,43079,10/8/2025 13:00:00,"$489,218.00"
12146,43080,9/27/2025 9:26:00,"$439,734.00"
12147,43087,9/29/2025 13:52:00,"$521,729.00"
12148,43091,10/4/2025 9:16:00,"$720,909.00"
12149,43095,9/29/2025 18:45:00,"$472,588.00"
12150,43098,10/2/2025 13:48:00,"$535,166.00"
12151,43105,9/25/2025 11:52:00,"$442,035.00"
12152,43106,10/9/2025 20:07:00,"$462,667.00"
12153,43113,9/28/2025 13:49:00,"$552,808.00"
12154,43114,10/7/2025 10:39:00,"$533,960.00"
12155,43116,10/7/2025 14:02:00,"$565,935.00"
12156,43117,9/27/2025 16:02:00,"$623,203.00"
12157,43122,9/30/2025 11:51:00,"$408,968.00"
12158,43123,9/29/2025 20:47:00,"$684,530.00"
12159,43129,9/28/2025 11:44:00,"$575,403.00"
12160,43130,9/30/2025 0:56:00,"$411,790.00"
12161,43131,10/2/2025 15:08:00,"$662,996.00"
12162,43133,10/4/2025 16:23:00,"$476,141.00"
12163,43135,10/4/2025 9:34:00,"$492,981.00"
12164,43143,10/5/2025 2:35:00,"$510,244.00"
12165,43144,10/4/2025 12:40:00,"$697,910.00"
12166,43149,9/29/2025 14:06:00,"$488,377.00"
12167,43154,10/6/2025 14:31:00,"$613,828.00"
12168,43157,10/4/2025 16:29:00,"$470,366.00"
12169,43167,9/28/2025 14:17:00,"$508,287.00"
12170,43168,10/6/2025 11:20:00,"$524,082.00"
12171,43169,10/3/2025 14:10:00,"$602,820.00"
12172,43170,10/4/2025 12:37:00,"$617,578.00"
12173,43171,9/30/2025 10:09:00,"$601,670.00"
12174,43172,10/5/2025 11:20:00,"$577,495.00"
12175,43174,9/29/2025 10:36:00,"$629,498.00"
12176,43176,9/30/2025 15:23:00,"$618,476.00"
12177,43180,10/8/2025 13:04:00,"$461,815.00"
12178,43184,9/25/2025 16:36:00,"$550,481.00"
12179,43190,10/1/2025 10:26:00,"$614,341.00"
12180,43192,9/27/2025 16:23:00,"$529,792.00"
12181,43193,9/29/2025 15:43:00,"$625,349.00"
12182,43194,9/27/2025 10:56:00,"$571,947.00"
12183,43195,10/4/2025 4:47:00,"$456,729.00"
12184,43200,9/29/2025 14:50:00,"$621,672.00"
12185,43201,10/1/2025 15:45:00,"$553,003.00"
12186,43204,10/4/2025 9:59:00,"$648,441.00"
12187,43206,10/8/2025 10:50:00,"$480,819.00"
12188,43214,10/2/2025 17:28:00,"$695,673.00"
12189,43215,10/1/2025 15:26:00,"$714,000.00"
12190,43216,9/27/2025 12:34:00,"$501,393.00"
12191,43219,10/1/2025 13:37:00,"$448,382.00"
12192,43226,9/29/2025 7:14:00,"$685,557.00"
12193,43232,10/6/2025 11:20:00,"$702,682.00"
12194,43237,9/28/2025 16:08:00,"$640,274.00"
12195,43243,9/30/2025 12:43:00,"$408,265.00"
12196,43246,9/30/2025 11:01:00,"$441,348.00"
12197,43257,10/4/2025 9:38:00,"$648,945.00"
12198,43260,9/29/2025 9:41:00,"$657,676.00"
12199,43261,10/8/2025 15:17:00,"$719,125.00"
12200,43262,10/4/2025 12:39:00,"$717,209.00"
12201,43266,10/6/2025 9:10:00,"$601,147.00"
12202,43267,10/7/2025 15:13:00,"$604,262.00"
12203,43273,10/2/2025 9:15:00,"$469,230.00"
12204,43275,10/5/2025 13:46:00,"$573,720.00"
12205,43277,10/4/2025 16:49:00,"$605,065.00"
12206,43278,10/4/2025 11:01:00,"$699,645.00"
12207,43282,9/29/2025 17:48:00,"$643,189.00"
12208,43292,10/2/2025 14:05:00,"$479,288.00"
12209,43296,10/4/2025 20:04:00,"$518,088.00"
12210,43298,9/30/2025 12:54:00,"$603,994.00"
12211,43302,9/28/2025 13:18:00,"$501,834.00"
12212,43304,9/27/2025 10:03:00,"$690,830.00"
12213,43318,10/8/2025 9:17:00,"$494,744.00"
12214,43326,10/1/2025 14:14:00,"$696,739.00"
12215,43327,10/2/2025 11:17:00,"$542,553.00"
12216,43330,9/30/2025 16:22:00,"$641,153.00"
12217,43331,10/1/2025 11:59:00,"$519,211.00"
12218,43332,10/11/2025 8:46:00,"$534,354.00"
12219,43341,9/27/2025 14:36:00,"$544,756.00"
12220,43343,10/4/2025 11:01:00,"$550,526.00"
12221,43346,10/2/2025 9:07:00,"$657,931.00"
12222,43348,10/5/2025 0:11:00,"$533,004.00"
12223,43349,10/1/2025 2:40:00,"$710,474.00"
12224,43352,10/9/2025 13:30:00,"$677,938.00"
12225,43358,9/30/2025 14:55:00,"$637,178.00"
12226,43361,9/28/2025 14:48:00,"$579,706.00"
12227,43363,10/5/2025 19:20:00,"$589,910.00"
12228,43364,9/30/2025 10:50:00,"$578,522.00"
12229,43365,10/2/2025 11:01:00,"$653,158.00"
12230,43367,9/27/2025 14:57:00,"$498,494.00"
12231,43369,9/30/2025 11:53:00,"$488,607.00"
12232,43370,10/9/2025 6:28:00,"$621,311.00"
12233,43383,10/5/2025 13:21:00,"$642,377.00"
12234,43387,10/6/2025 13:41:00,"$560,004.00"
12235,43388,10/6/2025 15:27:00,"$608,580.00"
12236,43389,10/6/2025 16:22:00,"$586,082.00"
12237,43398,10/1/2025 5:13:00,"$487,686.00"
12238,43400,10/1/2025 12:03:00,"$576,573.00"
12239,43401,10/8/2025 10:45:00,"$669,779.00"
12240,43402,10/5/2025 17:21:00,"$607,034.00"
12241,43404,10/1/2025 11:58:00,"$502,929.00"
12242,43405,10/6/2025 17:26:00,"$630,496.00"
12243,43406,9/28/2025 16:44:00,"$581,431.00"
12244,43408,10/6/2025 15:15:00,"$651,468.00"
12245,43417,10/1/2025 7:59:00,"$576,761.00"
12246,43421,10/8/2025 9:42:00,"$594,425.00"
12247,43422,10/5/2025 15:43:00,"$546,294.00"
12248,43428,10/7/2025 16:32:00,"$501,689.00"
12249,43437,10/2/2025 9:00:00,"$728,095.00"
12250,43441,10/5/2025 15:27:00,"$454,154.00"
12251,43442,10/7/2025 10:12:00,"$453,703.00"
12252,43445,10/5/2025 12:35:00,"$629,810.00"
12253,43452,10/5/2025 11:17:00,"$450,705.00"
12254,43458,10/11/2025 16:02:00,"$692,170.00"
12255,43463,9/29/2025 15:34:00,"$428,091.00"
12256,43467,9/28/2025 16:29:00,"$673,442.00"
12257,43471,9/28/2025 15:57:00,"$701,635.00"
12258,43472,10/9/2025 10:37:00,"$540,305.00"
12259,43473,10/2/2025 12:43:00,"$459,581.00"
12260,43475,10/1/2025 13:07:00,"$555,015.00"
12261,43476,10/7/2025 10:02:00,"$720,502.00"
12262,43479,9/29/2025 14:07:00,"$531,404.00"
12263,43481,10/8/2025 11:55:00,"$593,863.00"
12264,43482,9/29/2025 11:56:00,"$668,225.00"
12265,43485,9/28/2025 15:19:00,"$520,505.00"
12266,43488,10/2/2025 7:12:00,"$651,272.00"
12267,43492,10/7/2025 16:18:00,"$675,344.00"
12268,43493,10/4/2025 11:30:00,"$478,426.00"
12269,43495,9/30/2025 13:12:00,"$566,701.00"
12270,43497,10/1/2025 9:00:00,"$545,774.00"
12271,43502,10/7/2025 15:15:00,"$658,523.00"
12272,43511,10/11/2025 14:23:00,"$435,829.00"
12273,43512,10/7/2025 14:27:00,"$438,381.00"
12274,43522,9/30/2025 13:16:00,"$692,110.00"
12275,43527,10/4/2025 20:45:00,"$618,788.00"
12276,43529,10/9/2025 14:13:00,"$658,674.00"
12277,43531,10/2/2025 4:32:00,"$645,764.00"
12278,43533,9/28/2025 15:52:00,"$578,793.00"
12279,43534,10/1/2025 18:43:00,"$713,616.00"
12280,43536,10/5/2025 13:46:00,"$491,182.00"
12281,43539,10/5/2025 15:44:00,"$560,235.00"
12282,43543,10/4/2025 9:51:00,"$670,572.00"
12283,43545,10/7/2025 17:38:00,"$629,643.00"
12284,43549,10/4/2025 18:57:00,"$547,842.00"
12285,43550,10/4/2025 7:40:00,"$485,125.00"
12286,43551,10/2/2025 17:42:00,"$519,265.00"
12287,43565,10/7/2025 16:26:00,"$553,282.00"
12288,43567,10/2/2025 17:42:00,"$573,283.00"
12289,43572,10/8/2025 13:34:00,"$661,418.00"
12290,43574,10/11/2025 13:04:00,"$703,968.00"
12291,43575,9/28/2025 11:04:00,"$630,512.00"
12292,43576,10/1/2025 8:49:00,"$682,569.00"
12293,43579,10/11/2025 8:58:00,"$517,194.00"
12294,43586,10/4/2025 10:24:00,"$655,309.00"
12295,43587,10/2/2025 6:26:00,"$694,329.00"
12296,43588,9/28/2025 12:57:00,"$473,448.00"
12297,43590,10/7/2025 11:45:00,"$478,128.00"
12298,43595,10/5/2025 15:35:00,"$667,092.00"
12299,43596,10/2/2025 16:32:00,"$490,161.00"
12300,43597,9/29/2025 10:14:00,"$611,378.00"
12301,43599,10/2/2025 10:24:00,"$559,772.00"
12302,43605,10/13/2025 13:42:00,"$557,323.00"
12303,43606,10/2/2025 13:28:00,"$542,394.00"
12304,43607,10/1/2025 11:26:00,"$705,691.00"
12305,43608,10/5/2025 18:45:00,"$517,334.00"
12306,43610,9/29/2025 21:33:00,"$626,032.00"
12307,43612,10/6/2025 13:45:00,"$489,759.00"
12308,43613,10/5/2025 14:14:00,"$699,514.00"
12309,43616,9/29/2025 20:10:00,"$671,647.00"
12310,43617,10/8/2025 10:48:00,"$518,913.00"
12311,43624,10/6/2025 10:55:00,"$578,489.00"
12312,43625,10/2/2025 13:57:00,"$463,887.00"
12313,43630,9/28/2025 16:34:00,"$432,365.00"
12314,43634,9/30/2025 15:55:00,"$490,956.00"
12315,43638,10/16/2025 15:40:00,"$476,683.00"
12316,43639,10/7/2025 16:22:00,"$585,233.00"
12317,43648,10/2/2025 9:02:00,"$659,022.00"
12318,43650,10/1/2025 20:50:00,"$642,304.00"
12319,43651,9/29/2025 12:53:00,"$578,572.00"
12320,43653,10/8/2025 8:38:00,"$482,215.00"
12321,43654,10/9/2025 14:42:00,"$580,700.00"
12322,43655,9/30/2025 19:54:00,"$586,905.00"
12323,43660,10/1/2025 9:58:00,"$721,721.00"
12324,43662,10/6/2025 17:04:00,"$509,342.00"
12325,43667,10/1/2025 13:11:00,"$722,825.00"
12326,43668,10/5/2025 10:18:00,"$690,317.00"
12327,43670,10/6/2025 17:09:00,"$501,194.00"
12328,43675,10/6/2025 17:53:00,"$601,306.00"
12329,43676,10/8/2025 11:33:00,"$664,825.00"
12330,43678,10/2/2025 18:16:00,"$574,185.00"
12331,43682,10/4/2025 11:44:00,"$587,011.00"
12332,43688,10/5/2025 17:06:00,"$463,801.00"
12333,43695,10/6/2025 11:49:00,"$719,353.00"
12334,43696,10/4/2025 8:15:00,"$463,087.00"
12335,43697,10/7/2025 11:39:00,"$671,881.00"
12336,43700,10/8/2025 6:16:00,"$575,950.00"
12337,43704,10/12/2025 10:19:00,"$432,244.00"
12338,43705,10/3/2025 17:23:00,"$567,193.00"
12339,43706,10/3/2025 19:13:00,"$546,474.00"
12340,43709,10/1/2025 16:59:00,"$556,416.00"
12341,43713,10/7/2025 15:13:00,"$519,375.00"
12342,43714,10/1/2025 12:58:00,"$559,464.00"
12343,43716,10/7/2025 10:28:00,"$658,865.00"
12344,43724,10/3/2025 4:32:00,"$533,308.00"
12345,43726,10/1/2025 13:55:00,"$542,887.00"
12346,43732,10/7/2025 12:54:00,"$726,863.00"
12347,43741,10/4/2025 10:43:00,"$613,695.00"
12348,43743,10/7/2025 14:39:00,"$699,738.00"
12349,43755,10/2/2025 7:04:00,"$546,040.00"
12350,43756,10/13/2025 0:22:00,"$522,110.00"
12351,43761,10/4/2025 19:36:00,"$684,434.00"
12352,43764,10/7/2025 14:20:00,"$669,138.00"
12353,43765,10/5/2025 2:47:00,"$641,998.00"
12354,43767,9/30/2025 11:20:00,"$651,869.00"
12355,43770,10/5/2025 9:18:00,"$579,787.00"
12356,43771,10/6/2025 3:09:00,"$617,764.00"
12357,43773,10/1/2025 16:39:00,"$519,506.00"
12358,43777,10/7/2025 11:52:00,"$591,700.00"
12359,43778,10/8/2025 17:01:00,"$586,567.00"
12360,43781,10/11/2025 17:08:00,"$712,174.00"
12361,43786,10/7/2025 11:13:00,"$541,095.00"
12362,43787,10/4/2025 12:37:00,"$651,461.00"
12363,43788,10/1/2025 13:55:00,"$664,671.00"
12364,43789,10/1/2025 17:57:00,"$506,014.00"
12365,43794,10/12/2025 12:38:00,"$463,111.00"
12366,43799,10/7/2025 15:42:00,"$679,817.00"
12367,43800,9/30/2025 13:14:00,"$558,617.00"
12368,43801,10/4/2025 14:18:00,"$486,194.00"
12369,43807,10/4/2025 17:00:00,"$663,987.00"
12370,43809,10/7/2025 12:08:00,"$687,687.00"
12371,43813,10/7/2025 9:50:00,"$443,241.00"
12372,43819,10/8/2025 13:22:00,"$519,362.00"
12373,43821,10/5/2025 11:37:00,"$631,843.00"
12374,43822,10/2/2025 9:34:00,"$702,042.00"
12375,43824,10/6/2025 15:57:00,"$727,605.00"
12376,43830,10/3/2025 17:39:00,"$608,691.00"
12377,43835,10/9/2025 22:33:00,"$556,588.00"
12378,43838,10/4/2025 13:41:00,"$503,495.00"
12379,43839,10/6/2025 17:58:00,"$599,827.00"
12380,43840,10/2/2025 17:33:00,"$601,185.00"
12381,43841,10/8/2025 16:05:00,"$480,083.00"
12382,43842,10/5/2025 11:03:00,"$532,835.00"
12383,43849,10/1/2025 10:17:00,"$556,234.00"
12384,43850,10/11/2025 12:07:00,"$582,177.00"
12385,43851,10/2/2025 12:17:00,"$576,677.00"
12386,43855,10/7/2025 10:58:00,"$492,186.00"
12387,43857,10/1/2025 9:55:00,"$493,974.00"
12388,43858,10/1/2025 10:00:00,"$435,014.00"
12389,43866,10/6/2025 14:41:00,"$569,633.00"
12390,43868,10/8/2025 15:15:00,"$693,443.00"
12391,43870,10/13/2025 10:47:00,"$437,211.00"
12392,43872,10/4/2025 0:26:00,"$521,598.00"
12393,43875,10/6/2025 11:16:00,"$547,298.00"
12394,43877,10/5/2025 18:41:00,"$658,646.00"
12395,43882,10/8/2025 13:35:00,"$464,922.00"
12396,43883,10/4/2025 14:46:00,"$519,629.00"
12397,43885,10/8/2025 17:24:00,"$656,338.00"
12398,43889,10/3/2025 14:29:00,"$714,887.00"
12399,43890,10/4/2025 14:45:00,"$672,553.00"
12400,43892,10/4/2025 8:47:00,"$582,244.00"
12401,43897,10/8/2025 21:36:00,"$712,260.00"
12402,43904,10/7/2025 17:19:00,"$440,952.00"
12403,43915,10/12/2025 12:42:00,"$682,952.00"
12404,43917,10/8/2025 12:06:00,"$449,831.00"
12405,43921,10/2/2025 11:51:00,"$569,561.00"
12406,43923,10/9/2025 9:41:00,"$565,011.00"
12407,43924,10/13/2025 13:25:00,"$466,381.00"
12408,43927,10/8/2025 13:23:00,"$526,135.00"
12409,43928,10/8/2025 12:21:00,"$560,877.00"
12410,43929,9/30/2025 18:16:00,"$542,692.00"
12411,43931,10/4/2025 14:35:00,"$670,904.00"
12412,43936,10/4/2025 16:43:00,"$566,222.00"
12413,43940,10/4/2025 12:36:00,"$661,146.00"
12414,43941,10/7/2025 12:44:00,"$592,858.00"
12415,43945,10/6/2025 12:37:00,"$538,005.00"
12416,43946,10/6/2025 14:18:00,"$651,475.00"
12417,43949,10/2/2025 15:25:00,"$706,832.00"
12418,43950,10/12/2025 11:32:00,"$713,677.00"
12419,43956,10/6/2025 8:51:00,"$677,517.00"
12420,43959,10/4/2025 23:40:00,"$526,769.00"
12421,43962,10/2/2025 9:15:00,"$453,429.00"
12422,43964,10/1/2025 15:29:00,"$599,659.00"
12423,43965,10/11/2025 13:15:00,"$447,611.00"
12424,43967,10/5/2025 11:06:00,"$609,584.00"
12425,43971,10/8/2025 11:30:00,"$694,007.00"
12426,43974,10/2/2025 10:45:00,"$574,013.00"
12427,43977,10/8/2025 10:45:00,"$559,430.00"
12428,43982,10/5/2025 12:18:00,"$489,337.00"
12429,43983,10/8/2025 17:45:00,"$456,550.00"
12430,43985,10/2/2025 9:35:00,"$492,909.00"
12431,43986,10/11/2025 13:36:00,"$665,275.00"
12432,43987,10/9/2025 23:19:00,"$531,003.00"
12433,43988,10/7/2025 8:48:00,"$529,452.00"
12434,43991,10/9/2025 4:06:00,"$524,095.00"
12435,44000,10/4/2025 15:35:00,"$656,811.00"
12436,44002,10/1/2025 10:39:00,"$692,437.00"
12437,44011,10/2/2025 1:25:00,"$544,153.00"
12438,44017,10/12/2025 12:54:00,"$580,057.00"
12439,44020,10/4/2025 10:40:00,"$671,466.00"
12440,44030,10/9/2025 12:16:00,"$689,819.00"
12441,44034,10/7/2025 9:21:00,"$598,792.00"
12442,44037,10/5/2025 14:55:00,"$604,096.00"
12443,44038,10/7/2025 14:19:00,"$529,403.00"
12444,44041,10/5/2025 13:10:00,"$486,214.00"
12445,44042,10/4/2025 13:32:00,"$728,081.00"
12446,44046,10/9/2025 18:05:00,"$591,591.00"
12447,44048,10/4/2025 16:02:00,"$432,147.00"
12448,44056,10/14/2025 10:58:00,"$685,654.00"
12449,44058,10/5/2025 9:56:00,"$503,875.00"
12450,44063,10/5/2025 13:44:00,"$483,841.00"
12451,44071,10/9/2025 10:31:00,"$647,610.00"
12452,44073,10/6/2025 13:17:00,"$563,834.00"
12453,44075,10/5/2025 20:41:00,"$448,516.00"
12454,44079,10/9/2025 11:15:00,"$447,700.00"
12455,44086,10/6/2025 12:09:00,"$679,640.00"
12456,44092,10/2/2025 15:06:00,"$478,875.00"
12457,44097,10/6/2025 19:05:00,"$624,407.00"
12458,44098,10/6/2025 20:14:00,"$700,801.00"
12459,44104,10/14/2025 11:10:00,"$463,927.00"
12460,44105,10/7/2025 11:19:00,"$682,947.00"
12461,44108,10/8/2025 12:25:00,"$520,236.00"
12462,44109,10/12/2025 17:45:00,"$674,010.00"
12463,44111,10/11/2025 22:59:00,"$685,485.00"
12464,44113,10/5/2025 17:15:00,"$491,434.00"
12465,44115,10/11/2025 14:49:00,"$703,326.00"
12466,44118,10/9/2025 16:31:00,"$529,296.00"
12467,44120,10/11/2025 17:31:00,"$662,165.00"
12468,44121,10/5/2025 13:41:00,"$548,425.00"
12469,44122,10/15/2025 0:26:00,"$657,702.00"
12470,44124,10/6/2025 14:38:00,"$659,897.00"
12471,44125,10/14/2025 15:06:00,"$541,240.00"
12472,44129,10/8/2025 14:09:00,"$557,915.00"
12473,44133,10/8/2025 7:21:00,"$456,665.00"
12474,44134,10/4/2025 9:15:00,"$596,306.00"
12475,44138,10/12/2025 20:59:00,"$679,830.00"
12476,44139,10/7/2025 12:46:00,"$430,055.00"
12477,44142,10/4/2025 9:47:00,"$491,119.00"
12478,44143,10/7/2025 10:56:00,"$600,058.00"
12479,44147,10/4/2025 8:39:00,"$697,132.00"
12480,44148,10/6/2025 9:59:00,"$673,110.00"
12481,44149,10/12/2025 16:23:00,"$598,754.00"
12482,44154,10/6/2025 15:14:00,"$467,299.00"
12483,44165,10/6/2025 9:12:00,"$560,621.00"
12484,44167,10/5/2025 9:14:00,"$554,755.00"
12485,44183,10/6/2025 15:13:00,"$491,221.00"
12486,44187,10/2/2025 12:37:00,"$690,637.00"
12487,44188,10/5/2025 14:39:00,"$555,623.00"
12488,44200,10/7/2025 13:52:00,"$510,300.00"
12489,44206,10/8/2025 10:26:00,"$716,837.00"
12490,44207,10/12/2025 1:29:00,"$463,035.00"
12491,44208,10/7/2025 17:38:00,"$506,583.00"
12492,44215,10/10/2025 2:18:00,"$513,350.00"
12493,44218,10/8/2025 14:06:00,"$491,955.00"
12494,44220,10/9/2025 17:00:00,"$505,552.00"
12495,44224,10/12/2025 6:07:00,"$514,014.00"
12496,44226,10/7/2025 10:46:00,"$583,578.00"
12497,44231,10/11/2025 10:37:00,"$598,528.00"
12498,44232,10/8/2025 13:43:00,"$581,692.00"
12499,44242,10/14/2025 14:26:00,"$595,013.00"
12500,44247,10/5/2025 15:24:00,"$570,067.00"
12501,44253,10/6/2025 11:06:00,"$700,058.00"
12502,44257,10/15/2025 17:34:00,"$595,647.00"
12503,44258,10/16/2025 6:01:00,"$665,890.00"
12504,44267,10/6/2025 9:54:00,"$623,278.00"
12505,44268,10/11/2025 9:07:00,"$587,137.00"
12506,44272,10/5/2025 14:37:00,"$627,587.00"
12507,44274,10/6/2025 10:13:00,"$463,600.00"
12508,44277,10/5/2025 8:45:00,"$466,246.00"
12509,44279,10/9/2025 18:29:00,"$540,352.00"
12510,44282,10/15/2025 9:32:00,"$447,725.00"
12511,44285,10/12/2025 17:39:00,"$578,864.00"
12512,44289,10/9/2025 14:22:00,"$488,930.00"
12513,44290,10/10/2025 6:16:00,"$702,289.00"
12514,44298,10/4/2025 11:36:00,"$533,401.00"
12515,44301,10/11/2025 15:30:00,"$463,329.00"
12516,44308,10/7/2025 9:03:00,"$453,082.00"
12517,44312,10/9/2025 4:59:00,"$715,267.00"
12518,44319,10/15/2025 10:53:00,"$499,953.00"
12519,44320,10/15/2025 16:08:00,"$622,461.00"
12520,44322,10/11/2025 15:05:00,"$529,882.00"
12521,44328,10/7/2025 11:48:00,"$457,229.00"
12522,44330,10/5/2025 17:11:00,"$562,645.00"
12523,44341,10/12/2025 13:03:00,"$563,271.00"
12524,44343,10/6/2025 10:00:00,"$537,235.00"
12525,44344,10/10/2025 6:15:00,"$604,933.00"
12526,44347,10/9/2025 0:01:00,"$675,173.00"
12527,44352,10/8/2025 13:08:00,"$445,760.00"
12528,44355,10/7/2025 9:14:00,"$656,958.00"
12529,44356,10/5/2025 14:23:00,"$461,376.00"
12530,44358,10/8/2025 14:33:00,"$498,204.00"
12531,44360,10/8/2025 9:52:00,"$490,045.00"
12532,44363,10/16/2025 15:58:00,"$478,216.00"
12533,44368,10/5/2025 10:00:00,"$451,154.00"
12534,44370,10/7/2025 15:46:00,"$493,912.00"
12535,44375,10/8/2025 19:33:00,"$679,884.00"
12536,44378,10/7/2025 16:06:00,"$519,088.00"
12537,44379,10/11/2025 13:22:00,"$625,321.00"
12538,44385,10/14/2025 3:32:00,"$687,107.00"
12539,44386,10/6/2025 11:13:00,"$564,065.00"
12540,44388,10/16/2025 19:39:00,"$448,300.00"
12541,44395,10/7/2025 15:10:00,"$459,464.00"
12542,44399,10/11/2025 15:18:00,"$461,069.00"
12543,44400,10/8/2025 15:42:00,"$600,309.00"
12544,44404,10/13/2025 4:39:00,"$629,959.00"
12545,44407,10/9/2025 17:59:00,"$688,302.00"
12546,44411,10/13/2025 23:53:00,"$704,345.00"
12547,44412,10/4/2025 8:27:00,"$687,193.00"
12548,44415,10/8/2025 12:10:00,"$582,948.00"
12549,44419,10/4/2025 19:09:00,"$714,574.00"
12550,44423,10/4/2025 13:05:00,"$524,035.00"
12551,44424,10/13/2025 20:42:00,"$668,378.00"
12552,44426,10/12/2025 1:38:00,"$672,203.00"
12553,44432,10/8/2025 13:57:00,"$538,251.00"
12554,44434,10/6/2025 12:01:00,"$512,586.00"
12555,44443,10/4/2025 8:22:00,"$641,900.00"
12556,44448,10/12/2025 12:03:00,"$613,139.00"
12557,44451,10/12/2025 19:13:00,"$551,399.00"
12558,44453,10/12/2025 12:07:00,"$575,404.00"
12559,44455,10/9/2025 0:27:00,"$621,649.00"
12560,44461,10/8/2025 15:08:00,"$619,609.00"
12561,44465,10/18/2025 22:36:00,"$480,477.00"
12562,44466,10/8/2025 10:49:00,"$533,262.00"
12563,44472,10/8/2025 12:39:00,"$433,825.00"
12564,44476,10/13/2025 13:27:00,"$647,081.00"
12565,44502,10/4/2025 11:01:00,"$517,983.00"
12566,44507,10/8/2025 0:37:00,"$444,315.00"
12567,44508,10/9/2025 11:10:00,"$535,017.00"
12568,44514,10/8/2025 16:05:00,"$446,642.00"
12569,44520,10/7/2025 7:31:00,"$453,923.00"
12570,44528,10/14/2025 15:00:00,"$560,826.00"
12571,44531,10/12/2025 11:31:00,"$566,228.00"
12572,44536,10/11/2025 13:40:00,"$649,994.00"
12573,44538,10/5/2025 16:44:00,"$588,314.00"
12574,44539,10/11/2025 18:47:00,"$559,719.00"
12575,44540,10/11/2025 15:47:00,"$596,546.00"
12576,44544,10/4/2025 23:47:00,"$633,819.00"
12577,44548,10/13/2025 16:53:00,"$677,677.00"
12578,44550,10/5/2025 22:30:00,"$431,743.00"
12579,44556,10/18/2025 11:26:00,"$702,550.00"
12580,44559,10/5/2025 21:45:00,"$601,352.00"
12581,44560,10/5/2025 9:22:00,"$530,773.00"
12582,44562,10/7/2025 18:48:00,"$679,485.00"
12583,44568,10/16/2025 8:35:00,"$448,135.00"
12584,44569,10/12/2025 10:21:00,"$481,864.00"
12585,44570,10/7/2025 17:29:00,"$649,419.00"
12586,44571,10/15/2025 9:26:00,"$667,710.00"
12587,44573,10/11/2025 12:53:00,"$507,866.00"
12588,44578,10/8/2025 12:28:00,"$524,131.00"
12589,44581,10/8/2025 21:40:00,"$482,008.00"
12590,44583,10/9/2025 11:40:00,"$632,652.00"
12591,44588,10/6/2025 11:51:00,"$562,221.00"
12592,44592,10/12/2025 9:33:00,"$583,269.00"
12593,44593,10/12/2025 13:40:00,"$569,746.00"
12594,44596,10/14/2025 15:30:00,"$595,905.00"
12595,44598,10/9/2025 13:20:00,"$482,307.00"
12596,44603,10/4/2025 15:13:00,"$478,886.00"
12597,44605,10/11/2025 15:19:00,"$502,469.00"
12598,44606,10/9/2025 16:02:00,"$565,897.00"
12599,44612,10/5/2025 11:35:00,"$436,469.00"
12600,44614,10/8/2025 15:11:00,"$433,376.00"
12601,44617,10/7/2025 10:17:00,"$497,494.00"
12602,44620,10/9/2025 13:26:00,"$562,064.00"
12603,44629,10/6/2025 15:04:00,"$698,588.00"
12604,44632,10/15/2025 13:28:00,"$687,180.00"
12605,44633,10/6/2025 15:52:00,"$600,794.00"
12606,44634,10/4/2025 16:37:00,"$479,935.00"
12607,44641,10/9/2025 7:59:00,"$688,087.00"
12608,44642,10/7/2025 17:01:00,"$672,450.00"
12609,44648,10/9/2025 13:06:00,"$537,776.00"
12610,44651,10/15/2025 5:18:00,"$532,749.00"
12611,44652,10/5/2025 16:36:00,"$657,415.00"
12612,44656,10/7/2025 15:31:00,"$567,837.00"
12613,44657,10/9/2025 15:26:00,"$635,295.00"
12614,44667,10/11/2025 14:08:00,"$472,001.00"
12615,44677,10/18/2025 15:42:00,"$438,289.00"
12616,44683,10/12/2025 10:38:00,"$549,976.00"
12617,44692,10/11/2025 12:29:00,"$693,712.00"
12618,44697,10/5/2025 12:23:00,"$517,545.00"
12619,44699,10/9/2025 12:33:00,"$483,224.00"
12620,44705,10/16/2025 13:44:00,"$474,430.00"
12621,44707,10/13/2025 12:09:00,"$625,528.00"
12622,44708,10/13/2025 11:43:00,"$467,564.00"
12623,44715,10/16/2025 14:27:00,"$702,101.00"
12624,44716,10/7/2025 10:33:00,"$491,835.00"
12625,44717,10/9/2025 8:34:00,"$676,245.00"
12626,44718,10/11/2025 11:50:00,"$540,062.00"
12627,44728,10/9/2025 21:37:00,"$433,659.00"
12628,44729,10/15/2025 21:33:00,"$452,919.00"
12629,44730,10/9/2025 10:03:00,"$578,443.00"
12630,44731,10/6/2025 14:33:00,"$656,734.00"
12631,44737,10/9/2025 9:10:00,"$610,243.00"
12632,44742,10/12/2025 11:52:00,"$578,453.00"
12633,44745,10/11/2025 12:14:00,"$679,869.00"
12634,44748,10/7/2025 8:21:00,"$630,661.00"
12635,44749,10/8/2025 11:42:00,"$491,221.00"
12636,44754,10/11/2025 2:34:00,"$704,909.00"
12637,44762,10/14/2025 13:36:00,"$553,959.00"
12638,44768,10/7/2025 21:07:00,"$594,950.00"
12639,44769,10/15/2025 12:29:00,"$606,258.00"
12640,44772,10/9/2025 15:26:00,"$514,590.00"
12641,44773,10/9/2025 9:10:00,"$592,539.00"
12642,44780,10/15/2025 13:57:00,"$489,617.00"
12643,44791,10/6/2025 9:07:00,"$717,548.00"
12644,44793,10/9/2025 7:38:00,"$593,172.00"
12645,44794,10/15/2025 17:09:00,"$634,859.00"
12646,44797,10/11/2025 13:47:00,"$530,136.00"
12647,44799,10/8/2025 12:49:00,"$527,115.00"
12648,44804,10/13/2025 10:43:00,"$658,258.00"
12649,44805,10/9/2025 20:20:00,"$612,522.00"
12650,44809,10/16/2025 15:31:00,"$721,351.00"
12651,44810,10/11/2025 10:19:00,"$598,812.00"
12652,44812,10/11/2025 15:45:00,"$702,189.00"
12653,44813,10/9/2025 12:56:00,"$676,443.00"
12654,44814,10/12/2025 11:34:00,"$530,917.00"
12655,44834,10/15/2025 15:49:00,"$635,639.00"
12656,44836,10/15/2025 13:42:00,"$689,092.00"
12657,44839,10/9/2025 9:59:00,"$546,916.00"
12658,44844,10/7/2025 13:22:00,"$626,189.00"
12659,44845,10/11/2025 9:47:00,"$580,442.00"
12660,44847,10/7/2025 20:14:00,"$652,595.00"
12661,44849,10/14/2025 16:01:00,"$513,215.00"
12662,44856,10/9/2025 15:48:00,"$658,441.00"
12663,44857,10/15/2025 19:07:00,"$541,953.00"
12664,44863,10/12/2025 9:33:00,"$680,555.00"
12665,44864,10/15/2025 11:07:00,"$650,893.00"
12666,44876,10/13/2025 10:48:00,"$591,703.00"
12667,44880,10/12/2025 14:38:00,"$706,390.00"
12668,44884,10/14/2025 18:06:00,"$513,585.00"
12669,44897,10/16/2025 13:00:00,"$714,632.00"
12670,44898,10/12/2025 9:03:00,"$557,208.00"
12671,44899,10/13/2025 10:13:00,"$510,630.00"
12672,44900,10/8/2025 21:37:00,"$530,604.00"
12673,44901,10/9/2025 9:14:00,"$550,941.00"
12674,44904,10/13/2025 20:39:00,"$482,185.00"
12675,44906,10/6/2025 13:07:00,"$522,680.00"
12676,44907,10/11/2025 16:49:00,"$675,596.00"
12677,44909,10/8/2025 20:28:00,"$436,544.00"
12678,44917,10/6/2025 17:55:00,"$632,357.00"
12679,44918,10/13/2025 10:41:00,"$647,690.00"
12680,44919,10/9/2025 15:59:00,"$511,071.00"
12681,44920,10/7/2025 13:03:00,"$719,801.00"
12682,44923,10/8/2025 13:58:00,"$508,949.00"
12683,44927,10/14/2025 13:14:00,"$714,113.00"
12684,44929,10/7/2025 3:09:00,"$612,170.00"
12685,44931,10/13/2025 14:30:00,"$681,188.00"
12686,44933,10/7/2025 16:42:00,"$488,582.00"
12687,44941,10/20/2025 16:03:00,"$696,217.00"
12688,44942,10/14/2025 13:25:00,"$685,742.00"
12689,44947,10/13/2025 4:11:00,"$494,312.00"
12690,44948,10/8/2025 13:00:00,"$713,359.00"
12691,44949,10/14/2025 10:03:00,"$455,488.00"
12692,44950,10/14/2025 12:11:00,"$450,814.00"
12693,44953,10/13/2025 12:48:00,"$648,608.00"
12694,44959,10/7/2025 20:01:00,"$696,632.00"
12695,44960,10/17/2025 7:21:00,"$489,648.00"
12696,44962,10/11/2025 11:29:00,"$602,461.00"
12697,44965,10/16/2025 12:43:00,"$474,308.00"
12698,44971,10/7/2025 18:32:00,"$620,051.00"
12699,44972,10/13/2025 17:31:00,"$600,816.00"
12700,44973,10/13/2025 8:33:00,"$497,893.00"
12701,44974,10/12/2025 11:37:00,"$639,477.00"
12702,44980,10/17/2025 12:55:00,"$500,386.00"
12703,44984,10/21/2025 15:57:00,"$639,153.00"
12704,44985,10/14/2025 13:43:00,"$683,396.00"
12705,44992,10/14/2025 15:41:00,"$722,519.00"
12706,44994,10/12/2025 9:28:00,"$521,136.00"
12707,44995,10/16/2025 16:12:00,"$513,599.00"
12708,44998,10/8/2025 10:35:00,"$467,930.00"
12709,45000,10/14/2025 12:04:00,"$561,264.00"
12710,45004,10/7/2025 11:34:00,"$465,904.00"
12711,45005,10/11/2025 8:00:00,"$651,967.00"
12712,45007,10/12/2025 14:47:00,"$526,152.00"
12713,45008,10/19/2025 10:11:00,"$495,690.00"
12714,45016,10/16/2025 13:00:00,"$529,320.00"
12715,45017,10/20/2025 19:58:00,"$518,061.00"
12716,45033,10/11/2025 16:30:00,"$604,743.00"
12717,45034,10/16/2025 10:47:00,"$568,325.00"
12718,45037,10/14/2025 16:56:00,"$488,275.00"
12719,45046,10/9/2025 10:51:00,"$552,216.00"
12720,45051,10/22/2025 16:31:00,"$670,333.00"
12721,45052,10/11/2025 17:14:00,"$652,793.00"
12722,45055,10/9/2025 9:05:00,"$472,312.00"
12723,45058,10/8/2025 17:27:00,"$638,902.00"
12724,45064,10/11/2025 18:48:00,"$694,169.00"
12725,45068,10/12/2025 13:01:00,"$713,482.00"
12726,45070,10/12/2025 8:36:00,"$714,619.00"
12727,45073,10/11/2025 18:33:00,"$574,862.00"
12728,45077,10/15/2025 9:39:00,"$699,072.00"
12729,45078,10/19/2025 13:10:00,"$473,024.00"
12730,45079,10/16/2025 10:02:00,"$499,450.00"
12731,45083,10/18/2025 15:54:00,"$703,155.00"
12732,45092,10/11/2025 12:36:00,"$614,601.00"
12733,45097,10/14/2025 11:56:00,"$583,456.00"
12734,45099,10/20/2025 9:40:00,"$561,916.00"
12735,45108,10/23/2025 13:23:00,"$689,097.00"
12736,45109,10/8/2025 16:46:00,"$627,579.00"
12737,45113,10/13/2025 10:50:00,"$689,399.00"
12738,45115,10/15/2025 10:26:00,"$651,726.00"
12739,45118,10/14/2025 11:42:00,"$543,890.00"
12740,45122,10/13/2025 8:14:00,"$544,042.00"
12741,45127,10/15/2025 14:25:00,"$582,715.00"
12742,45129,10/16/2025 19:41:00,"$631,949.00"
12743,45140,10/16/2025 15:54:00,"$620,380.00"
12744,45149,10/16/2025 15:10:00,"$553,326.00"
12745,45158,10/8/2025 15:26:00,"$570,747.00"
12746,45159,10/15/2025 9:57:00,"$528,149.00"
12747,45160,10/9/2025 17:57:00,"$720,486.00"
12748,45163,10/18/2025 12:26:00,"$720,023.00"
12749,45171,10/9/2025 13:08:00,"$711,816.00"
12750,45173,10/12/2025 9:24:00,"$648,761.00"
12751,45178,10/14/2025 6:46:00,"$684,061.00"
12752,45180,10/18/2025 5:02:00,"$666,913.00"
12753,45183,10/15/2025 15:45:00,"$588,137.00"
12754,45185,10/12/2025 13:39:00,"$556,979.00"
12755,45186,10/16/2025 12:28:00,"$543,270.00"
12756,45187,10/12/2025 8:38:00,"$561,526.00"
12757,45188,10/14/2025 15:47:00,"$610,398.00"
12758,45196,10/17/2025 4:26:00,"$435,702.00"
12759,45197,10/19/2025 17:33:00,"$594,803.00"
12760,45198,10/14/2025 10:44:00,"$539,641.00"
12761,45202,10/9/2025 15:04:00,"$511,054.00"
12762,45204,10/18/2025 12:06:00,"$569,207.00"
12763,45207,10/15/2025 19:49:00,"$549,555.00"
12764,45209,10/18/2025 15:40:00,"$467,405.00"
12765,45210,10/13/2025 10:34:00,"$605,612.00"
12766,45215,10/19/2025 17:08:00,"$434,309.00"
12767,45216,10/19/2025 11:42:00,"$627,165.00"
12768,45225,10/13/2025 10:47:00,"$719,908.00"
12769,45228,10/16/2025 8:00:00,"$434,813.00"
12770,45231,10/15/2025 0:28:00,"$552,187.00"
12771,45233,10/16/2025 20:34:00,"$693,650.00"
12772,45236,10/11/2025 14:43:00,"$440,775.00"
12773,45242,10/13/2025 18:40:00,"$529,238.00"
12774,45249,10/11/2025 16:43:00,"$678,121.00"
12775,45252,10/18/2025 15:21:00,"$487,431.00"
12776,45254,10/18/2025 10:27:00,"$463,059.00"
12777,45261,10/19/2025 9:35:00,"$525,320.00"
12778,45262,10/19/2025 13:15:00,"$723,934.00"
12779,45263,10/18/2025 20:04:00,"$532,453.00"
12780,45264,10/15/2025 13:40:00,"$647,443.00"
12781,45267,10/13/2025 15:44:00,"$686,531.00"
12782,45272,10/21/2025 4:21:00,"$538,159.00"
12783,45274,10/15/2025 16:41:00,"$518,046.00"
12784,45282,10/15/2025 13:57:00,"$474,389.00"
12785,45288,10/15/2025 11:46:00,"$470,047.00"
12786,45291,10/15/2025 15:18:00,"$455,402.00"
12787,45292,10/14/2025 13:43:00,"$576,292.00"
12788,45295,10/9/2025 9:00:00,"$607,599.00"
12789,45300,10/16/2025 17:41:00,"$442,888.00"
12790,45303,10/9/2025 20:28:00,"$508,679.00"
12791,45304,10/12/2025 13:32:00,"$553,650.00"
12792,45307,10/9/2025 9:02:00,"$458,671.00"
12793,45314,10/13/2025 10:32:00,"$469,285.00"
12794,45315,10/18/2025 11:39:00,"$721,368.00"
12795,45318,10/12/2025 16:37:00,"$596,431.00"
12796,45322,10/15/2025 11:01:00,"$510,773.00"
12797,45324,10/12/2025 13:09:00,"$487,414.00"
12798,45328,10/20/2025 3:28:00,"$581,066.00"
12799,45331,10/11/2025 16:11:00,"$670,738.00"
12800,45332,10/13/2025 11:29:00,"$728,293.00"
12801,45333,10/13/2025 14:44:00,"$705,475.00"
12802,45335,10/11/2025 16:43:00,"$558,066.00"
12803,45353,10/15/2025 16:30:00,"$592,492.00"
12804,45355,10/19/2025 19:53:00,"$587,627.00"
12805,45358,10/14/2025 16:10:00,"$626,162.00"
12806,45361,10/13/2025 14:39:00,"$474,178.00"
12807,45362,10/23/2025 18:24:00,"$524,156.00"
12808,45364,10/13/2025 16:35:00,"$561,625.00"
12809,45365,10/16/2025 17:12:00,"$430,325.00"
12810,45369,10/16/2025 12:17:00,"$724,423.00"
12811,45372,10/16/2025 17:44:00,"$538,664.00"
12812,45381,10/11/2025 14:58:00,"$457,382.00"
12813,45385,10/19/2025 8:05:00,"$629,645.00"
12814,45392,10/13/2025 11:56:00,"$692,780.00"
12815,45395,10/19/2025 11:01:00,"$729,417.00"
12816,45397,10/15/2025 13:54:00,"$537,839.00"
12817,45399,10/9/2025 17:14:00,"$608,076.00"
12818,45400,10/21/2025 14:15:00,"$506,244.00"
12819,45401,10/13/2025 12:53:00,"$528,711.00"
12820,45402,10/15/2025 13:03:00,"$570,561.00"
12821,45405,10/14/2025 4:23:00,"$483,913.00"
12822,45408,10/18/2025 9:51:00,"$664,766.00"
12823,45412,10/13/2025 11:37:00,"$727,141.00"
12824,45414,10/19/2025 17:13:00,"$490,022.00"
12825,45417,10/14/2025 12:15:00,"$511,908.00"
12826,45418,10/14/2025 11:42:00,"$570,126.00"
12827,45419,10/15/2025 10:34:00,"$474,131.00"
12828,45421,10/12/2025 14:50:00,"$601,038.00"
12829,45428,10/16/2025 11:44:00,"$459,041.00"
12830,45429,10/22/2025 15:20:00,"$438,333.00"
12831,45431,10/18/2025 10:25:00,"$577,175.00"
12832,45434,10/16/2025 9:44:00,"$563,647.00"
12833,45438,10/14/2025 9:57:00,"$579,955.00"
12834,45448,10/16/2025 19:45:00,"$621,270.00"
12835,45449,10/19/2025 12:05:00,"$678,721.00"
12836,45450,10/19/2025 15:13:00,"$718,755.00"
12837,45457,10/15/2025 15:31:00,"$446,889.00"
12838,45461,10/15/2025 19:48:00,"$530,739.00"
12839,45466,10/11/2025 16:19:00,"$643,254.00"
12840,45467,10/20/2025 9:53:00,"$454,794.00"
12841,45468,10/14/2025 17:28:00,"$672,816.00"
12842,45476,10/18/2025 13:08:00,"$694,474.00"
12843,45482,10/16/2025 10:49:00,"$430,668.00"
12844,45484,10/20/2025 17:33:00,"$556,826.00"
12845,45486,10/13/2025 14:59:00,"$479,180.00"
12846,45500,10/16/2025 19:29:00,"$725,118.00"
12847,45506,10/11/2025 11:07:00,"$726,221.00"
12848,45508,10/26/2025 11:52:00,"$624,701.00"
12849,45510,10/20/2025 13:33:00,"$705,839.00"
12850,45513,10/14/2025 16:54:00,"$685,649.00"
12851,45515,10/13/2025 10:24:00,"$625,738.00"
12852,45518,10/11/2025 14:15:00,"$607,621.00"
12853,45522,10/21/2025 10:54:00,"$713,397.00"
12854,45530,10/22/2025 12:09:00,"$680,635.00"
12855,45536,10/16/2025 11:12:00,"$618,183.00"
12856,45537,10/13/2025 8:26:00,"$638,699.00"
12857,45538,10/12/2025 16:35:00,"$503,974.00"
12858,45544,10/20/2025 8:51:00,"$679,936.00"
12859,45545,10/15/2025 14:51:00,"$662,626.00"
12860,45546,10/18/2025 12:23:00,"$667,480.00"
12861,45547,10/11/2025 16:33:00,"$576,665.00"
12862,45557,10/15/2025 14:10:00,"$679,503.00"
12863,45562,10/12/2025 12:48:00,"$566,641.00"
12864,45565,10/14/2025 14:17:00,"$553,126.00"
12865,45567,10/14/2025 12:28:00,"$569,745.00"
12866,45569,10/21/2025 13:17:00,"$532,860.00"
12867,45570,10/11/2025 15:14:00,"$432,202.00"
12868,45573,10/20/2025 18:24:00,"$543,351.00"
12869,45574,10/13/2025 13:56:00,"$461,279.00"
12870,45575,10/23/2025 17:21:00,"$431,822.00"
12871,45587,10/15/2025 14:38:00,"$431,156.00"
12872,45588,10/16/2025 8:58:00,"$585,488.00"
12873,45589,10/11/2025 17:41:00,"$561,332.00"
12874,45591,10/12/2025 14:43:00,"$578,209.00"
12875,45595,10/11/2025 7:39:00,"$430,149.00"
12876,45596,10/15/2025 15:22:00,"$689,381.00"
12877,45599,10/16/2025 9:50:00,"$500,554.00"
12878,45600,10/14/2025 14:28:00,"$527,884.00"
12879,45605,10/22/2025 16:15:00,"$520,741.00"
12880,45606,10/13/2025 2:05:00,"$693,063.00"
12881,45608,10/21/2025 10:36:00,"$581,121.00"
12882,45610,10/20/2025 14:25:00,"$614,173.00"
12883,45616,10/19/2025 9:09:00,"$657,724.00"
12884,45618,10/19/2025 13:34:00,"$459,059.00"
12885,45622,10/23/2025 14:47:00,"$667,333.00"
12886,45626,10/11/2025 12:52:00,"$640,989.00"
12887,45629,10/12/2025 11:47:00,"$552,292.00"
12888,45635,10/19/2025 10:04:00,"$446,911.00"
12889,45637,10/15/2025 11:06:00,"$529,118.00"
12890,45639,10/12/2025 14:15:00,"$661,430.00"
12891,45646,10/18/2025 11:38:00,"$553,609.00"
12892,45649,10/16/2025 16:52:00,"$677,709.00"
12893,45654,10/15/2025 8:32:00,"$670,166.00"
12894,45656,10/22/2025 8:19:00,"$521,727.00"
12895,45659,10/18/2025 0:10:00,"$553,511.00"
12896,45674,10/12/2025 19:15:00,"$633,966.00"
12897,45676,10/14/2025 15:58:00,"$430,093.00"
12898,45682,10/18/2025 11:19:00,"$433,567.00"
12899,45685,10/14/2025 17:03:00,"$484,754.00"
12900,45691,10/16/2025 12:32:00,"$481,836.00"
12901,45692,10/16/2025 17:58:00,"$623,212.00"
12902,45697,10/16/2025 11:58:00,"$482,032.00"
12903,45701,10/19/2025 10:12:00,"$627,971.00"
12904,45702,10/22/2025 6:38:00,"$614,793.00"
12905,45704,10/12/2025 19:39:00,"$589,044.00"
12906,45710,10/18/2025 12:28:00,"$574,189.00"
12907,45711,10/15/2025 16:07:00,"$676,108.00"
12908,45712,10/15/2025 12:49:00,"$706,024.00"
12909,45717,10/18/2025 13:31:00,"$556,427.00"
12910,45718,10/16/2025 14:49:00,"$557,499.00"
12911,45724,10/20/2025 6:40:00,"$525,497.00"
12912,45726,10/13/2025 10:22:00,"$478,784.00"
12913,45730,10/12/2025 15:10:00,"$606,953.00"
12914,45731,10/19/2025 9:30:00,"$437,880.00"
12915,45732,10/12/2025 9:34:00,"$629,883.00"
12916,45733,10/27/2025 9:54:00,"$618,654.00"
12917,45739,10/18/2025 13:20:00,"$538,542.00"
12918,45745,10/14/2025 11:40:00,"$456,278.00"
12919,45746,10/15/2025 15:04:00,"$535,074.00"
12920,45752,10/11/2025 16:57:00,"$658,949.00"
12921,45755,10/16/2025 14:47:00,"$443,561.00"
12922,45756,10/20/2025 19:51:00,"$462,190.00"
12923,45760,10/12/2025 8:51:00,"$656,821.00"
12924,45763,10/22/2025 17:52:00,"$537,895.00"
12925,45769,10/14/2025 9:29:00,"$436,882.00"
12926,45770,10/15/2025 0:34:00,"$708,268.00"
12927,45771,10/20/2025 15:50:00,"$684,685.00"
12928,45772,10/14/2025 13:23:00,"$647,414.00"
12929,45779,10/15/2025 13:43:00,"$640,206.00"
12930,45789,10/13/2025 10:05:00,"$605,930.00"
12931,45791,10/15/2025 12:24:00,"$440,603.00"
12932,45793,10/18/2025 1:28:00,"$680,268.00"
12933,45796,10/18/2025 9:48:00,"$597,264.00"
12934,45798,10/16/2025 15:35:00,"$577,294.00"
12935,45801,10/19/2025 9:10:00,"$660,821.00"
12936,45802,10/21/2025 8:27:00,"$693,754.00"
12937,45807,10/14/2025 17:44:00,"$709,690.00"
12938,45811,10/14/2025 16:01:00,"$512,301.00"
12939,45815,10/16/2025 16:06:00,"$567,711.00"
12940,45816,10/20/2025 11:04:00,"$539,190.00"
12941,45823,10/15/2025 9:30:00,"$599,714.00"
12942,45827,10/16/2025 14:19:00,"$459,323.00"
12943,45837,10/15/2025 11:59:00,"$484,933.00"
12944,45840,10/14/2025 11:50:00,"$618,877.00"
12945,45844,10/18/2025 8:58:00,"$546,854.00"
12946,45847,10/20/2025 16:13:00,"$493,946.00"
12947,45849,10/14/2025 11:50:00,"$435,657.00"
12948,45850,10/27/2025 11:25:00,"$663,866.00"
12949,45851,10/12/2025 16:34:00,"$702,478.00"
12950,45855,10/15/2025 15:07:00,"$710,223.00"
12951,45857,10/14/2025 5:44:00,"$713,619.00"
12952,45859,10/22/2025 13:51:00,"$526,844.00"
12953,45864,10/14/2025 9:29:00,"$494,370.00"
12954,45865,10/15/2025 10:41:00,"$641,260.00"
12955,45866,10/16/2025 8:13:00,"$575,540.00"
12956,45870,10/22/2025 3:57:00,"$589,301.00"
12957,45872,10/15/2025 11:58:00,"$479,396.00"
12958,45875,10/13/2025 11:29:00,"$650,388.00"
12959,45876,10/18/2025 19:45:00,"$438,894.00"
12960,45887,10/18/2025 19:14:00,"$714,459.00"
12961,45888,10/16/2025 18:04:00,"$527,524.00"
12962,45892,10/22/2025 10:52:00,"$603,336.00"
12963,45894,10/19/2025 8:22:00,"$628,865.00"
12964,45897,10/22/2025 11:29:00,"$472,556.00"
12965,45898,10/23/2025 19:45:00,"$651,256.00"
12966,45899,10/21/2025 17:31:00,"$531,748.00"
12967,45904,10/23/2025 12:53:00,"$706,098.00"
12968,45907,10/25/2025 14:20:00,"$586,349.00"
12969,45910,10/15/2025 6:46:00,"$457,135.00"
12970,45912,10/22/2025 20:05:00,"$617,332.00"
12971,45914,10/25/2025 14:27:00,"$482,692.00"
12972,45919,10/20/2025 15:13:00,"$676,143.00"
12973,45921,10/21/2025 17:09:00,"$457,549.00"
12974,45922,10/21/2025 17:45:00,"$517,777.00"
12975,45923,10/12/2025 18:51:00,"$726,630.00"
12976,45928,10/20/2025 14:23:00,"$656,932.00"
12977,45930,10/23/2025 19:32:00,"$500,749.00"
12978,45936,10/26/2025 10:51:00,"$718,856.00"
12979,45937,10/26/2025 15:26:00,"$434,912.00"
12980,45940,10/18/2025 9:17:00,"$624,268.00"
12981,45942,10/18/2025 13:21:00,"$513,460.00"
12982,45945,10/19/2025 14:31:00,"$648,054.00"
12983,45950,10/19/2025 14:24:00,"$604,309.00"
12984,45959,10/20/2025 8:14:00,"$722,747.00"
12985,45963,10/17/2025 2:09:00,"$685,718.00"
12986,45965,10/20/2025 12:23:00,"$554,550.00"
12987,45966,10/19/2025 12:58:00,"$638,650.00"
12988,45969,10/18/2025 11:16:00,"$537,363.00"
12989,45972,10/21/2025 17:40:00,"$466,068.00"
12990,45978,10/18/2025 10:18:00,"$481,057.00"
12991,45983,10/21/2025 17:45:00,"$625,827.00"
12992,45988,10/16/2025 8:31:00,"$675,459.00"
12993,45990,10/20/2025 9:32:00,"$450,830.00"
12994,45993,10/13/2025 11:21:00,"$577,886.00"
12995,45996,10/21/2025 14:11:00,"$676,025.00"
12996,45997,10/21/2025 17:47:00,"$644,327.00"
12997,45998,10/16/2025 14:41:00,"$682,226.00"
12998,45999,10/27/2025 17:42:00,"$647,356.00"
12999,46004,10/16/2025 9:20:00,"$609,845.00"
13000,46007,10/13/2025 11:42:00,"$729,907.00"
13001,46010,10/14/2025 9:40:00,"$654,716.00"
13002,46013,10/17/2025 21:08:00,"$523,132.00"
13003,46021,10/18/2025 11:53:00,"$579,423.00"
13004,46025,10/16/2025 15:54:00,"$466,457.00"
13005,46028,10/21/2025 17:43:00,"$452,686.00"
13006,46030,10/13/2025 13:49:00,"$560,843.00"
13007,46033,10/19/2025 20:54:00,"$602,934.00"
13008,46036,10/21/2025 14:50:00,"$585,054.00"
13009,46038,10/20/2025 17:28:00,"$711,007.00"
13010,46041,10/18/2025 11:50:00,"$630,637.00"
13011,46045,10/18/2025 14:51:00,"$528,190.00"
13012,46047,10/26/2025 16:30:00,"$472,790.00"
13013,46048,10/13/2025 17:18:00,"$512,298.00"
13014,46053,10/20/2025 15:32:00,"$620,642.00"
13015,46055,10/19/2025 10:02:00,"$473,905.00"
13016,46058,10/22/2025 17:09:00,"$482,056.00"
13017,46059,10/20/2025 12:34:00,"$557,093.00"
13018,46063,10/21/2025 13:39:00,"$690,434.00"
13019,46064,10/15/2025 12:51:00,"$455,371.00"
13020,46078,10/18/2025 10:58:00,"$469,273.00"
13021,46080,10/15/2025 9:10:00,"$727,498.00"
13022,46082,10/14/2025 19:16:00,"$667,360.00"
13023,46084,10/20/2025 13:56:00,"$693,657.00"
13024,46086,10/16/2025 15:22:00,"$689,144.00"
13025,46093,10/21/2025 16:43:00,"$525,065.00"
13026,46098,10/18/2025 16:32:00,"$698,606.00"
13027,46101,10/22/2025 14:16:00,"$445,377.00"
13028,46103,10/18/2025 16:56:00,"$724,948.00"
13029,46105,10/15/2025 10:33:00,"$629,775.00"
13030,46111,10/19/2025 13:13:00,"$472,314.00"
13031,46114,10/18/2025 9:55:00,"$679,732.00"
13032,46117,10/19/2025 21:45:00,"$470,715.00"
13033,46120,10/25/2025 11:54:00,"$652,483.00"
13034,46124,10/15/2025 12:10:00,"$635,408.00"
13035,46128,10/18/2025 14:17:00,"$430,119.00"
13036,46131,10/27/2025 10:47:00,"$495,436.00"
13037,46140,10/19/2025 10:34:00,"$484,903.00"
13038,46141,10/25/2025 13:37:00,"$561,464.00"
13039,46144,10/25/2025 16:24:00,"$552,904.00"
13040,46146,10/27/2025 15:31:00,"$661,498.00"
13041,46147,10/18/2025 18:47:00,"$699,215.00"
13042,46149,10/16/2025 8:49:00,"$581,935.00"
13043,46153,10/19/2025 12:19:00,"$527,709.00"
13044,46156,10/21/2025 13:26:00,"$460,605.00"
13045,46158,10/19/2025 16:38:00,"$582,523.00"
13046,46160,10/18/2025 15:06:00,"$651,533.00"
13047,46163,10/22/2025 11:34:00,"$539,940.00"
13048,46166,10/14/2025 14:41:00,"$463,515.00"
13049,46169,10/16/2025 17:09:00,"$464,468.00"
13050,46176,10/18/2025 15:10:00,"$493,896.00"
13051,46177,10/28/2025 11:01:00,"$706,410.00"
13052,46180,10/18/2025 7:41:00,"$483,930.00"
13053,46181,10/25/2025 15:06:00,"$464,402.00"
13054,46183,10/27/2025 9:29:00,"$692,848.00"
13055,46184,10/27/2025 14:23:00,"$722,599.00"
13056,46186,10/19/2025 10:19:00,"$491,578.00"
13057,46187,10/16/2025 11:04:00,"$715,950.00"
13058,46188,10/18/2025 14:09:00,"$532,402.00"
13059,46191,10/19/2025 17:37:00,"$652,894.00"
13060,46193,10/20/2025 0:06:00,"$509,240.00"
13061,46197,10/24/2025 10:59:00,"$633,553.00"
13062,46200,10/18/2025 15:35:00,"$508,987.00"
13063,46209,10/19/2025 15:29:00,"$606,835.00"
13064,46222,10/19/2025 11:43:00,"$699,284.00"
13065,46223,10/24/2025 16:28:00,"$660,893.00"
13066,46224,10/14/2025 17:31:00,"$633,066.00"
13067,46225,10/19/2025 10:39:00,"$487,793.00"
13068,46226,10/16/2025 3:49:00,"$496,780.00"
13069,46229,10/18/2025 13:02:00,"$619,462.00"
13070,46235,10/23/2025 14:16:00,"$619,008.00"
13071,46236,10/19/2025 8:35:00,"$520,686.00"
13072,46237,10/22/2025 16:44:00,"$569,221.00"
13073,46238,10/20/2025 7:32:00,"$614,451.00"
13074,46239,10/15/2025 11:23:00,"$453,401.00"
13075,46241,10/18/2025 18:56:00,"$596,584.00"
13076,46244,10/15/2025 15:04:00,"$711,720.00"
13077,46248,10/18/2025 9:15:00,"$668,923.00"
13078,46251,10/17/2025 20:01:00,"$589,098.00"
13079,46252,10/25/2025 10:29:00,"$595,781.00"
13080,46259,10/19/2025 23:51:00,"$611,893.00"
13081,46265,10/21/2025 11:07:00,"$597,343.00"
13082,46273,10/25/2025 14:44:00,"$656,994.00"
13083,46278,10/16/2025 15:09:00,"$577,435.00"
13084,46284,10/26/2025 12:05:00,"$482,276.00"
13085,46289,10/18/2025 15:28:00,"$631,689.00"
13086,46295,10/22/2025 8:42:00,"$461,190.00"
13087,46296,10/28/2025 10:16:00,"$713,083.00"
13088,46300,10/22/2025 15:32:00,"$514,363.00"
13089,46301,10/23/2025 13:03:00,"$516,433.00"
13090,46303,10/21/2025 10:20:00,"$564,014.00"
13091,46305,10/19/2025 17:01:00,"$677,011.00"
13092,46306,10/26/2025 12:31:00,"$514,192.00"
13093,46307,10/16/2025 11:43:00,"$479,026.00"
13094,46318,10/22/2025 18:30:00,"$476,263.00"
13095,46320,10/18/2025 9:49:00,"$617,724.00"
13096,46329,10/22/2025 14:42:00,"$609,241.00"
13097,46333,10/21/2025 15:26:00,"$634,673.00"
13098,46336,10/19/2025 11:52:00,"$649,955.00"
13099,46341,10/19/2025 17:48:00,"$605,474.00"
13100,46346,10/27/2025 15:52:00,"$700,376.00"
13101,46354,10/17/2025 23:10:00,"$581,625.00"
13102,46356,10/15/2025 13:18:00,"$483,565.00"
13103,46362,10/26/2025 17:38:00,"$476,270.00"
13104,46368,10/25/2025 11:05:00,"$590,915.00"
13105,46369,10/19/2025 11:34:00,"$627,439.00"
13106,46370,10/19/2025 7:43:00,"$673,694.00"
13107,46371,10/25/2025 16:32:00,"$637,687.00"
13108,46391,10/23/2025 16:12:00,"$548,255.00"
13109,46392,10/19/2025 17:12:00,"$515,972.00"
13110,46393,10/18/2025 15:21:00,"$453,817.00"
13111,46395,10/16/2025 17:31:00,"$634,915.00"
13112,46396,10/22/2025 13:28:00,"$471,049.00"
13113,46400,10/20/2025 8:00:00,"$672,902.00"
13114,46402,10/27/2025 13:10:00,"$630,383.00"
13115,46403,10/20/2025 16:13:00,"$622,482.00"
13116,46405,10/19/2025 8:50:00,"$727,548.00"
13117,46407,10/20/2025 10:49:00,"$530,937.00"
13118,46410,10/20/2025 8:08:00,"$445,124.00"
13119,46411,10/28/2025 12:36:00,"$721,902.00"
13120,46415,10/20/2025 8:59:00,"$713,872.00"
13121,46418,10/20/2025 1:27:00,"$494,757.00"
13122,46419,10/23/2025 15:49:00,"$686,130.00"
13123,46424,10/18/2025 17:23:00,"$697,986.00"
13124,46428,10/26/2025 15:17:00,"$450,938.00"
13125,46435,10/16/2025 10:10:00,"$471,177.00"
13126,46436,10/22/2025 17:25:00,"$522,550.00"
13127,46439,10/23/2025 17:22:00,"$673,300.00"
13128,46440,10/22/2025 11:49:00,"$443,204.00"
13129,46442,10/26/2025 10:37:00,"$520,830.00"
13130,46444,10/23/2025 14:36:00,"$684,827.00"
13131,46445,10/26/2025 20:32:00,"$639,928.00"
13132,46449,10/20/2025 9:56:00,"$534,036.00"
13133,46453,10/21/2025 10:48:00,"$658,850.00"
13134,46463,10/27/2025 15:22:00,"$667,139.00"
13135,46470,10/23/2025 11:50:00,"$641,501.00"
13136,46471,10/22/2025 14:12:00,"$711,276.00"
13137,46475,10/17/2025 13:47:00,"$457,712.00"
13138,46476,10/23/2025 5:27:00,"$449,751.00"
13139,46479,10/27/2025 14:47:00,"$565,970.00"
13140,46483,10/16/2025 14:44:00,"$452,879.00"
13141,46485,10/25/2025 19:11:00,"$474,930.00"
13142,46487,10/28/2025 17:12:00,"$577,042.00"
13143,46493,10/18/2025 11:50:00,"$552,423.00"
13144,46495,10/24/2025 12:12:00,"$573,136.00"
13145,46500,10/25/2025 15:41:00,"$487,740.00"
13146,46501,10/23/2025 21:13:00,"$494,962.00"
13147,46502,10/19/2025 12:46:00,"$608,588.00"
13148,46505,10/27/2025 10:18:00,"$464,080.00"
13149,46508,10/25/2025 9:23:00,"$500,283.00"
13150,46509,10/20/2025 17:19:00,"$440,648.00"
13151,46513,10/23/2025 17:18:00,"$628,812.00"
13152,46516,10/23/2025 18:55:00,"$473,944.00"
13153,46518,10/23/2025 9:05:00,"$548,494.00"
13154,46525,10/19/2025 12:26:00,"$620,633.00"
13155,46527,10/19/2025 10:15:00,"$554,827.00"
13156,46529,10/25/2025 17:59:00,"$534,724.00"
13157,46531,10/22/2025 16:52:00,"$637,498.00"
13158,46535,10/20/2025 17:35:00,"$549,618.00"
13159,46537,10/21/2025 12:11:00,"$451,549.00"
13160,46552,10/18/2025 14:25:00,"$500,649.00"
13161,46553,10/20/2025 10:28:00,"$614,690.00"
13162,46556,10/27/2025 14:30:00,"$677,506.00"
13163,46563,10/26/2025 6:24:00,"$602,305.00"
13164,46564,10/28/2025 10:21:00,"$526,596.00"
13165,46565,10/21/2025 10:04:00,"$460,811.00"
13166,46567,10/20/2025 13:58:00,"$671,082.00"
13167,46569,10/19/2025 9:37:00,"$541,699.00"
13168,46574,10/20/2025 9:29:00,"$446,414.00"
13169,46577,10/23/2025 18:45:00,"$516,652.00"
13170,46578,10/25/2025 6:09:00,"$522,756.00"
13171,46579,10/18/2025 16:50:00,"$661,920.00"
13172,46580,10/26/2025 13:29:00,"$662,093.00"
13173,46581,10/28/2025 15:15:00,"$532,282.00"
13174,46582,10/19/2025 9:32:00,"$465,583.00"
13175,46584,10/20/2025 12:26:00,"$489,270.00"
13176,46586,10/20/2025 8:07:00,"$638,715.00"
13177,46594,10/18/2025 13:59:00,"$622,891.00"
13178,46599,10/24/2025 6:21:00,"$547,972.00"
13179,46600,10/21/2025 14:38:00,"$712,183.00"
13180,46601,10/21/2025 11:12:00,"$466,456.00"
13181,46606,10/27/2025 17:11:00,"$719,484.00"
13182,46607,10/20/2025 12:52:00,"$597,675.00"
13183,46608,10/21/2025 11:30:00,"$647,883.00"
13184,46613,10/26/2025 15:28:00,"$567,534.00"
13185,46616,10/21/2025 15:34:00,"$648,050.00"
13186,46618,10/29/2025 15:02:00,"$481,338.00"
13187,46620,10/25/2025 14:37:00,"$708,804.00"
13188,46622,10/18/2025 10:57:00,"$702,358.00"
13189,46628,10/21/2025 17:26:00,"$444,186.00"
13190,46639,10/23/2025 12:44:00,"$663,947.00"
13191,46642,10/23/2025 16:08:00,"$500,582.00"
13192,46648,10/27/2025 14:43:00,"$438,505.00"
13193,46649,10/26/2025 14:31:00,"$602,356.00"
13194,46653,10/26/2025 16:10:00,"$520,150.00"
13195,46655,10/25/2025 16:46:00,"$638,603.00"
13196,46664,10/25/2025 15:08:00,"$599,810.00"
13197,46667,10/19/2025 15:11:00,"$530,389.00"
13198,46668,10/26/2025 9:44:00,"$478,112.00"
13199,46669,10/20/2025 12:48:00,"$575,806.00"
13200,46673,10/20/2025 15:05:00,"$535,774.00"
13201,46674,10/22/2025 15:30:00,"$610,493.00"
13202,46689,10/18/2025 20:46:00,"$682,224.00"
13203,46691,10/19/2025 15:57:00,"$615,560.00"
13204,46692,10/18/2025 13:01:00,"$444,528.00"
13205,46693,10/18/2025 12:58:00,"$628,883.00"
13206,46695,10/22/2025 10:08:00,"$530,657.00"
13207,46699,10/22/2025 12:50:00,"$611,621.00"
13208,46700,10/18/2025 13:24:00,"$702,863.00"
13209,46706,10/26/2025 13:46:00,"$600,159.00"
13210,46709,10/21/2025 14:55:00,"$707,630.00"
13211,46710,10/22/2025 16:11:00,"$653,939.00"
13212,46711,10/21/2025 12:30:00,"$722,703.00"
13213,46713,10/20/2025 10:01:00,"$579,376.00"
13214,46714,10/26/2025 9:19:00,"$484,453.00"
13215,46715,10/28/2025 17:49:00,"$618,720.00"
13216,46720,10/19/2025 10:09:00,"$572,324.00"
13217,46722,10/23/2025 0:57:00,"$501,461.00"
13218,46723,10/22/2025 15:06:00,"$668,735.00"
13219,46724,10/29/2025 6:10:00,"$506,874.00"
13220,46728,10/27/2025 14:39:00,"$554,663.00"
13221,46729,10/26/2025 14:02:00,"$618,517.00"
13222,46731,10/21/2025 11:19:00,"$601,197.00"
13223,46732,10/21/2025 14:31:00,"$681,375.00"
13224,46735,10/23/2025 17:44:00,"$685,378.00"
13225,46736,10/25/2025 13:33:00,"$589,236.00"
13226,46738,10/20/2025 17:54:00,"$560,263.00"
13227,46742,11/1/2025 9:19:00,"$720,589.00"
13228,46744,10/28/2025 9:52:00,"$458,247.00"
13229,46745,10/20/2025 16:02:00,"$635,696.00"
13230,46750,10/19/2025 3:01:00,"$521,413.00"
13231,46751,10/22/2025 15:08:00,"$539,451.00"
13232,46752,10/20/2025 1:13:00,"$549,277.00"
13233,46758,10/27/2025 14:00:00,"$662,426.00"
13234,46760,10/22/2025 9:32:00,"$455,100.00"
13235,46761,10/26/2025 16:16:00,"$463,382.00"
13236,46764,10/23/2025 19:09:00,"$542,744.00"
13237,46766,10/22/2025 10:45:00,"$496,173.00"
13238,46767,10/30/2025 10:57:00,"$490,756.00"
13239,46771,10/19/2025 11:03:00,"$689,043.00"
13240,46775,10/26/2025 9:44:00,"$467,466.00"
13241,46777,10/24/2025 3:44:00,"$523,515.00"
13242,46781,10/24/2025 15:15:00,"$432,302.00"
13243,46788,10/25/2025 9:42:00,"$434,692.00"
13244,46789,10/19/2025 11:39:00,"$540,255.00"
13245,46791,10/19/2025 14:29:00,"$528,288.00"
13246,46795,10/22/2025 16:29:00,"$697,372.00"
13247,46803,10/20/2025 12:48:00,"$444,459.00"
13248,46805,10/21/2025 16:31:00,"$599,783.00"
13249,46806,10/25/2025 17:29:00,"$573,485.00"
13250,46809,10/23/2025 12:05:00,"$574,568.00"
13251,46814,10/23/2025 14:12:00,"$549,892.00"
13252,46815,10/22/2025 14:43:00,"$540,080.00"
13253,46816,10/25/2025 9:44:00,"$670,545.00"
13254,46820,10/22/2025 15:10:00,"$680,887.00"
13255,46821,10/27/2025 1:51:00,"$679,157.00"
13256,46826,10/19/2025 13:50:00,"$608,208.00"
13257,46833,10/20/2025 21:03:00,"$589,741.00"
13258,46834,10/21/2025 15:15:00,"$685,965.00"
13259,46835,11/3/2025 11:24:00,"$634,382.00"
13260,46838,10/23/2025 12:38:00,"$592,391.00"
13261,46839,10/31/2025 19:47:00,"$514,836.00"
13262,46841,10/22/2025 13:05:00,"$475,390.00"
13263,46845,10/18/2025 19:00:00,"$646,006.00"
13264,46849,10/19/2025 10:47:00,"$546,234.00"
13265,46851,10/21/2025 22:29:00,"$488,451.00"
13266,46855,10/30/2025 13:35:00,"$480,579.00"
13267,46858,10/24/2025 10:29:00,"$712,746.00"
13268,46867,10/18/2025 15:35:00,"$648,937.00"
13269,46872,10/22/2025 12:39:00,"$581,884.00"
13270,46874,10/21/2025 3:40:00,"$463,506.00"
13271,46877,10/29/2025 18:50:00,"$583,479.00"
13272,46879,10/21/2025 16:13:00,"$540,876.00"
13273,46885,10/23/2025 17:02:00,"$497,131.00"
13274,46890,10/23/2025 17:26:00,"$624,146.00"
13275,46892,11/3/2025 9:38:00,"$629,589.00"
13276,46896,10/21/2025 8:11:00,"$671,492.00"
13277,46898,10/21/2025 13:54:00,"$550,322.00"
13278,46899,11/4/2025 13:07:00,"$466,887.00"
13279,46900,10/20/2025 12:58:00,"$466,496.00"
13280,46902,10/28/2025 12:38:00,"$535,418.00"
13281,46903,10/28/2025 20:17:00,"$651,410.00"
13282,46904,10/28/2025 9:04:00,"$628,742.00"
13283,46907,10/19/2025 11:10:00,"$434,514.00"
13284,46909,10/30/2025 16:12:00,"$455,371.00"
13285,46913,10/25/2025 11:03:00,"$636,957.00"
13286,46914,10/24/2025 10:02:00,"$479,362.00"
13287,46915,10/19/2025 15:13:00,"$583,047.00"
13288,46916,10/24/2025 5:39:00,"$509,150.00"
13289,46920,10/19/2025 14:03:00,"$433,860.00"
13290,46921,10/28/2025 1:12:00,"$509,342.00"
13291,46929,10/21/2025 12:04:00,"$653,247.00"
13292,46936,10/22/2025 20:30:00,"$607,198.00"
13293,46939,10/25/2025 8:33:00,"$599,955.00"
13294,46941,10/22/2025 16:43:00,"$572,674.00"
13295,46948,10/21/2025 8:03:00,"$498,601.00"
13296,46951,10/23/2025 19:13:00,"$450,203.00"
13297,46952,10/20/2025 10:30:00,"$588,205.00"
13298,46954,10/19/2025 14:10:00,"$516,289.00"
13299,46955,10/20/2025 17:15:00,"$639,980.00"
13300,46958,10/23/2025 10:39:00,"$560,334.00"
13301,46961,10/30/2025 12:01:00,"$633,506.00"
13302,46965,10/26/2025 14:13:00,"$707,838.00"
13303,46971,10/23/2025 13:00:00,"$506,456.00"
13304,46974,11/1/2025 13:37:00,"$752,097.00"
13305,46979,10/20/2025 16:51:00,"$494,881.00"
13306,46981,10/27/2025 11:35:00,"$602,462.00"
13307,46986,10/22/2025 11:53:00,"$534,275.00"
13308,46987,11/1/2025 9:01:00,"$644,094.00"
13309,46990,10/27/2025 12:52:00,"$565,118.00"
13310,46991,10/23/2025 7:52:00,"$448,370.00"
13311,46993,10/20/2025 11:38:00,"$516,123.00"
13312,46995,10/28/2025 15:40:00,"$630,137.00"
13313,47006,10/20/2025 3:49:00,"$689,244.00"
13314,47007,10/23/2025 4:10:00,"$718,455.00"
13315,47012,10/23/2025 13:52:00,"$542,061.00"
13316,47014,10/30/2025 13:46:00,"$440,172.00"
13317,47015,11/3/2025 9:24:00,"$678,491.00"
13318,47016,10/23/2025 10:22:00,"$550,779.00"
13319,47017,10/28/2025 14:23:00,"$557,033.00"
13320,47026,10/27/2025 9:03:00,"$471,564.00"
13321,47035,10/21/2025 14:26:00,"$651,333.00"
13322,47038,10/26/2025 15:59:00,"$490,284.00"
13323,47041,10/25/2025 13:59:00,"$586,844.00"
13324,47044,10/26/2025 11:51:00,"$684,424.00"
13325,47046,10/22/2025 14:41:00,"$515,495.00"
13326,47048,10/25/2025 15:44:00,"$502,341.00"
13327,47049,10/21/2025 9:24:00,"$725,969.00"
13328,47050,10/19/2025 16:06:00,"$636,333.00"
13329,47058,10/22/2025 12:37:00,"$551,445.00"
13330,47059,10/29/2025 9:53:00,"$702,362.00"
13331,47066,10/27/2025 14:24:00,"$495,038.00"
13332,47069,10/27/2025 9:34:00,"$640,087.00"
13333,47074,10/26/2025 14:58:00,"$709,408.00"
13334,47075,10/22/2025 13:12:00,"$722,759.00"
13335,47076,10/22/2025 14:13:00,"$439,996.00"
13336,47077,10/30/2025 14:57:00,"$592,378.00"
13337,47088,10/31/2025 23:40:00,"$535,307.00"
13338,47090,10/30/2025 16:12:00,"$543,252.00"
13339,47094,11/1/2025 8:08:00,"$609,779.00"
13340,47098,11/1/2025 9:29:00,"$546,122.00"
13341,47102,10/26/2025 18:33:00,"$477,943.00"
13342,47106,10/27/2025 14:17:00,"$618,367.00"
13343,47112,10/22/2025 9:21:00,"$642,614.00"
13344,47114,10/29/2025 18:31:00,"$629,967.00"
13345,47125,10/30/2025 17:50:00,"$436,975.00"
13346,47126,10/28/2025 11:52:00,"$674,084.00"
13347,47127,10/28/2025 4:07:00,"$455,063.00"
13348,47128,10/26/2025 17:49:00,"$681,969.00"
13349,47131,10/25/2025 10:14:00,"$499,019.00"
13350,47132,10/23/2025 13:39:00,"$486,742.00"
13351,47134,10/24/2025 9:59:00,"$718,286.00"
13352,47138,10/20/2025 15:50:00,"$645,253.00"
13353,47139,10/23/2025 8:02:00,"$712,451.00"
13354,47140,11/4/2025 8:43:00,"$577,987.00"
13355,47143,10/29/2025 14:53:00,"$515,023.00"
13356,47145,10/26/2025 16:37:00,"$564,425.00"
13357,47147,10/28/2025 11:09:00,"$459,627.00"
13358,47148,10/25/2025 16:26:00,"$490,988.00"
13359,47152,10/20/2025 12:49:00,"$496,508.00"
13360,47154,10/26/2025 15:45:00,"$526,463.00"
13361,47157,10/27/2025 10:34:00,"$544,039.00"
13362,47159,11/3/2025 10:49:00,"$658,017.00"
13363,47161,10/22/2025 11:30:00,"$644,839.00"
13364,47164,11/4/2025 20:51:00,"$687,776.00"
13365,47170,10/22/2025 6:25:00,"$488,287.00"
13366,47173,10/21/2025 17:11:00,"$649,109.00"
13367,47178,10/23/2025 12:56:00,"$584,967.00"
13368,47185,10/27/2025 19:31:00,"$696,648.00"
13369,47205,10/20/2025 17:11:00,"$560,575.00"
13370,47210,10/24/2025 22:20:00,"$482,368.00"
13371,47213,10/23/2025 16:33:00,"$432,982.00"
13372,47218,10/29/2025 11:51:00,"$674,672.00"
13373,47223,10/27/2025 12:17:00,"$471,183.00"
13374,47224,10/27/2025 12:10:00,"$723,092.00"
13375,47229,10/22/2025 16:19:00,"$679,430.00"
13376,47235,10/30/2025 17:35:00,"$493,684.00"
13377,47239,10/28/2025 14:29:00,"$594,516.00"
13378,47243,10/26/2025 16:19:00,"$433,146.00"
13379,47246,10/30/2025 9:47:00,"$641,092.00"
13380,47247,10/22/2025 9:21:00,"$590,527.00"
13381,47254,10/30/2025 13:10:00,"$461,033.00"
13382,47255,10/31/2025 3:46:00,"$571,444.00"
13383,47256,10/23/2025 15:58:00,"$435,734.00"
13384,47258,11/2/2025 15:35:00,"$463,001.00"
13385,47264,10/22/2025 16:31:00,"$630,042.00"
13386,47268,10/26/2025 10:19:00,"$508,342.00"
13387,47273,10/23/2025 16:15:00,"$501,372.00"
13388,47276,10/27/2025 17:29:00,"$702,557.00"
13389,47290,10/29/2025 10:44:00,"$478,558.00"
13390,47291,10/23/2025 3:23:00,"$683,067.00"
13391,47297,10/27/2025 19:56:00,"$661,707.00"
13392,47307,10/23/2025 10:44:00,"$558,345.00"
13393,47311,11/3/2025 16:42:00,"$662,263.00"
13394,47312,10/27/2025 12:46:00,"$601,004.00"
13395,47314,10/26/2025 3:48:00,"$531,784.00"
13396,47316,10/29/2025 12:47:00,"$485,248.00"
13397,47319,10/23/2025 11:33:00,"$673,197.00"
13398,47320,10/27/2025 18:04:00,"$604,170.00"
13399,47324,10/30/2025 9:31:00,"$673,149.00"
13400,47330,11/1/2025 13:16:00,"$716,813.00"
13401,47333,10/26/2025 18:29:00,"$500,293.00"
13402,47340,10/23/2025 9:55:00,"$576,002.00"
13403,47342,11/5/2025 13:30:00,"$455,018.00"
13404,47344,10/29/2025 9:45:00,"$446,822.00"
13405,47345,10/23/2025 15:42:00,"$660,443.00"
13406,47348,10/25/2025 17:09:00,"$487,059.00"
13407,47353,10/23/2025 13:14:00,"$598,619.00"
13408,47357,10/30/2025 14:51:00,"$432,669.00"
13409,47361,10/22/2025 17:47:00,"$627,237.00"
13410,47362,10/29/2025 23:49:00,"$602,834.00"
13411,47364,10/26/2025 10:58:00,"$612,463.00"
13412,47368,11/1/2025 16:43:00,"$706,833.00"
13413,47369,11/1/2025 20:11:00,"$636,851.00"
13414,47370,11/2/2025 14:27:00,"$654,843.00"
13415,47374,10/23/2025 13:18:00,"$603,955.00"
13416,47378,10/25/2025 17:51:00,"$463,465.00"
13417,47379,10/25/2025 11:49:00,"$536,837.00"
13418,47380,10/29/2025 14:08:00,"$520,016.00"
13419,47384,10/26/2025 9:31:00,"$521,218.00"
13420,47385,10/29/2025 23:51:00,"$630,430.00"
13421,47387,10/27/2025 9:44:00,"$681,538.00"
13422,47389,10/27/2025 11:05:00,"$546,144.00"
13423,47390,10/29/2025 15:37:00,"$582,363.00"
13424,47391,10/25/2025 14:46:00,"$607,800.00"
13425,47393,11/1/2025 17:49:00,"$611,544.00"
13426,47398,11/6/2025 12:20:00,"$662,689.00"
13427,47403,10/28/2025 14:29:00,"$506,041.00"
13428,47419,10/29/2025 19:53:00,"$650,535.00"
13429,47420,10/28/2025 11:36:00,"$714,734.00"
13430,47421,10/22/2025 19:27:00,"$574,776.00"
13431,47430,10/23/2025 12:37:00,"$612,611.00"
13432,47431,10/26/2025 17:55:00,"$493,381.00"
13433,47432,10/23/2025 13:15:00,"$626,352.00"
13434,47435,10/26/2025 13:22:00,"$529,184.00"
13435,47436,10/30/2025 9:35:00,"$595,370.00"
13436,47437,10/29/2025 14:09:00,"$514,733.00"
13437,47439,10/27/2025 12:48:00,"$654,356.00"
13438,47448,11/4/2025 11:07:00,"$599,460.00"
13439,47449,10/22/2025 13:52:00,"$658,853.00"
13440,47454,10/27/2025 0:49:00,"$497,526.00"
13441,47457,10/31/2025 21:24:00,"$470,509.00"
13442,47461,10/30/2025 9:19:00,"$540,805.00"
13443,47464,10/26/2025 20:05:00,"$446,648.00"
13444,47467,10/30/2025 19:42:00,"$459,374.00"
13445,47469,10/25/2025 16:02:00,"$589,774.00"
13446,47471,10/27/2025 10:51:00,"$462,006.00"
13447,47474,10/26/2025 12:04:00,"$434,113.00"
13448,47479,10/29/2025 9:21:00,"$579,259.00"
13449,47482,11/3/2025 13:44:00,"$565,518.00"
13450,47489,10/25/2025 16:35:00,"$507,529.00"
13451,47490,11/4/2025 14:30:00,"$555,679.00"
13452,47495,10/26/2025 12:37:00,"$656,445.00"
13453,47499,10/27/2025 12:17:00,"$672,092.00"
13454,47506,10/28/2025 15:15:00,"$713,788.00"
13455,47513,10/28/2025 19:30:00,"$542,860.00"
13456,47519,10/28/2025 14:15:00,"$461,458.00"
13457,47520,10/23/2025 13:11:00,"$554,639.00"
13458,47528,10/28/2025 15:34:00,"$655,598.00"
13459,47530,10/23/2025 13:13:00,"$462,819.00"
13460,47532,10/26/2025 20:10:00,"$552,685.00"
13461,47541,10/24/2025 8:17:00,"$635,548.00"
13462,47547,10/31/2025 3:54:00,"$618,493.00"
13463,47553,10/27/2025 14:31:00,"$701,645.00"
13464,47554,10/25/2025 12:39:00,"$506,477.00"
13465,47559,11/2/2025 8:31:00,"$499,421.00"
13466,47561,10/23/2025 16:20:00,"$688,691.00"
13467,47563,10/30/2025 13:12:00,"$459,591.00"
13468,47567,10/26/2025 11:51:00,"$489,654.00"
13469,47568,10/23/2025 17:06:00,"$510,943.00"
13470,47571,10/25/2025 17:09:00,"$611,245.00"
13471,47572,10/30/2025 13:13:00,"$637,659.00"
13472,47574,11/2/2025 12:03:00,"$713,244.00"
13473,47579,11/2/2025 8:42:00,"$688,212.00"
13474,47586,10/26/2025 12:18:00,"$575,757.00"
13475,47588,11/1/2025 13:34:00,"$534,198.00"
13476,47590,10/27/2025 10:44:00,"$598,557.00"
13477,47594,11/3/2025 12:02:00,"$556,288.00"
13478,47595,10/25/2025 16:40:00,"$723,383.00"
13479,47596,10/30/2025 5:51:00,"$684,623.00"
13480,47599,10/25/2025 14:20:00,"$596,641.00"
13481,47600,11/2/2025 21:08:00,"$711,275.00"
13482,47606,11/3/2025 10:54:00,"$473,410.00"
13483,47608,11/3/2025 13:47:00,"$635,816.00"
13484,47611,10/26/2025 11:42:00,"$660,051.00"
13485,47613,10/23/2025 12:09:00,"$455,786.00"
13486,47614,10/30/2025 10:02:00,"$726,499.00"
13487,47618,10/27/2025 14:57:00,"$624,293.00"
13488,47631,10/26/2025 2:14:00,"$609,509.00"
13489,47636,10/30/2025 8:58:00,"$687,494.00"
13490,47637,11/6/2025 10:00:00,"$583,400.00"
13491,47638,10/30/2025 15:49:00,"$443,476.00"
13492,47641,10/29/2025 9:38:00,"$688,331.00"
13493,47643,10/26/2025 8:44:00,"$658,123.00"
13494,47644,10/26/2025 13:00:00,"$697,633.00"
13495,47650,10/25/2025 13:55:00,"$712,127.00"
13496,47651,10/25/2025 10:37:00,"$585,024.00"
13497,47656,10/30/2025 17:25:00,"$461,754.00"
13498,47657,10/25/2025 13:43:00,"$570,309.00"
13499,47658,10/27/2025 17:31:00,"$602,444.00"
13500,47659,10/30/2025 11:31:00,"$628,332.00"
13501,47674,10/27/2025 16:23:00,"$663,458.00"
13502,47675,10/30/2025 15:50:00,"$644,509.00"
13503,47676,10/27/2025 13:27:00,"$525,701.00"
13504,47677,10/27/2025 12:22:00,"$656,948.00"
13505,47681,11/5/2025 17:52:00,"$556,156.00"
13506,47683,10/29/2025 12:46:00,"$432,231.00"
13507,47684,10/27/2025 13:21:00,"$560,922.00"
13508,47688,11/1/2025 11:17:00,"$512,730.00"
13509,47689,10/30/2025 7:36:00,"$615,746.00"
13510,47695,11/6/2025 9:23:00,"$747,957.00"
13511,47697,10/30/2025 11:17:00,"$462,024.00"
13512,47700,10/25/2025 17:34:00,"$466,773.00"
13513,47701,10/28/2025 15:26:00,"$588,232.00"
13514,47703,10/26/2025 12:41:00,"$522,314.00"
13515,47705,11/2/2025 9:53:00,"$512,553.00"
13516,47706,11/1/2025 13:57:00,"$602,594.00"
13517,47707,10/28/2025 7:36:00,"$571,243.00"
13518,47714,10/28/2025 11:02:00,"$558,881.00"
13519,47717,10/30/2025 11:34:00,"$473,414.00"
13520,47726,10/27/2025 13:14:00,"$646,247.00"
13521,47727,11/3/2025 1:04:00,"$627,570.00"
13522,47729,11/3/2025 14:44:00,"$462,633.00"
13523,47732,11/2/2025 1:24:00,"$595,899.00"
13524,47736,11/4/2025 3:03:00,"$539,900.00"
13525,47741,10/27/2025 19:01:00,"$611,185.00"
13526,47743,11/3/2025 15:50:00,"$560,759.00"
13527,47744,10/27/2025 17:39:00,"$621,688.00"
13528,47748,10/30/2025 16:02:00,"$628,540.00"
13529,47750,11/3/2025 18:19:00,"$735,138.00"
13530,47751,11/1/2025 15:39:00,"$671,750.00"
13531,47753,10/26/2025 10:41:00,"$508,186.00"
13532,47754,11/2/2025 18:17:00,"$474,724.00"
13533,47756,10/25/2025 16:18:00,"$623,082.00"
13534,47757,11/1/2025 12:09:00,"$456,137.00"
13535,47765,10/29/2025 11:33:00,"$638,431.00"
13536,47767,10/25/2025 13:40:00,"$639,245.00"
13537,47771,11/6/2025 17:52:00,"$651,593.00"
13538,47778,11/1/2025 7:38:00,"$676,569.00"
13539,47781,11/3/2025 16:51:00,"$738,427.00"
13540,47786,10/27/2025 10:23:00,"$462,490.00"
13541,47792,11/2/2025 18:16:00,"$621,101.00"
13542,47795,10/29/2025 17:56:00,"$522,727.00"
13543,47798,10/30/2025 13:03:00,"$468,679.00"
13544,47800,10/25/2025 16:56:00,"$568,690.00"
13545,47802,10/28/2025 9:54:00,"$716,660.00"
13546,47803,10/28/2025 16:27:00,"$504,947.00"
13547,47804,10/26/2025 14:10:00,"$723,654.00"
13548,47810,11/1/2025 13:07:00,"$544,124.00"
13549,47811,10/28/2025 18:13:00,"$431,203.00"
13550,47813,10/30/2025 14:59:00,"$459,536.00"
13551,47819,10/28/2025 5:46:00,"$666,726.00"
13552,47823,10/29/2025 15:25:00,"$477,504.00"
13553,47830,11/2/2025 11:47:00,"$579,612.00"
13554,47832,11/3/2025 11:25:00,"$598,258.00"
13555,47833,10/29/2025 4:52:00,"$577,984.00"
13556,47835,10/30/2025 18:59:00,"$675,078.00"
13557,47838,10/27/2025 9:24:00,"$643,542.00"
13558,47839,11/3/2025 1:23:00,"$454,965.00"
13559,47843,10/27/2025 18:23:00,"$531,925.00"
13560,47845,10/30/2025 14:52:00,"$574,449.00"
13561,47846,10/30/2025 16:59:00,"$534,819.00"
13562,47847,10/29/2025 12:13:00,"$592,788.00"
13563,47851,10/25/2025 13:24:00,"$679,963.00"
13564,47857,10/30/2025 20:52:00,"$512,243.00"
13565,47858,11/2/2025 16:14:00,"$735,450.00"
13566,47859,10/28/2025 8:37:00,"$646,323.00"
13567,47860,10/29/2025 18:51:00,"$607,188.00"
13568,47868,11/2/2025 13:39:00,"$458,749.00"
13569,47870,10/27/2025 16:33:00,"$698,930.00"
13570,47873,10/28/2025 10:57:00,"$458,295.00"
13571,47878,10/28/2025 14:44:00,"$662,132.00"
13572,47879,10/30/2025 12:08:00,"$465,055.00"
13573,47881,11/6/2025 9:42:00,"$458,105.00"
13574,47887,11/3/2025 18:36:00,"$733,825.00"
13575,47889,11/2/2025 16:23:00,"$551,327.00"
13576,47890,11/2/2025 8:05:00,"$602,522.00"
13577,47893,11/3/2025 3:30:00,"$494,215.00"
13578,47895,10/26/2025 15:17:00,"$680,330.00"
13579,47899,11/6/2025 16:20:00,"$602,280.00"
13580,47904,11/1/2025 13:29:00,"$603,363.00"
13581,47907,10/29/2025 17:21:00,"$726,253.00"
13582,47908,10/29/2025 15:52:00,"$510,041.00"
13583,47911,10/31/2025 12:34:00,"$472,990.00"
13584,47919,11/1/2025 18:01:00,"$479,415.00"
13585,47923,11/2/2025 14:45:00,"$638,689.00"
13586,47930,11/1/2025 9:21:00,"$599,284.00"
13587,47931,10/29/2025 15:12:00,"$471,012.00"
13588,47942,11/6/2025 17:39:00,"$687,752.00"
13589,47945,10/28/2025 2:49:00,"$561,196.00"
13590,47947,11/4/2025 11:46:00,"$674,958.00"
13591,47952,10/28/2025 17:04:00,"$447,809.00"
13592,47953,11/3/2025 14:34:00,"$643,605.00"
13593,47954,10/30/2025 20:36:00,"$441,758.00"
13594,47955,11/1/2025 14:58:00,"$540,022.00"
13595,47961,10/28/2025 13:21:00,"$593,891.00"
13596,47964,10/27/2025 11:07:00,"$727,168.00"
13597,47965,11/5/2025 7:16:00,"$455,621.00"
13598,47966,10/26/2025 17:54:00,"$687,234.00"
13599,47968,10/31/2025 12:24:00,"$557,234.00"
13600,47972,10/30/2025 10:57:00,"$465,806.00"
13601,47978,11/1/2025 9:24:00,"$655,928.00"
13602,47979,10/29/2025 0:25:00,"$641,665.00"
13603,47983,11/1/2025 6:56:00,"$496,501.00"
13604,47986,10/27/2025 14:45:00,"$613,614.00"
13605,47997,10/29/2025 12:43:00,"$541,753.00"
13606,47998,10/27/2025 23:39:00,"$447,734.00"
13607,47999,10/30/2025 18:52:00,"$623,334.00"
13608,48003,10/28/2025 17:36:00,"$679,689.00"
13609,48009,10/30/2025 15:47:00,"$532,287.00"
13610,48013,11/4/2025 14:07:00,"$708,011.00"
13611,48015,11/9/2025 9:39:00,"$676,740.00"
13612,48017,11/2/2025 14:35:00,"$517,890.00"
13613,48018,10/29/2025 16:03:00,"$598,797.00"
13614,48019,11/6/2025 9:26:00,"$560,996.00"
13615,48025,11/8/2025 15:18:00,"$591,697.00"
13616,48027,10/30/2025 7:02:00,"$573,142.00"
13617,48029,10/30/2025 13:16:00,"$663,042.00"
13618,48031,11/3/2025 11:30:00,"$553,471.00"
13619,48033,11/1/2025 10:14:00,"$662,384.00"
13620,48034,11/4/2025 10:38:00,"$613,979.00"
13621,48036,10/25/2025 17:04:00,"$575,790.00"
13622,48042,11/3/2025 8:40:00,"$455,515.00"
13623,48043,10/26/2025 8:01:00,"$633,273.00"
13624,48044,10/28/2025 10:52:00,"$711,760.00"
13625,48046,11/3/2025 15:22:00,"$644,189.00"
13626,48048,10/30/2025 11:12:00,"$508,172.00"
13627,48050,10/30/2025 14:51:00,"$517,420.00"
13628,48051,10/29/2025 13:18:00,"$639,600.00"
13629,48057,10/27/2025 8:18:00,"$468,458.00"
13630,48070,11/2/2025 10:10:00,"$468,385.00"
13631,48071,10/30/2025 10:27:00,"$594,326.00"
13632,48073,11/2/2025 20:30:00,"$559,806.00"
13633,48085,11/8/2025 16:01:00,"$639,231.00"
13634,48090,10/30/2025 3:41:00,"$608,898.00"
13635,48095,11/3/2025 11:23:00,"$665,264.00"
13636,48096,10/27/2025 12:46:00,"$715,744.00"
13637,48099,11/2/2025 17:38:00,"$733,673.00"
13638,48100,11/4/2025 16:39:00,"$627,771.00"
13639,48112,10/29/2025 17:58:00,"$542,050.00"
13640,48119,11/7/2025 19:58:00,"$568,722.00"
13641,48120,11/6/2025 16:02:00,"$588,019.00"
13642,48122,10/30/2025 8:22:00,"$667,136.00"
13643,48124,11/1/2025 3:32:00,"$502,196.00"
13644,48126,10/27/2025 12:26:00,"$702,459.00"
13645,48128,11/2/2025 15:32:00,"$494,198.00"
13646,48131,11/1/2025 15:03:00,"$566,478.00"
13647,48133,11/2/2025 17:56:00,"$479,833.00"
13648,48137,11/5/2025 12:16:00,"$677,517.00"
13649,48141,10/27/2025 9:31:00,"$580,409.00"
13650,48143,11/4/2025 14:05:00,"$713,406.00"
13651,48144,11/1/2025 9:23:00,"$713,151.00"
13652,48146,11/4/2025 10:08:00,"$638,307.00"
13653,48149,11/1/2025 13:31:00,"$585,256.00"
13654,48150,11/10/2025 9:41:00,"$630,527.00"
13655,48152,10/29/2025 16:09:00,"$464,434.00"
13656,48153,10/29/2025 13:47:00,"$612,367.00"
13657,48155,10/29/2025 12:00:00,"$632,989.00"
13658,48158,11/2/2025 9:16:00,"$493,219.00"
13659,48163,10/29/2025 16:43:00,"$500,565.00"
13660,48164,11/3/2025 19:04:00,"$637,543.00"
13661,48169,11/2/2025 1:50:00,"$657,174.00"
13662,48170,11/1/2025 9:05:00,"$641,476.00"
13663,48172,11/2/2025 9:51:00,"$603,281.00"
13664,48177,11/5/2025 13:10:00,"$611,744.00"
13665,48178,10/30/2025 8:34:00,"$609,067.00"
13666,48179,10/30/2025 12:48:00,"$662,239.00"
13667,48180,11/1/2025 10:23:00,"$491,657.00"
13668,48184,11/1/2025 20:05:00,"$616,243.00"
13669,48189,11/4/2025 13:09:00,"$533,366.00"
13670,48191,10/30/2025 8:05:00,"$676,613.00"
13671,48192,11/2/2025 12:21:00,"$588,837.00"
13672,48211,11/3/2025 20:42:00,"$736,523.00"
13673,48213,10/30/2025 17:52:00,"$661,830.00"
13674,48214,10/29/2025 16:01:00,"$648,198.00"
13675,48216,11/2/2025 20:52:00,"$515,325.00"
13676,48229,10/29/2025 17:18:00,"$430,584.00"
13677,48239,10/28/2025 9:23:00,"$600,637.00"
13678,48240,11/5/2025 14:13:00,"$512,712.00"
13679,48243,10/28/2025 11:33:00,"$461,428.00"
13680,48245,11/6/2025 17:03:00,"$717,056.00"
13681,48247,11/2/2025 8:23:00,"$620,710.00"
13682,48248,10/29/2025 12:03:00,"$687,204.00"
13683,48249,11/2/2025 16:18:00,"$487,748.00"
13684,48258,10/31/2025 22:50:00,"$530,738.00"
13685,48259,11/6/2025 9:01:00,"$639,018.00"
13686,48261,11/1/2025 15:47:00,"$510,119.00"
13687,48262,10/28/2025 5:57:00,"$453,843.00"
13688,48266,11/1/2025 10:17:00,"$658,044.00"
13689,48267,10/29/2025 13:26:00,"$665,382.00"
13690,48268,11/5/2025 19:06:00,"$486,433.00"
13691,48273,11/5/2025 21:28:00,"$595,528.00"
13692,48275,11/5/2025 20:17:00,"$473,025.00"
13693,48280,11/6/2025 10:47:00,"$673,620.00"
13694,48283,11/9/2025 14:57:00,"$728,517.00"
13695,48287,11/2/2025 20:34:00,"$711,290.00"
13696,48289,10/29/2025 12:55:00,"$447,261.00"
13697,48291,11/2/2025 13:36:00,"$550,397.00"
13698,48304,11/1/2025 14:00:00,"$525,030.00"
13699,48306,10/30/2025 13:21:00,"$686,449.00"
13700,48308,11/2/2025 3:40:00,"$567,812.00"
13701,48312,11/2/2025 9:40:00,"$616,907.00"
13702,48314,11/4/2025 13:03:00,"$574,445.00"
13703,48321,10/28/2025 7:39:00,"$648,863.00"
13704,48322,10/28/2025 15:21:00,"$708,196.00"
13705,48324,11/6/2025 12:02:00,"$680,722.00"
13706,48325,10/27/2025 14:28:00,"$494,568.00"
13707,48340,11/3/2025 13:39:00,"$683,844.00"
13708,48341,11/4/2025 11:58:00,"$520,424.00"
13709,48349,10/29/2025 20:16:00,"$644,754.00"
13710,48352,10/29/2025 17:31:00,"$725,716.00"
13711,48355,11/1/2025 16:54:00,"$497,605.00"
13712,48361,11/3/2025 2:39:00,"$691,087.00"
13713,48364,10/28/2025 17:29:00,"$691,037.00"
13714,48369,11/1/2025 13:13:00,"$681,977.00"
13715,48375,11/6/2025 3:19:00,"$501,965.00"
13716,48377,11/5/2025 16:57:00,"$453,730.00"
13717,48381,10/30/2025 16:36:00,"$452,473.00"
13718,48382,11/5/2025 14:57:00,"$580,222.00"
13719,48387,11/1/2025 8:33:00,"$521,213.00"
13720,48399,11/2/2025 22:27:00,"$454,481.00"
13721,48400,11/5/2025 7:30:00,"$662,943.00"
13722,48402,11/10/2025 18:52:00,"$526,494.00"
13723,48403,10/28/2025 13:54:00,"$529,701.00"
13724,48405,11/9/2025 17:51:00,"$523,487.00"
13725,48408,11/1/2025 14:06:00,"$729,416.00"
13726,48410,11/8/2025 13:44:00,"$709,791.00"
13727,48412,10/28/2025 9:01:00,"$655,430.00"
13728,48417,11/3/2025 16:58:00,"$624,071.00"
13729,48421,11/1/2025 17:53:00,"$684,906.00"
13730,48426,11/9/2025 20:55:00,"$633,734.00"
13731,48434,11/9/2025 10:23:00,"$457,634.00"
13732,48438,11/2/2025 15:49:00,"$720,407.00"
13733,48450,10/29/2025 11:59:00,"$487,587.00"
13734,48453,10/28/2025 15:18:00,"$622,322.00"
13735,48459,11/8/2025 11:34:00,"$541,444.00"
13736,48463,11/3/2025 19:08:00,"$548,813.00"
13737,48464,10/29/2025 16:02:00,"$660,851.00"
13738,48465,10/30/2025 9:10:00,"$524,782.00"
13739,48466,11/5/2025 12:01:00,"$683,102.00"
13740,48468,11/14/2025 8:47:00,"$725,434.00"
13741,48475,10/30/2025 13:44:00,"$607,747.00"
13742,48481,11/3/2025 13:06:00,"$563,793.00"
13743,48484,10/29/2025 15:43:00,"$637,552.00"
13744,48487,10/29/2025 17:56:00,"$518,665.00"
13745,48488,11/5/2025 5:24:00,"$676,307.00"
13746,48491,11/5/2025 10:06:00,"$479,407.00"
13747,48492,10/28/2025 16:02:00,"$583,121.00"
13748,48496,11/10/2025 5:30:00,"$610,962.00"
13749,48497,10/29/2025 10:33:00,"$566,824.00"
13750,48503,10/28/2025 15:38:00,"$487,786.00"
13751,48506,11/9/2025 12:38:00,"$745,121.00"
13752,48509,11/5/2025 12:06:00,"$654,760.00"
13753,48511,11/1/2025 10:27:00,"$522,370.00"
13754,48514,11/6/2025 12:35:00,"$717,836.00"
13755,48515,11/9/2025 15:21:00,"$531,681.00"
13756,48525,11/2/2025 16:17:00,"$644,773.00"
13757,48529,11/1/2025 16:58:00,"$572,576.00"
13758,48534,11/11/2025 15:29:00,"$616,405.00"
13759,48546,10/31/2025 0:03:00,"$516,796.00"
13760,48548,11/4/2025 9:45:00,"$634,455.00"
13761,48549,11/1/2025 11:18:00,"$685,655.00"
13762,48554,11/1/2025 10:37:00,"$457,984.00"
13763,48559,11/2/2025 9:30:00,"$591,765.00"
13764,48561,11/10/2025 18:45:00,"$606,736.00"
13765,48562,10/30/2025 14:04:00,"$619,721.00"
13766,48563,11/3/2025 19:14:00,"$621,547.00"
13767,48567,11/7/2025 21:37:00,"$472,720.00"
13768,48573,11/10/2025 14:59:00,"$723,577.00"
13769,48574,11/5/2025 11:07:00,"$539,239.00"
13770,48579,11/8/2025 15:28:00,"$477,459.00"
13771,48588,10/30/2025 10:37:00,"$676,679.00"
13772,48590,11/5/2025 2:50:00,"$530,213.00"
13773,48591,11/1/2025 4:09:00,"$463,309.00"
13774,48593,11/5/2025 9:23:00,"$735,777.00"
13775,48599,11/3/2025 16:05:00,"$662,937.00"
13776,48601,11/2/2025 9:17:00,"$713,269.00"
13777,48606,11/2/2025 8:18:00,"$492,684.00"
13778,48609,10/30/2025 2:34:00,"$548,733.00"
13779,48612,11/5/2025 14:38:00,"$696,701.00"
13780,48616,11/9/2025 10:47:00,"$481,024.00"
13781,48621,11/2/2025 9:49:00,"$622,584.00"
13782,48623,11/2/2025 15:07:00,"$729,313.00"
13783,48624,11/2/2025 15:30:00,"$557,823.00"
13784,48627,11/3/2025 16:54:00,"$592,192.00"
13785,48629,11/1/2025 9:04:00,"$691,465.00"
13786,48630,11/1/2025 9:29:00,"$653,956.00"
13787,48631,11/2/2025 14:56:00,"$482,347.00"
13788,48649,11/5/2025 15:27:00,"$527,074.00"
13789,48651,11/1/2025 14:32:00,"$741,531.00"
13790,48652,11/12/2025 9:15:00,"$492,507.00"
13791,48655,11/1/2025 16:05:00,"$580,769.00"
13792,48658,11/8/2025 10:44:00,"$752,520.00"
13793,48663,10/31/2025 19:22:00,"$447,519.00"
13794,48669,10/29/2025 18:33:00,"$626,755.00"
13795,48675,11/3/2025 16:02:00,"$576,357.00"
13796,48676,11/4/2025 8:23:00,"$603,424.00"
13797,48678,11/3/2025 4:40:00,"$725,860.00"
13798,48683,11/10/2025 19:29:00,"$474,916.00"
13799,48686,11/1/2025 11:20:00,"$517,061.00"
13800,48691,10/29/2025 21:02:00,"$586,364.00"
13801,48698,11/14/2025 3:59:00,"$544,654.00"
13802,48705,11/8/2025 12:03:00,"$701,090.00"
13803,48713,11/3/2025 14:25:00,"$680,092.00"
13804,48714,11/2/2025 18:25:00,"$487,666.00"
13805,48715,11/6/2025 12:46:00,"$595,649.00"
13806,48717,11/2/2025 12:12:00,"$657,106.00"
13807,48725,11/8/2025 13:11:00,"$490,088.00"
13808,48727,11/12/2025 10:04:00,"$453,296.00"
13809,48728,10/30/2025 23:05:00,"$656,772.00"
13810,48729,11/9/2025 15:27:00,"$629,163.00"
13811,48735,11/2/2025 15:09:00,"$560,873.00"
13812,48741,11/6/2025 20:07:00,"$545,334.00"
13813,48742,11/3/2025 8:30:00,"$504,807.00"
13814,48744,11/1/2025 10:46:00,"$692,721.00"
13815,48747,11/2/2025 11:17:00,"$687,167.00"
13816,48753,11/2/2025 12:27:00,"$544,640.00"
13817,48756,11/8/2025 16:15:00,"$495,882.00"
13818,48760,11/3/2025 11:53:00,"$700,013.00"
13819,48762,11/9/2025 12:55:00,"$627,518.00"
13820,48764,11/6/2025 16:47:00,"$467,234.00"
13821,48765,11/9/2025 9:32:00,"$585,070.00"
13822,48767,11/3/2025 15:20:00,"$538,530.00"
13823,48769,11/10/2025 13:32:00,"$591,364.00"
13824,48778,11/2/2025 15:49:00,"$589,029.00"
13825,48781,11/1/2025 17:03:00,"$656,267.00"
13826,48784,11/2/2025 9:46:00,"$496,189.00"
13827,48786,11/4/2025 16:28:00,"$660,503.00"
13828,48789,11/12/2025 11:16:00,"$659,176.00"
13829,48791,11/3/2025 17:20:00,"$728,523.00"
13830,48793,11/4/2025 11:10:00,"$620,564.00"
13831,48795,11/6/2025 7:05:00,"$493,502.00"
13832,48800,11/5/2025 14:58:00,"$575,226.00"
13833,48802,11/1/2025 16:09:00,"$736,272.00"
13834,48817,11/3/2025 17:35:00,"$465,369.00"
13835,48819,11/3/2025 14:39:00,"$604,130.00"
13836,48828,11/3/2025 16:35:00,"$711,353.00"
13837,48835,11/4/2025 22:10:00,"$574,830.00"
13838,48836,11/1/2025 14:58:00,"$624,109.00"
13839,48846,11/5/2025 10:55:00,"$532,001.00"
13840,48847,10/30/2025 18:05:00,"$721,016.00"
13841,48848,11/3/2025 12:07:00,"$470,235.00"
13842,48850,11/1/2025 16:57:00,"$626,498.00"
13843,48851,11/6/2025 12:28:00,"$520,068.00"
13844,48853,11/5/2025 9:01:00,"$682,666.00"
13845,48858,11/3/2025 8:26:00,"$739,242.00"
13846,48859,11/3/2025 1:43:00,"$705,230.00"
13847,48861,11/6/2025 15:30:00,"$533,018.00"
13848,48870,11/6/2025 15:09:00,"$506,723.00"
13849,48871,11/4/2025 13:26:00,"$653,878.00"
13850,48872,11/3/2025 13:12:00,"$476,719.00"
13851,48873,11/8/2025 17:17:00,"$542,929.00"
13852,48880,11/4/2025 18:27:00,"$546,956.00"
13853,48881,11/4/2025 12:14:00,"$500,818.00"
13854,48883,11/5/2025 8:34:00,"$629,979.00"
13855,48889,11/6/2025 11:03:00,"$511,872.00"
13856,48895,11/11/2025 14:18:00,"$587,621.00"
13857,48901,11/3/2025 11:10:00,"$518,231.00"
13858,48905,11/10/2025 9:34:00,"$615,835.00"
13859,48906,11/9/2025 13:36:00,"$521,440.00"
13860,48908,11/4/2025 18:53:00,"$599,651.00"
13861,48913,11/5/2025 15:07:00,"$597,638.00"
13862,48914,11/7/2025 0:51:00,"$603,916.00"
13863,48917,11/2/2025 13:44:00,"$484,820.00"
13864,48920,11/8/2025 11:50:00,"$464,420.00"
13865,48921,11/2/2025 10:21:00,"$466,129.00"
13866,48923,11/8/2025 18:56:00,"$612,987.00"
13867,48926,11/7/2025 6:26:00,"$558,222.00"
13868,48928,11/10/2025 13:29:00,"$506,535.00"
13869,48939,11/3/2025 5:09:00,"$533,419.00"
13870,48940,11/1/2025 20:28:00,"$644,787.00"
13871,48941,11/2/2025 15:15:00,"$605,155.00"
13872,48945,11/1/2025 9:56:00,"$625,984.00"
13873,48953,11/4/2025 18:33:00,"$542,695.00"
13874,48955,11/8/2025 15:11:00,"$492,689.00"
13875,48956,11/13/2025 22:52:00,"$710,459.00"
13876,48957,11/5/2025 10:59:00,"$473,152.00"
13877,48965,11/13/2025 11:59:00,"$627,732.00"
13878,48966,11/9/2025 9:00:00,"$555,725.00"
13879,48967,11/6/2025 13:39:00,"$603,166.00"
13880,48972,11/5/2025 13:26:00,"$624,191.00"
13881,48975,11/4/2025 16:49:00,"$585,825.00"
13882,48976,11/2/2025 9:27:00,"$560,816.00"
13883,48979,11/11/2025 17:00:00,"$551,431.00"
13884,48981,11/4/2025 14:35:00,"$503,269.00"
13885,48984,11/11/2025 16:31:00,"$706,865.00"
13886,48985,11/11/2025 16:20:00,"$505,353.00"
13887,48988,11/4/2025 13:56:00,"$598,312.00"
13888,48993,11/4/2025 14:18:00,"$510,208.00"
13889,48994,11/9/2025 8:28:00,"$556,573.00"
13890,49001,11/9/2025 16:32:00,"$532,637.00"
13891,49004,11/6/2025 14:51:00,"$467,104.00"
13892,49019,11/4/2025 9:01:00,"$512,384.00"
13893,49025,11/4/2025 10:40:00,"$656,115.00"
13894,49034,11/2/2025 17:42:00,"$528,077.00"
13895,49036,11/1/2025 19:06:00,"$571,054.00"
13896,49038,11/6/2025 17:33:00,"$617,291.00"
13897,49040,11/2/2025 14:26:00,"$538,173.00"
13898,49042,11/6/2025 14:12:00,"$536,397.00"
13899,49043,11/8/2025 10:38:00,"$684,511.00"
13900,49046,11/6/2025 14:07:00,"$714,064.00"
13901,49047,11/4/2025 12:32:00,"$663,313.00"
13902,49052,11/4/2025 18:00:00,"$707,341.00"
13903,49053,11/5/2025 0:30:00,"$706,140.00"
13904,49055,11/4/2025 14:52:00,"$618,583.00"
13905,49059,11/1/2025 15:50:00,"$691,221.00"
13906,49060,11/8/2025 12:07:00,"$457,502.00"
13907,49064,11/9/2025 17:04:00,"$738,433.00"
13908,49067,11/6/2025 10:36:00,"$554,143.00"
13909,49072,11/5/2025 11:57:00,"$639,521.00"
13910,49080,11/5/2025 16:40:00,"$640,078.00"
13911,49082,11/3/2025 8:54:00,"$664,218.00"
13912,49087,11/1/2025 15:23:00,"$692,564.00"
13913,49088,11/9/2025 12:41:00,"$685,256.00"
13914,49090,11/4/2025 8:33:00,"$499,579.00"
13915,49096,11/6/2025 10:45:00,"$735,291.00"
13916,49097,11/4/2025 11:09:00,"$623,173.00"
13917,49098,11/15/2025 15:46:00,"$470,964.00"
13918,49099,11/1/2025 16:38:00,"$477,266.00"
13919,49104,11/17/2025 2:37:00,"$727,041.00"
13920,49110,11/3/2025 17:55:00,"$566,823.00"
13921,49112,11/9/2025 16:50:00,"$525,776.00"
13922,49119,11/15/2025 6:48:00,"$518,548.00"
13923,49121,11/3/2025 17:53:00,"$695,964.00"
13924,49124,11/6/2025 17:33:00,"$571,173.00"
13925,49129,11/6/2025 12:29:00,"$697,041.00"
13926,49130,11/10/2025 16:19:00,"$699,198.00"
13927,49132,11/9/2025 12:44:00,"$600,437.00"
13928,49133,11/3/2025 12:03:00,"$601,767.00"
13929,49137,11/9/2025 11:37:00,"$622,976.00"
13930,49143,11/16/2025 9:07:00,"$459,137.00"
13931,49151,11/6/2025 10:15:00,"$526,714.00"
13932,49154,11/12/2025 14:08:00,"$649,947.00"
13933,49155,11/9/2025 13:52:00,"$683,065.00"
13934,49158,11/7/2025 7:36:00,"$687,814.00"
13935,49160,11/15/2025 18:56:00,"$619,171.00"
13936,49161,11/2/2025 15:06:00,"$611,694.00"
13937,49163,11/11/2025 15:21:00,"$487,147.00"
13938,49167,11/5/2025 14:36:00,"$705,723.00"
13939,49169,11/4/2025 15:08:00,"$535,586.00"
13940,49172,11/5/2025 11:11:00,"$466,941.00"
13941,49173,11/5/2025 10:57:00,"$704,975.00"
13942,49175,11/8/2025 17:22:00,"$566,148.00"
13943,49187,11/11/2025 11:26:00,"$582,521.00"
13944,49190,11/6/2025 13:23:00,"$667,898.00"
13945,49193,11/2/2025 15:18:00,"$453,747.00"
13946,49194,11/12/2025 20:39:00,"$602,020.00"
13947,49198,11/12/2025 10:54:00,"$649,495.00"
13948,49205,11/4/2025 10:01:00,"$495,439.00"
13949,49209,11/5/2025 16:47:00,"$497,903.00"
13950,49210,11/12/2025 10:41:00,"$739,704.00"
13951,49213,11/9/2025 10:28:00,"$504,293.00"
13952,49214,11/6/2025 0:15:00,"$464,474.00"
13953,49216,11/6/2025 8:04:00,"$678,613.00"
13954,49218,11/8/2025 15:06:00,"$703,792.00"
13955,49222,11/8/2025 9:59:00,"$584,374.00"
13956,49223,11/8/2025 9:25:00,"$710,950.00"
13957,49226,11/8/2025 15:47:00,"$639,550.00"
13958,49228,11/2/2025 15:00:00,"$483,077.00"
13959,49229,11/3/2025 15:37:00,"$688,889.00"
13960,49235,11/6/2025 21:37:00,"$681,555.00"
13961,49236,11/3/2025 4:01:00,"$583,008.00"
13962,49237,11/6/2025 14:09:00,"$578,700.00"
13963,49241,11/15/2025 14:49:00,"$535,239.00"
13964,49242,11/3/2025 10:29:00,"$589,185.00"
13965,49243,11/8/2025 18:55:00,"$694,587.00"
13966,49244,11/16/2025 2:00:00,"$603,709.00"
13967,49248,11/7/2025 9:06:00,"$608,438.00"
13968,49250,11/2/2025 13:56:00,"$716,964.00"
13969,49251,11/4/2025 12:25:00,"$726,072.00"
13970,49254,11/6/2025 15:42:00,"$583,780.00"
13971,49255,11/6/2025 9:16:00,"$552,176.00"
13972,49264,11/12/2025 8:22:00,"$490,059.00"
13973,49268,11/8/2025 9:28:00,"$602,320.00"
13974,49274,11/5/2025 15:50:00,"$586,753.00"
13975,49277,11/3/2025 15:20:00,"$479,315.00"
13976,49280,11/5/2025 15:15:00,"$605,134.00"
13977,49282,11/12/2025 7:25:00,"$632,908.00"
13978,49286,11/9/2025 9:08:00,"$704,465.00"
13979,49288,11/9/2025 11:56:00,"$459,327.00"
13980,49296,11/10/2025 12:53:00,"$672,708.00"
13981,49300,11/11/2025 11:12:00,"$566,548.00"
13982,49307,11/16/2025 17:00:00,"$692,880.00"
13983,49310,11/9/2025 1:45:00,"$658,182.00"
13984,49313,11/15/2025 9:07:00,"$702,849.00"
13985,49314,11/3/2025 11:52:00,"$559,544.00"
13986,49315,11/3/2025 9:51:00,"$521,530.00"
13987,49318,11/11/2025 16:12:00,"$734,204.00"
13988,49319,11/8/2025 14:01:00,"$550,014.00"
13989,49320,11/6/2025 17:16:00,"$569,965.00"
13990,49324,11/8/2025 12:16:00,"$561,213.00"
13991,49325,11/4/2025 13:29:00,"$693,195.00"
13992,49333,11/10/2025 8:34:00,"$624,002.00"
13993,49335,11/9/2025 20:13:00,"$498,408.00"
13994,49336,11/8/2025 11:54:00,"$663,927.00"
13995,49339,11/5/2025 12:41:00,"$458,877.00"
13996,49340,11/5/2025 7:40:00,"$460,316.00"
13997,49341,11/13/2025 11:42:00,"$482,743.00"
13998,49342,11/15/2025 12:11:00,"$706,655.00"
13999,49345,11/8/2025 7:32:00,"$722,030.00"
14000,49346,11/5/2025 8:20:00,"$708,982.00"
14001,49348,11/15/2025 12:57:00,"$615,652.00"
14002,49357,11/4/2025 9:56:00,"$597,220.00"
14003,49361,11/13/2025 15:48:00,"$473,497.00"
14004,49363,11/9/2025 15:23:00,"$657,916.00"
14005,49364,11/15/2025 15:44:00,"$728,900.00"
14006,49367,11/9/2025 17:41:00,"$483,193.00"
14007,49368,11/6/2025 10:32:00,"$619,670.00"
14008,49376,11/10/2025 13:49:00,"$473,127.00"
14009,49378,11/16/2025 4:09:00,"$685,774.00"
14010,49380,11/9/2025 13:51:00,"$637,836.00"
14011,49387,11/11/2025 20:51:00,"$662,914.00"
14012,49389,11/10/2025 15:15:00,"$707,328.00"
14013,49396,11/6/2025 8:00:00,"$557,881.00"
14014,49400,11/10/2025 10:57:00,"$656,741.00"
14015,49404,11/12/2025 13:15:00,"$622,242.00"
14016,49407,11/3/2025 15:55:00,"$605,681.00"
14017,49414,11/12/2025 11:14:00,"$736,297.00"
14018,49420,11/15/2025 5:40:00,"$573,740.00"
14019,49441,11/10/2025 12:35:00,"$459,631.00"
14020,49443,11/7/2025 18:59:00,"$510,703.00"
14021,49446,11/4/2025 18:58:00,"$702,558.00"
14022,49447,11/10/2025 1:26:00,"$461,866.00"
14023,49450,11/6/2025 3:14:00,"$716,037.00"
14024,49451,11/5/2025 10:31:00,"$660,186.00"
14025,49452,11/9/2025 8:44:00,"$721,474.00"
14026,49455,11/11/2025 9:21:00,"$475,278.00"
14027,49464,11/10/2025 9:49:00,"$456,394.00"
14028,49467,11/8/2025 11:42:00,"$631,187.00"
14029,49471,11/6/2025 12:11:00,"$699,069.00"
14030,49476,11/16/2025 16:48:00,"$711,078.00"
14031,49479,11/13/2025 12:48:00,"$586,751.00"
14032,49481,11/4/2025 19:23:00,"$680,528.00"
14033,49484,11/10/2025 14:29:00,"$531,109.00"
14034,49486,11/10/2025 22:10:00,"$558,657.00"
14035,49492,11/13/2025 14:55:00,"$527,445.00"
14036,49494,11/5/2025 9:13:00,"$543,925.00"
14037,49495,11/13/2025 17:33:00,"$749,021.00"
14038,49496,11/9/2025 8:54:00,"$637,216.00"
14039,49498,11/4/2025 18:57:00,"$738,351.00"
14040,49499,11/6/2025 17:54:00,"$751,171.00"
14041,49502,11/9/2025 8:36:00,"$720,795.00"
14042,49504,11/8/2025 8:45:00,"$734,231.00"
14043,49507,11/12/2025 6:30:00,"$643,243.00"
14044,49511,11/5/2025 12:20:00,"$576,007.00"
14045,49512,11/6/2025 14:21:00,"$704,801.00"
14046,49513,11/10/2025 12:22:00,"$668,052.00"
14047,49518,11/15/2025 12:36:00,"$712,620.00"
14048,49520,11/11/2025 10:35:00,"$696,517.00"
14049,49521,11/5/2025 20:53:00,"$623,132.00"
14050,49523,11/12/2025 9:16:00,"$618,952.00"
14051,49531,11/15/2025 11:53:00,"$707,830.00"
14052,49532,11/10/2025 9:16:00,"$740,042.00"
14053,49535,11/5/2025 13:12:00,"$565,534.00"
14054,49536,11/8/2025 10:49:00,"$585,429.00"
14055,49537,11/13/2025 13:43:00,"$560,124.00"
14056,49538,11/12/2025 11:22:00,"$537,062.00"
14057,49553,11/10/2025 17:51:00,"$713,321.00"
14058,49559,11/16/2025 8:04:00,"$703,129.00"
14059,49570,11/10/2025 11:59:00,"$700,136.00"
14060,49578,11/5/2025 15:12:00,"$465,071.00"
14061,49579,11/15/2025 18:38:00,"$560,629.00"
14062,49580,11/6/2025 12:50:00,"$726,039.00"
14063,49585,11/13/2025 10:34:00,"$658,408.00"
14064,49591,11/12/2025 15:06:00,"$663,641.00"
14065,49596,11/11/2025 13:50:00,"$570,106.00"
14066,49597,11/8/2025 16:19:00,"$610,455.00"
14067,49599,11/5/2025 11:34:00,"$737,682.00"
14068,49601,11/9/2025 15:58:00,"$522,116.00"
14069,49613,11/11/2025 10:17:00,"$685,105.00"
14070,49614,11/5/2025 17:24:00,"$579,363.00"
14071,49619,11/8/2025 12:20:00,"$474,984.00"
14072,49621,11/16/2025 14:16:00,"$582,992.00"
14073,49623,11/16/2025 17:30:00,"$559,262.00"
14074,49629,11/15/2025 11:30:00,"$619,623.00"
14075,49631,11/9/2025 10:45:00,"$581,532.00"
14076,49633,11/10/2025 21:45:00,"$662,663.00"
14077,49634,11/8/2025 9:32:00,"$616,258.00"
14078,49640,11/5/2025 14:15:00,"$468,545.00"
14079,49646,11/6/2025 10:46:00,"$519,362.00"
14080,49647,11/10/2025 13:56:00,"$579,041.00"
14081,49649,11/8/2025 15:03:00,"$666,411.00"
14082,49650,11/11/2025 16:26:00,"$741,115.00"
14083,49655,11/8/2025 13:36:00,"$503,283.00"
14084,49659,11/9/2025 13:30:00,"$599,199.00"
14085,49660,11/17/2025 10:22:00,"$523,015.00"
14086,49661,11/15/2025 11:42:00,"$497,077.00"
14087,49662,11/16/2025 15:50:00,"$578,774.00"
14088,49663,11/5/2025 20:12:00,"$635,057.00"
14089,49667,11/9/2025 8:45:00,"$660,286.00"
14090,49669,11/11/2025 14:48:00,"$685,661.00"
14091,49673,11/8/2025 8:37:00,"$573,193.00"
14092,49674,11/19/2025 13:40:00,"$661,735.00"
14093,49677,11/9/2025 9:56:00,"$737,226.00"
14094,49678,11/9/2025 8:05:00,"$550,174.00"
14095,49680,11/8/2025 12:41:00,"$547,992.00"
14096,49684,11/9/2025 11:24:00,"$569,554.00"
14097,49685,11/10/2025 12:25:00,"$746,063.00"
14098,49688,11/11/2025 11:28:00,"$724,765.00"
14099,49695,11/6/2025 17:22:00,"$540,005.00"
14100,49697,11/11/2025 12:52:00,"$717,908.00"
14101,49707,11/8/2025 11:56:00,"$605,173.00"
14102,49708,11/13/2025 13:03:00,"$603,038.00"
14103,49709,11/10/2025 17:58:00,"$638,183.00"
14104,49710,11/10/2025 15:17:00,"$684,053.00"
14105,49712,11/13/2025 9:40:00,"$515,435.00"
14106,49713,11/15/2025 18:47:00,"$572,053.00"
14107,49716,11/6/2025 16:32:00,"$740,588.00"
14108,49721,11/8/2025 8:11:00,"$622,767.00"
14109,49730,11/5/2025 10:46:00,"$698,918.00"
14110,49733,11/15/2025 9:13:00,"$730,028.00"
14111,49737,11/18/2025 1:52:00,"$728,694.00"
14112,49742,11/9/2025 10:00:00,"$705,537.00"
14113,49743,11/15/2025 20:57:00,"$553,352.00"
14114,49754,11/15/2025 17:13:00,"$647,918.00"
14115,49758,11/12/2025 15:05:00,"$722,755.00"
14116,49760,11/17/2025 16:34:00,"$612,406.00"
14117,49768,11/9/2025 2:25:00,"$702,065.00"
14118,49773,11/10/2025 9:21:00,"$696,133.00"
14119,49781,11/13/2025 17:21:00,"$737,849.00"
14120,49782,11/13/2025 10:07:00,"$660,061.00"
14121,49783,11/13/2025 19:05:00,"$602,897.00"
14122,49796,11/13/2025 14:06:00,"$549,260.00"
14123,49797,11/10/2025 14:30:00,"$646,971.00"
14124,49798,11/11/2025 11:11:00,"$576,869.00"
14125,49803,11/12/2025 16:17:00,"$516,677.00"
14126,49810,11/12/2025 13:22:00,"$592,493.00"
14127,49813,11/6/2025 15:00:00,"$477,122.00"
14128,49818,11/15/2025 17:48:00,"$471,825.00"
14129,49825,11/13/2025 12:06:00,"$470,776.00"
14130,49826,11/17/2025 12:48:00,"$471,708.00"
14131,49827,11/10/2025 18:09:00,"$491,146.00"
14132,49830,11/9/2025 15:06:00,"$496,327.00"
14133,49836,11/8/2025 9:32:00,"$633,659.00"
14134,49846,11/16/2025 15:45:00,"$559,750.00"
14135,49849,11/19/2025 10:49:00,"$482,249.00"
14136,49853,11/17/2025 16:50:00,"$557,285.00"
14137,49856,11/16/2025 10:23:00,"$606,736.00"
14138,49859,11/10/2025 17:59:00,"$607,661.00"
14139,49860,11/9/2025 9:16:00,"$640,026.00"
14140,49863,11/13/2025 16:03:00,"$626,609.00"
14141,49864,11/11/2025 16:07:00,"$704,422.00"
14142,49867,11/6/2025 16:29:00,"$613,608.00"
14143,49869,11/17/2025 15:19:00,"$622,961.00"
14144,49870,11/15/2025 20:59:00,"$495,222.00"
14145,49872,11/13/2025 14:56:00,"$625,833.00"
14146,49873,11/15/2025 10:58:00,"$505,323.00"
14147,49878,11/6/2025 15:53:00,"$536,366.00"
14148,49879,11/10/2025 15:15:00,"$693,980.00"
14149,49881,11/10/2025 12:23:00,"$502,692.00"
14150,49884,11/10/2025 11:16:00,"$465,563.00"
14151,49885,11/10/2025 16:09:00,"$585,052.00"
14152,49891,11/15/2025 15:53:00,"$548,475.00"
14153,49897,11/11/2025 20:57:00,"$455,379.00"
14154,49900,11/12/2025 17:25:00,"$553,850.00"
14155,49912,11/20/2025 10:26:00,"$591,000.00"
14156,49922,11/10/2025 14:18:00,"$486,157.00"
14157,49924,11/15/2025 17:05:00,"$695,325.00"
14158,49926,11/11/2025 17:32:00,"$633,289.00"
14159,49929,11/10/2025 11:02:00,"$728,285.00"
14160,49931,11/13/2025 9:55:00,"$715,148.00"
14161,49933,11/9/2025 16:26:00,"$476,872.00"
14162,49935,11/16/2025 18:10:00,"$741,877.00"
14163,49943,11/20/2025 17:47:00,"$654,648.00"
14164,49949,11/10/2025 17:47:00,"$549,380.00"
14165,49952,11/23/2025 12:24:00,"$635,008.00"
14166,49958,11/8/2025 7:49:00,"$740,492.00"
14167,49959,11/22/2025 9:48:00,"$502,095.00"
14168,49960,11/11/2025 12:44:00,"$739,721.00"
14169,49969,11/8/2025 10:36:00,"$723,690.00"
14170,49974,11/6/2025 15:50:00,"$459,705.00"
14171,49984,11/19/2025 9:22:00,"$478,800.00"
14172,49989,11/20/2025 13:07:00,"$621,920.00"